[0m19:21:47.700081 [debug] [MainThread]: Sending event: {'category': 'dbt', 'action': 'invocation', 'label': 'start', 'context': [<snowplow_tracker.self_describing_json.SelfDescribingJson object at 0x000001E0BCCDB640>, <snowplow_tracker.self_describing_json.SelfDescribingJson object at 0x000001E0BF4BB5B0>, <snowplow_tracker.self_describing_json.SelfDescribingJson object at 0x000001E0BF4BB3D0>]}


============================== 19:21:47.709082 | 0df5d3c8-60b7-4676-bf95-7117f8c1bdf7 ==============================
[0m19:21:47.709082 [info ] [MainThread]: Running with dbt=1.12.3
[0m19:21:47.710079 [debug] [MainThread]: running dbt with arguments {'version_check': 'True', 'no_print': 'None', 'static_parser': 'True', 'warn_error_options': 'WarnErrorOptionsV2(error=[], warn=[], silence=[])', 'target_path': 'None', 'maximum_seed_size_mib': '1', 'printer_width': '80', 'write_json': 'True', 'empty': 'None', 'log_cache_events': 'False', 'introspect': 'True', 'cache_selected_only': 'False', 'log_format': 'default', 'debug': 'False', 'fail_fast': 'False', 'profiles_dir': 'C:\\Users\\eknmeeu\\.dbt', 'send_anonymous_usage_stats': 'True', 'quiet': 'False', 'warn_error': 'None', 'partial_parse': 'True', 'use_colors': 'True', 'hints_enabled': 'True', 'invocation_command': 'dbt debug', 'use_experimental_parser': 'False', 'indirect_selection': 'eager', 'log_path': 'C:\\Users\\eknmeeu\\Downloads\\Py_Neeraj\\DE_P\\dbt\\dbt_crypto\\logs'}
[0m19:21:47.759928 [info ] [MainThread]: dbt version: 1.12.3
[0m19:21:47.760926 [info ] [MainThread]: python version: 3.10.13
[0m19:21:47.761928 [info ] [MainThread]: python path: C:\PythonEnv\PythonSoftware\3.10.13\python.exe
[0m19:21:47.762925 [info ] [MainThread]: os info: Windows-10-10.0.26200-SP0
[0m19:21:47.852922 [info ] [MainThread]: Using profiles dir at C:\Users\eknmeeu\.dbt
[0m19:21:47.854839 [info ] [MainThread]: Using profiles.yml file at C:\Users\eknmeeu\.dbt\profiles.yml
[0m19:21:47.855841 [info ] [MainThread]: Using dbt_project.yml file at C:\Users\eknmeeu\Downloads\Py_Neeraj\DE_P\dbt\dbt_crypto\dbt_project.yml
[0m19:21:47.858837 [info ] [MainThread]: adapter type: postgres
[0m19:21:47.859836 [info ] [MainThread]: adapter version: 1.11.0
[0m19:21:47.984561 [info ] [MainThread]: Configuration:
[0m19:21:47.985561 [info ] [MainThread]:   profiles.yml file [[32mOK found and valid[0m]
[0m19:21:47.987562 [info ] [MainThread]:   dbt_project.yml file [[32mOK found and valid[0m]
[0m19:21:47.988567 [info ] [MainThread]: Required dependencies:
[0m19:21:47.990562 [debug] [MainThread]: Executing "git --help"
[0m19:21:48.003562 [info ] [MainThread]:  - git [[31mERROR[0m]

[0m19:21:48.004561 [info ] [MainThread]: Connection:
[0m19:21:48.005563 [info ] [MainThread]:   host: postgresql://neondb_owner:npg_JLTZK0t4OIgb@ep-rough-water-ayj5p7ft-pooler.c-5.us-east-2.aws.neon.tech/neondb?sslmode=require&channel_binding=require
[0m19:21:48.006563 [info ] [MainThread]:   port: 5432
[0m19:21:48.007563 [info ] [MainThread]:   user: neondb_owner
[0m19:21:48.009561 [info ] [MainThread]:   database: neondb
[0m19:21:48.010563 [info ] [MainThread]:   schema: analytics
[0m19:21:48.013581 [info ] [MainThread]:   connect_timeout: 10
[0m19:21:48.015579 [info ] [MainThread]:   role: None
[0m19:21:48.016572 [info ] [MainThread]:   search_path: None
[0m19:21:48.018580 [info ] [MainThread]:   keepalives_idle: 0
[0m19:21:48.020570 [info ] [MainThread]:   sslmode: None
[0m19:21:48.022572 [info ] [MainThread]:   sslcert: None
[0m19:21:48.023576 [info ] [MainThread]:   sslkey: None
[0m19:21:48.024572 [info ] [MainThread]:   sslrootcert: None
[0m19:21:48.026571 [info ] [MainThread]:   application_name: dbt
[0m19:21:48.027578 [info ] [MainThread]:   autocommit: False
[0m19:21:48.029758 [info ] [MainThread]:   retries: 1
[0m19:21:48.031757 [info ] [MainThread]: Registered adapter: postgres=1.11.0
[0m19:21:48.473228 [debug] [MainThread]: Acquiring new postgres connection 'debug'
[0m19:21:48.862062 [debug] [MainThread]: Using postgres connection "debug"
[0m19:21:48.862062 [debug] [MainThread]: On debug: select 1 as id
[0m19:21:48.863061 [debug] [MainThread]: Opening a new connection, currently in state init
[0m19:21:48.911750 [debug] [MainThread]: Postgres adapter: Got a retryable error when attempting to open a postgres connection.
1 attempts remaining. Retrying in 0 seconds.
Error:
could not translate host name "postgresql://neondb_owner:npg_JLTZK0t4OIgb@ep-rough-water-ayj5p7ft-pooler.c-5.us-east-2.aws.neon.tech/neondb?sslmode=require&channel_binding=require" to address: Non-recoverable failure in name resolution

[0m19:21:48.913737 [debug] [MainThread]: Postgres adapter: Error running SQL: select 1 as id
[0m19:21:48.914742 [debug] [MainThread]: Postgres adapter: Rolling back transaction.
[0m19:21:48.915743 [debug] [MainThread]: On debug: No close available on handle
[0m19:21:48.916743 [info ] [MainThread]:   Connection test: [[31mERROR[0m]

[0m19:21:48.917744 [info ] [MainThread]: [31m2 checks failed:[0m
[0m19:21:48.918742 [info ] [MainThread]: Error from git --help: Could not find command, ensure it is in the user's PATH and that the user has permissions to run it: "git"

[0m19:21:48.919744 [info ] [MainThread]: dbt was unable to connect to the specified database.
The database returned the following error:

  >Database Error
  could not translate host name "postgresql://neondb_owner:npg_JLTZK0t4OIgb@ep-rough-water-ayj5p7ft-pooler.c-5.us-east-2.aws.neon.tech/neondb?sslmode=require&channel_binding=require" to address: Non-recoverable failure in name resolution
  

Check your database credentials and try again. For more information, visit:
https://docs.getdbt.com/docs/configure-your-profile


[0m19:21:48.920745 [debug] [MainThread]: Command `dbt debug` failed at 19:21:48.920745 after 1.67 seconds
[0m19:21:48.921764 [debug] [MainThread]: Connection 'debug' was properly closed.
[0m19:21:48.922748 [debug] [MainThread]: Sending event: {'category': 'dbt', 'action': 'invocation', 'label': 'end', 'context': [<snowplow_tracker.self_describing_json.SelfDescribingJson object at 0x000001E0BCCDB640>, <snowplow_tracker.self_describing_json.SelfDescribingJson object at 0x000001E0BF5DE260>, <snowplow_tracker.self_describing_json.SelfDescribingJson object at 0x000001E0BF4111E0>]}
[0m19:21:48.923743 [debug] [MainThread]: Flushing usage events
[0m19:21:49.987643 [debug] [MainThread]: An error was encountered while trying to flush usage events
[0m19:24:14.487651 [debug] [MainThread]: Sending event: {'category': 'dbt', 'action': 'invocation', 'label': 'start', 'context': [<snowplow_tracker.self_describing_json.SelfDescribingJson object at 0x000001C52319B5E0>, <snowplow_tracker.self_describing_json.SelfDescribingJson object at 0x000001C525987520>, <snowplow_tracker.self_describing_json.SelfDescribingJson object at 0x000001C525987340>]}


============================== 19:24:14.494744 | ab6417bc-222c-4366-8d2d-7adafe53243d ==============================
[0m19:24:14.494744 [info ] [MainThread]: Running with dbt=1.12.3
[0m19:24:14.496746 [debug] [MainThread]: running dbt with arguments {'maximum_seed_size_mib': '1', 'no_print': 'None', 'version_check': 'True', 'warn_error_options': 'WarnErrorOptionsV2(error=[], warn=[], silence=[])', 'target_path': 'None', 'static_parser': 'True', 'printer_width': '80', 'write_json': 'True', 'introspect': 'True', 'log_cache_events': 'False', 'empty': 'None', 'cache_selected_only': 'False', 'log_format': 'default', 'debug': 'False', 'fail_fast': 'False', 'profiles_dir': 'C:\\Users\\eknmeeu\\.dbt', 'send_anonymous_usage_stats': 'True', 'quiet': 'False', 'warn_error': 'None', 'partial_parse': 'True', 'invocation_command': 'dbt debug', 'hints_enabled': 'True', 'indirect_selection': 'eager', 'use_experimental_parser': 'False', 'use_colors': 'True', 'log_path': 'C:\\Users\\eknmeeu\\Downloads\\Py_Neeraj\\DE_P\\dbt\\dbt_crypto\\logs'}
[0m19:24:14.542235 [info ] [MainThread]: dbt version: 1.12.3
[0m19:24:14.543232 [info ] [MainThread]: python version: 3.10.13
[0m19:24:14.544233 [info ] [MainThread]: python path: C:\PythonEnv\PythonSoftware\3.10.13\python.exe
[0m19:24:14.545234 [info ] [MainThread]: os info: Windows-10-10.0.26200-SP0
[0m19:24:14.643269 [info ] [MainThread]: Using profiles dir at C:\Users\eknmeeu\.dbt
[0m19:24:14.645214 [info ] [MainThread]: Using profiles.yml file at C:\Users\eknmeeu\.dbt\profiles.yml
[0m19:24:14.645214 [info ] [MainThread]: Using dbt_project.yml file at C:\Users\eknmeeu\Downloads\Py_Neeraj\DE_P\dbt\dbt_crypto\dbt_project.yml
[0m19:24:14.648208 [info ] [MainThread]: adapter type: postgres
[0m19:24:14.649175 [info ] [MainThread]: adapter version: 1.11.0
[0m19:24:14.780041 [info ] [MainThread]: Configuration:
[0m19:24:14.781077 [info ] [MainThread]:   profiles.yml file [[32mOK found and valid[0m]
[0m19:24:14.782043 [info ] [MainThread]:   dbt_project.yml file [[32mOK found and valid[0m]
[0m19:24:14.783042 [info ] [MainThread]: Required dependencies:
[0m19:24:14.784045 [debug] [MainThread]: Executing "git --help"
[0m19:24:14.796685 [info ] [MainThread]:  - git [[31mERROR[0m]

[0m19:24:14.797786 [info ] [MainThread]: Connection:
[0m19:24:14.798686 [info ] [MainThread]:   host: postgresql://neondb_owner:npg_JLTZK0t4OIgb@ep-rough-water-ayj5p7ft-pooler.c-5.us-east-2.aws.neon.tech/neondb?sslmode=require&channel_binding=require
[0m19:24:14.799686 [info ] [MainThread]:   port: 5432
[0m19:24:14.800689 [info ] [MainThread]:   user: neondb_owner
[0m19:24:14.800689 [info ] [MainThread]:   database: neondb
[0m19:24:14.801690 [info ] [MainThread]:   schema: analytics
[0m19:24:14.803779 [info ] [MainThread]:   connect_timeout: 10
[0m19:24:14.806787 [info ] [MainThread]:   role: None
[0m19:24:14.809169 [info ] [MainThread]:   search_path: None
[0m19:24:14.812163 [info ] [MainThread]:   keepalives_idle: 0
[0m19:24:14.814163 [info ] [MainThread]:   sslmode: None
[0m19:24:14.818160 [info ] [MainThread]:   sslcert: None
[0m19:24:14.830160 [info ] [MainThread]:   sslkey: None
[0m19:24:14.835163 [info ] [MainThread]:   sslrootcert: None
[0m19:24:14.844160 [info ] [MainThread]:   application_name: dbt
[0m19:24:14.849164 [info ] [MainThread]:   autocommit: False
[0m19:24:14.854161 [info ] [MainThread]:   retries: 1
[0m19:24:14.858160 [info ] [MainThread]: Registered adapter: postgres=1.11.0
[0m19:24:15.341322 [debug] [MainThread]: Acquiring new postgres connection 'debug'
[0m19:24:15.749445 [debug] [MainThread]: Using postgres connection "debug"
[0m19:24:15.749445 [debug] [MainThread]: On debug: select 1 as id
[0m19:24:15.750425 [debug] [MainThread]: Opening a new connection, currently in state init
[0m19:24:15.796532 [debug] [MainThread]: Postgres adapter: Got a retryable error when attempting to open a postgres connection.
1 attempts remaining. Retrying in 0 seconds.
Error:
could not translate host name "postgresql://neondb_owner:npg_JLTZK0t4OIgb@ep-rough-water-ayj5p7ft-pooler.c-5.us-east-2.aws.neon.tech/neondb?sslmode=require&channel_binding=require" to address: Non-recoverable failure in name resolution

[0m19:24:15.797437 [debug] [MainThread]: Postgres adapter: Error running SQL: select 1 as id
[0m19:24:15.799437 [debug] [MainThread]: Postgres adapter: Rolling back transaction.
[0m19:24:15.800436 [debug] [MainThread]: On debug: No close available on handle
[0m19:24:15.800436 [info ] [MainThread]:   Connection test: [[31mERROR[0m]

[0m19:24:15.801437 [info ] [MainThread]: [31m2 checks failed:[0m
[0m19:24:15.802435 [info ] [MainThread]: Error from git --help: Could not find command, ensure it is in the user's PATH and that the user has permissions to run it: "git"

[0m19:24:15.805438 [info ] [MainThread]: dbt was unable to connect to the specified database.
The database returned the following error:

  >Database Error
  could not translate host name "postgresql://neondb_owner:npg_JLTZK0t4OIgb@ep-rough-water-ayj5p7ft-pooler.c-5.us-east-2.aws.neon.tech/neondb?sslmode=require&channel_binding=require" to address: Non-recoverable failure in name resolution
  

Check your database credentials and try again. For more information, visit:
https://docs.getdbt.com/docs/configure-your-profile


[0m19:24:15.806438 [debug] [MainThread]: Command `dbt debug` failed at 19:24:15.806438 after 1.80 seconds
[0m19:24:15.808959 [debug] [MainThread]: Connection 'debug' was properly closed.
[0m19:24:15.809958 [debug] [MainThread]: Sending event: {'category': 'dbt', 'action': 'invocation', 'label': 'end', 'context': [<snowplow_tracker.self_describing_json.SelfDescribingJson object at 0x000001C52319B5E0>, <snowplow_tracker.self_describing_json.SelfDescribingJson object at 0x000001C525AACEB0>, <snowplow_tracker.self_describing_json.SelfDescribingJson object at 0x000001C524C9CCD0>]}
[0m19:24:15.809958 [debug] [MainThread]: Flushing usage events
[0m19:24:16.910959 [debug] [MainThread]: An error was encountered while trying to flush usage events
[0m19:25:23.475158 [debug] [MainThread]: Sending event: {'category': 'dbt', 'action': 'invocation', 'label': 'start', 'context': [<snowplow_tracker.self_describing_json.SelfDescribingJson object at 0x000001B9BA2EB610>, <snowplow_tracker.self_describing_json.SelfDescribingJson object at 0x000001B9BCAC7580>, <snowplow_tracker.self_describing_json.SelfDescribingJson object at 0x000001B9BCAC73A0>]}


============================== 19:25:23.481162 | dffdfe46-4fa4-4322-88e5-8da137781697 ==============================
[0m19:25:23.481162 [info ] [MainThread]: Running with dbt=1.12.3
[0m19:25:23.483160 [debug] [MainThread]: running dbt with arguments {'version_check': 'True', 'no_print': 'None', 'static_parser': 'True', 'warn_error_options': 'WarnErrorOptionsV2(error=[], warn=[], silence=[])', 'maximum_seed_size_mib': '1', 'target_path': 'None', 'printer_width': '80', 'write_json': 'True', 'introspect': 'True', 'log_cache_events': 'False', 'empty': 'None', 'cache_selected_only': 'False', 'fail_fast': 'False', 'debug': 'False', 'log_format': 'default', 'profiles_dir': 'C:\\Users\\eknmeeu\\.dbt', 'send_anonymous_usage_stats': 'True', 'quiet': 'False', 'warn_error': 'None', 'partial_parse': 'True', 'indirect_selection': 'eager', 'hints_enabled': 'True', 'use_colors': 'True', 'use_experimental_parser': 'False', 'invocation_command': 'dbt debug', 'log_path': 'C:\\Users\\eknmeeu\\Downloads\\Py_Neeraj\\DE_P\\dbt\\dbt_crypto\\logs'}
[0m19:25:23.519839 [info ] [MainThread]: dbt version: 1.12.3
[0m19:25:23.520837 [info ] [MainThread]: python version: 3.10.13
[0m19:25:23.521825 [info ] [MainThread]: python path: C:\PythonEnv\PythonSoftware\3.10.13\python.exe
[0m19:25:23.522823 [info ] [MainThread]: os info: Windows-10-10.0.26200-SP0
[0m19:25:23.604191 [info ] [MainThread]: Using profiles dir at C:\Users\eknmeeu\.dbt
[0m19:25:23.605192 [info ] [MainThread]: Using profiles.yml file at C:\Users\eknmeeu\.dbt\profiles.yml
[0m19:25:23.606187 [info ] [MainThread]: Using dbt_project.yml file at C:\Users\eknmeeu\Downloads\Py_Neeraj\DE_P\dbt\dbt_crypto\dbt_project.yml
[0m19:25:23.608193 [info ] [MainThread]: adapter type: postgres
[0m19:25:23.609193 [info ] [MainThread]: adapter version: 1.11.0
[0m19:25:23.728019 [info ] [MainThread]: Configuration:
[0m19:25:23.730019 [info ] [MainThread]:   profiles.yml file [[32mOK found and valid[0m]
[0m19:25:23.731000 [info ] [MainThread]:   dbt_project.yml file [[32mOK found and valid[0m]
[0m19:25:23.731953 [info ] [MainThread]: Required dependencies:
[0m19:25:23.732931 [debug] [MainThread]: Executing "git --help"
[0m19:25:23.745946 [info ] [MainThread]:  - git [[31mERROR[0m]

[0m19:25:23.748944 [info ] [MainThread]: Connection:
[0m19:25:23.752432 [info ] [MainThread]:   host: postgresql://neondb_owner:npg_JLTZK0t4OIgb@ep-rough-water-ayj5p7ft-pooler.c-5.us-east-2.aws.neon.tech/neondb?sslmode=require&channel_binding=require
[0m19:25:23.754432 [info ] [MainThread]:   port: 5432
[0m19:25:23.756432 [info ] [MainThread]:   user: neondb_owner
[0m19:25:23.758433 [info ] [MainThread]:   database: neondb
[0m19:25:23.760432 [info ] [MainThread]:   schema: analytics
[0m19:25:23.762432 [info ] [MainThread]:   connect_timeout: 10
[0m19:25:23.764432 [info ] [MainThread]:   role: None
[0m19:25:23.766433 [info ] [MainThread]:   search_path: None
[0m19:25:23.770159 [info ] [MainThread]:   keepalives_idle: 0
[0m19:25:23.772159 [info ] [MainThread]:   sslmode: None
[0m19:25:23.775167 [info ] [MainThread]:   sslcert: None
[0m19:25:23.778168 [info ] [MainThread]:   sslkey: None
[0m19:25:23.783168 [info ] [MainThread]:   sslrootcert: None
[0m19:25:23.787169 [info ] [MainThread]:   application_name: dbt
[0m19:25:23.789684 [info ] [MainThread]:   autocommit: False
[0m19:25:23.790695 [info ] [MainThread]:   retries: 1
[0m19:25:23.792735 [info ] [MainThread]: Registered adapter: postgres=1.11.0
[0m19:25:24.221350 [debug] [MainThread]: Acquiring new postgres connection 'debug'
[0m19:25:24.578859 [debug] [MainThread]: Using postgres connection "debug"
[0m19:25:24.579859 [debug] [MainThread]: On debug: select 1 as id
[0m19:25:24.580859 [debug] [MainThread]: Opening a new connection, currently in state init
[0m19:25:24.626704 [debug] [MainThread]: Postgres adapter: Got a retryable error when attempting to open a postgres connection.
1 attempts remaining. Retrying in 0 seconds.
Error:
could not translate host name "postgresql://neondb_owner:npg_JLTZK0t4OIgb@ep-rough-water-ayj5p7ft-pooler.c-5.us-east-2.aws.neon.tech/neondb?sslmode=require&channel_binding=require" to address: Non-recoverable failure in name resolution

[0m19:25:24.628655 [debug] [MainThread]: Postgres adapter: Error running SQL: select 1 as id
[0m19:25:24.629653 [debug] [MainThread]: Postgres adapter: Rolling back transaction.
[0m19:25:24.630653 [debug] [MainThread]: On debug: No close available on handle
[0m19:25:24.631657 [info ] [MainThread]:   Connection test: [[31mERROR[0m]

[0m19:25:24.632655 [info ] [MainThread]: [31m2 checks failed:[0m
[0m19:25:24.633698 [info ] [MainThread]: Error from git --help: Could not find command, ensure it is in the user's PATH and that the user has permissions to run it: "git"

[0m19:25:24.635444 [info ] [MainThread]: dbt was unable to connect to the specified database.
The database returned the following error:

  >Database Error
  could not translate host name "postgresql://neondb_owner:npg_JLTZK0t4OIgb@ep-rough-water-ayj5p7ft-pooler.c-5.us-east-2.aws.neon.tech/neondb?sslmode=require&channel_binding=require" to address: Non-recoverable failure in name resolution
  

Check your database credentials and try again. For more information, visit:
https://docs.getdbt.com/docs/configure-your-profile


[0m19:25:24.636448 [debug] [MainThread]: Command `dbt debug` failed at 19:25:24.636448 after 1.59 seconds
[0m19:25:24.637475 [debug] [MainThread]: Connection 'debug' was properly closed.
[0m19:25:24.638552 [debug] [MainThread]: Sending event: {'category': 'dbt', 'action': 'invocation', 'label': 'end', 'context': [<snowplow_tracker.self_describing_json.SelfDescribingJson object at 0x000001B9BA2EB610>, <snowplow_tracker.self_describing_json.SelfDescribingJson object at 0x000001B9BCBEF1F0>, <snowplow_tracker.self_describing_json.SelfDescribingJson object at 0x000001B9BC9FD750>]}
[0m19:25:24.639535 [debug] [MainThread]: Flushing usage events
[0m19:25:25.718595 [debug] [MainThread]: An error was encountered while trying to flush usage events
[0m19:27:14.511543 [debug] [MainThread]: Sending event: {'category': 'dbt', 'action': 'invocation', 'label': 'start', 'context': [<snowplow_tracker.self_describing_json.SelfDescribingJson object at 0x000002D36966B640>, <snowplow_tracker.self_describing_json.SelfDescribingJson object at 0x000002D36AE775B0>, <snowplow_tracker.self_describing_json.SelfDescribingJson object at 0x000002D36AE773D0>]}


============================== 19:27:14.518744 | 726f19fd-36d9-4995-935c-3749a6419cea ==============================
[0m19:27:14.518744 [info ] [MainThread]: Running with dbt=1.12.3
[0m19:27:14.520741 [debug] [MainThread]: running dbt with arguments {'static_parser': 'True', 'no_print': 'None', 'version_check': 'True', 'target_path': 'None', 'maximum_seed_size_mib': '1', 'warn_error_options': 'WarnErrorOptionsV2(error=[], warn=[], silence=[])', 'printer_width': '80', 'write_json': 'True', 'introspect': 'True', 'log_cache_events': 'False', 'empty': 'None', 'cache_selected_only': 'False', 'log_format': 'default', 'debug': 'False', 'fail_fast': 'False', 'profiles_dir': 'C:\\Users\\eknmeeu\\.dbt', 'send_anonymous_usage_stats': 'True', 'quiet': 'False', 'warn_error': 'None', 'partial_parse': 'True', 'indirect_selection': 'eager', 'hints_enabled': 'True', 'use_colors': 'True', 'use_experimental_parser': 'False', 'invocation_command': 'dbt debug', 'log_path': 'C:\\Users\\eknmeeu\\Downloads\\Py_Neeraj\\DE_P\\dbt\\dbt_crypto\\logs'}
[0m19:27:14.557629 [info ] [MainThread]: dbt version: 1.12.3
[0m19:27:14.558627 [info ] [MainThread]: python version: 3.10.13
[0m19:27:14.559633 [info ] [MainThread]: python path: C:\PythonEnv\PythonSoftware\3.10.13\python.exe
[0m19:27:14.560608 [info ] [MainThread]: os info: Windows-10-10.0.26200-SP0
[0m19:27:14.718229 [info ] [MainThread]: Using profiles dir at C:\Users\eknmeeu\.dbt
[0m19:27:14.720230 [info ] [MainThread]: Using profiles.yml file at C:\Users\eknmeeu\.dbt\profiles.yml
[0m19:27:14.722227 [info ] [MainThread]: Using dbt_project.yml file at C:\Users\eknmeeu\Downloads\Py_Neeraj\DE_P\dbt\dbt_crypto\dbt_project.yml
[0m19:27:14.726245 [info ] [MainThread]: adapter type: postgres
[0m19:27:14.728228 [info ] [MainThread]: adapter version: 1.11.0
[0m19:27:14.979510 [info ] [MainThread]: Configuration:
[0m19:27:14.981675 [info ] [MainThread]:   profiles.yml file [[32mOK found and valid[0m]
[0m19:27:14.983678 [info ] [MainThread]:   dbt_project.yml file [[32mOK found and valid[0m]
[0m19:27:14.984270 [info ] [MainThread]: Required dependencies:
[0m19:27:14.985279 [debug] [MainThread]: Executing "git --help"
[0m19:27:14.996870 [info ] [MainThread]:  - git [[31mERROR[0m]

[0m19:27:14.998851 [info ] [MainThread]: Connection:
[0m19:27:14.999846 [info ] [MainThread]:   host: postgresql://neondb_owner:npg_JLTZK0t4OIgb@ep-rough-water-ayj5p7ft-pooler.c-5.us-east-2.aws.neon.tech/neondb?sslmode=require&channel_binding=require
[0m19:27:15.001850 [info ] [MainThread]:   port: 5432
[0m19:27:15.002856 [info ] [MainThread]:   user: neondb_owner
[0m19:27:15.003850 [info ] [MainThread]:   database: neondb
[0m19:27:15.004848 [info ] [MainThread]:   schema: analytics
[0m19:27:15.005885 [info ] [MainThread]:   connect_timeout: 10
[0m19:27:15.006846 [info ] [MainThread]:   role: None
[0m19:27:15.007847 [info ] [MainThread]:   search_path: None
[0m19:27:15.008846 [info ] [MainThread]:   keepalives_idle: 0
[0m19:27:15.008846 [info ] [MainThread]:   sslmode: None
[0m19:27:15.010848 [info ] [MainThread]:   sslcert: None
[0m19:27:15.011847 [info ] [MainThread]:   sslkey: None
[0m19:27:15.012849 [info ] [MainThread]:   sslrootcert: None
[0m19:27:15.012849 [info ] [MainThread]:   application_name: dbt
[0m19:27:15.014880 [info ] [MainThread]:   autocommit: False
[0m19:27:15.016849 [info ] [MainThread]:   retries: 1
[0m19:27:15.018851 [info ] [MainThread]: Registered adapter: postgres=1.11.0
[0m19:27:15.448871 [debug] [MainThread]: Acquiring new postgres connection 'debug'
[0m19:27:15.828146 [debug] [MainThread]: Using postgres connection "debug"
[0m19:27:15.828146 [debug] [MainThread]: On debug: select 1 as id
[0m19:27:15.829141 [debug] [MainThread]: Opening a new connection, currently in state init
[0m19:27:15.876852 [debug] [MainThread]: Postgres adapter: Got a retryable error when attempting to open a postgres connection.
1 attempts remaining. Retrying in 0 seconds.
Error:
could not translate host name "postgresql://neondb_owner:npg_JLTZK0t4OIgb@ep-rough-water-ayj5p7ft-pooler.c-5.us-east-2.aws.neon.tech/neondb?sslmode=require&channel_binding=require" to address: Non-recoverable failure in name resolution

[0m19:27:15.877853 [debug] [MainThread]: Postgres adapter: Error running SQL: select 1 as id
[0m19:27:15.879855 [debug] [MainThread]: Postgres adapter: Rolling back transaction.
[0m19:27:15.880856 [debug] [MainThread]: On debug: No close available on handle
[0m19:27:15.882855 [info ] [MainThread]:   Connection test: [[31mERROR[0m]

[0m19:27:15.883859 [info ] [MainThread]: [31m2 checks failed:[0m
[0m19:27:15.884856 [info ] [MainThread]: Error from git --help: Could not find command, ensure it is in the user's PATH and that the user has permissions to run it: "git"

[0m19:27:15.885857 [info ] [MainThread]: dbt was unable to connect to the specified database.
The database returned the following error:

  >Database Error
  could not translate host name "postgresql://neondb_owner:npg_JLTZK0t4OIgb@ep-rough-water-ayj5p7ft-pooler.c-5.us-east-2.aws.neon.tech/neondb?sslmode=require&channel_binding=require" to address: Non-recoverable failure in name resolution
  

Check your database credentials and try again. For more information, visit:
https://docs.getdbt.com/docs/configure-your-profile


[0m19:27:15.887883 [debug] [MainThread]: Command `dbt debug` failed at 19:27:15.887883 after 1.84 seconds
[0m19:27:15.888853 [debug] [MainThread]: Connection 'debug' was properly closed.
[0m19:27:15.888853 [debug] [MainThread]: Sending event: {'category': 'dbt', 'action': 'invocation', 'label': 'end', 'context': [<snowplow_tracker.self_describing_json.SelfDescribingJson object at 0x000002D36966B640>, <snowplow_tracker.self_describing_json.SelfDescribingJson object at 0x000002D36AF9E260>, <snowplow_tracker.self_describing_json.SelfDescribingJson object at 0x000002D36ADD11E0>]}
[0m19:27:15.890362 [debug] [MainThread]: Flushing usage events
[0m19:27:16.894010 [debug] [MainThread]: An error was encountered while trying to flush usage events
[0m19:31:14.938740 [debug] [MainThread]: Sending event: {'category': 'dbt', 'action': 'invocation', 'label': 'start', 'context': [<snowplow_tracker.self_describing_json.SelfDescribingJson object at 0x000001E0F884B640>, <snowplow_tracker.self_describing_json.SelfDescribingJson object at 0x000001E0FA0675B0>, <snowplow_tracker.self_describing_json.SelfDescribingJson object at 0x000001E0FA0673D0>]}


============================== 19:31:14.944938 | 0f41f332-30a3-43b6-a4b1-bc196484db67 ==============================
[0m19:31:14.944938 [info ] [MainThread]: Running with dbt=1.12.3
[0m19:31:14.945857 [debug] [MainThread]: running dbt with arguments {'static_parser': 'True', 'no_print': 'None', 'version_check': 'True', 'target_path': 'None', 'warn_error_options': 'WarnErrorOptionsV2(error=[], warn=[], silence=[])', 'maximum_seed_size_mib': '1', 'printer_width': '80', 'write_json': 'True', 'empty': 'None', 'log_cache_events': 'False', 'introspect': 'True', 'cache_selected_only': 'False', 'log_format': 'default', 'debug': 'False', 'fail_fast': 'False', 'partial_parse': 'True', 'send_anonymous_usage_stats': 'True', 'quiet': 'False', 'warn_error': 'None', 'profiles_dir': 'C:\\Users\\eknmeeu\\.dbt', 'use_colors': 'True', 'hints_enabled': 'True', 'invocation_command': 'dbt debug', 'use_experimental_parser': 'False', 'indirect_selection': 'eager', 'log_path': 'C:\\Users\\eknmeeu\\Downloads\\Py_Neeraj\\DE_P\\dbt\\dbt_crypto\\logs'}
[0m19:31:14.983608 [info ] [MainThread]: dbt version: 1.12.3
[0m19:31:14.984523 [info ] [MainThread]: python version: 3.10.13
[0m19:31:14.985525 [info ] [MainThread]: python path: C:\PythonEnv\PythonSoftware\3.10.13\python.exe
[0m19:31:14.986524 [info ] [MainThread]: os info: Windows-10-10.0.26200-SP0
[0m19:31:15.073873 [info ] [MainThread]: Using profiles dir at C:\Users\eknmeeu\.dbt
[0m19:31:15.074874 [info ] [MainThread]: Using profiles.yml file at C:\Users\eknmeeu\.dbt\profiles.yml
[0m19:31:15.075872 [info ] [MainThread]: Using dbt_project.yml file at C:\Users\eknmeeu\Downloads\Py_Neeraj\DE_P\dbt\dbt_crypto\dbt_project.yml
[0m19:31:15.077871 [info ] [MainThread]: adapter type: postgres
[0m19:31:15.078871 [info ] [MainThread]: adapter version: 1.11.0
[0m19:31:15.196386 [info ] [MainThread]: Configuration:
[0m19:31:15.197325 [info ] [MainThread]:   profiles.yml file [[32mOK found and valid[0m]
[0m19:31:15.198291 [info ] [MainThread]:   dbt_project.yml file [[32mOK found and valid[0m]
[0m19:31:15.199299 [info ] [MainThread]: Required dependencies:
[0m19:31:15.200330 [debug] [MainThread]: Executing "git --help"
[0m19:31:15.212551 [info ] [MainThread]:  - git [[31mERROR[0m]

[0m19:31:15.215193 [info ] [MainThread]: Connection:
[0m19:31:15.216155 [info ] [MainThread]:   host: postgresql://neondb_owner:npg_JLTZK0t4OIgb@ep-rough-water-ayj5p7ft-pooler.c-5.us-east-2.aws.neon.tech/neondb?sslmode=require&channel_binding=require
[0m19:31:15.217160 [info ] [MainThread]:   port: 5432
[0m19:31:15.218155 [info ] [MainThread]:   user: neondb_owner
[0m19:31:15.219235 [info ] [MainThread]:   database: neondb
[0m19:31:15.219235 [info ] [MainThread]:   schema: analytics
[0m19:31:15.220173 [info ] [MainThread]:   connect_timeout: 10
[0m19:31:15.222156 [info ] [MainThread]:   role: None
[0m19:31:15.223155 [info ] [MainThread]:   search_path: None
[0m19:31:15.224156 [info ] [MainThread]:   keepalives_idle: 0
[0m19:31:15.226157 [info ] [MainThread]:   sslmode: None
[0m19:31:15.227156 [info ] [MainThread]:   sslcert: None
[0m19:31:15.230162 [info ] [MainThread]:   sslkey: None
[0m19:31:15.231154 [info ] [MainThread]:   sslrootcert: None
[0m19:31:15.232156 [info ] [MainThread]:   application_name: dbt
[0m19:31:15.233168 [info ] [MainThread]:   autocommit: False
[0m19:31:15.234162 [info ] [MainThread]:   retries: 1
[0m19:31:15.235162 [info ] [MainThread]: Registered adapter: postgres=1.11.0
[0m19:31:15.638526 [debug] [MainThread]: Acquiring new postgres connection 'debug'
[0m19:31:15.999839 [debug] [MainThread]: Using postgres connection "debug"
[0m19:31:16.000846 [debug] [MainThread]: On debug: select 1 as id
[0m19:31:16.000846 [debug] [MainThread]: Opening a new connection, currently in state init
[0m19:31:16.041223 [debug] [MainThread]: Postgres adapter: Got a retryable error when attempting to open a postgres connection.
1 attempts remaining. Retrying in 0 seconds.
Error:
could not translate host name "postgresql://neondb_owner:npg_JLTZK0t4OIgb@ep-rough-water-ayj5p7ft-pooler.c-5.us-east-2.aws.neon.tech/neondb?sslmode=require&channel_binding=require" to address: Non-recoverable failure in name resolution

[0m19:31:16.043290 [debug] [MainThread]: Postgres adapter: Error running SQL: select 1 as id
[0m19:31:16.044286 [debug] [MainThread]: Postgres adapter: Rolling back transaction.
[0m19:31:16.045290 [debug] [MainThread]: On debug: No close available on handle
[0m19:31:16.046286 [info ] [MainThread]:   Connection test: [[31mERROR[0m]

[0m19:31:16.047271 [info ] [MainThread]: [31m2 checks failed:[0m
[0m19:31:16.048271 [info ] [MainThread]: Error from git --help: Could not find command, ensure it is in the user's PATH and that the user has permissions to run it: "git"

[0m19:31:16.049274 [info ] [MainThread]: dbt was unable to connect to the specified database.
The database returned the following error:

  >Database Error
  could not translate host name "postgresql://neondb_owner:npg_JLTZK0t4OIgb@ep-rough-water-ayj5p7ft-pooler.c-5.us-east-2.aws.neon.tech/neondb?sslmode=require&channel_binding=require" to address: Non-recoverable failure in name resolution
  

Check your database credentials and try again. For more information, visit:
https://docs.getdbt.com/docs/configure-your-profile


[0m19:31:16.051290 [debug] [MainThread]: Command `dbt debug` failed at 19:31:16.051290 after 1.57 seconds
[0m19:31:16.052270 [debug] [MainThread]: Connection 'debug' was properly closed.
[0m19:31:16.053272 [debug] [MainThread]: Sending event: {'category': 'dbt', 'action': 'invocation', 'label': 'end', 'context': [<snowplow_tracker.self_describing_json.SelfDescribingJson object at 0x000001E0F884B640>, <snowplow_tracker.self_describing_json.SelfDescribingJson object at 0x000001E0FA18E260>, <snowplow_tracker.self_describing_json.SelfDescribingJson object at 0x000001E0F9FC11E0>]}
[0m19:31:16.053272 [debug] [MainThread]: Flushing usage events
[0m19:31:17.128929 [debug] [MainThread]: An error was encountered while trying to flush usage events
[0m19:33:20.282669 [debug] [MainThread]: Sending event: {'category': 'dbt', 'action': 'invocation', 'label': 'start', 'context': [<snowplow_tracker.self_describing_json.SelfDescribingJson object at 0x000001628641B640>, <snowplow_tracker.self_describing_json.SelfDescribingJson object at 0x0000016287C27580>, <snowplow_tracker.self_describing_json.SelfDescribingJson object at 0x0000016287C273D0>]}


============================== 19:33:20.292671 | 82f84556-b413-4a03-a922-ca01950ed4cf ==============================
[0m19:33:20.292671 [info ] [MainThread]: Running with dbt=1.12.3
[0m19:33:20.294671 [debug] [MainThread]: running dbt with arguments {'static_parser': 'True', 'no_print': 'None', 'version_check': 'True', 'warn_error_options': 'WarnErrorOptionsV2(error=[], warn=[], silence=[])', 'target_path': 'None', 'maximum_seed_size_mib': '1', 'printer_width': '80', 'write_json': 'True', 'empty': 'None', 'log_cache_events': 'False', 'introspect': 'True', 'cache_selected_only': 'False', 'fail_fast': 'False', 'debug': 'False', 'log_format': 'default', 'partial_parse': 'True', 'send_anonymous_usage_stats': 'True', 'quiet': 'False', 'warn_error': 'None', 'profiles_dir': 'C:\\Users\\.dbt', 'indirect_selection': 'eager', 'hints_enabled': 'True', 'invocation_command': 'dbt debug --profiles-dir C:\\Users\\.dbt', 'use_experimental_parser': 'False', 'use_colors': 'True', 'log_path': 'C:\\Users\\eknmeeu\\Downloads\\Py_Neeraj\\DE_P\\dbt\\dbt_crypto\\logs'}
[0m19:33:20.349195 [info ] [MainThread]: dbt version: 1.12.3
[0m19:33:20.351197 [info ] [MainThread]: python version: 3.10.13
[0m19:33:20.353197 [info ] [MainThread]: python path: C:\PythonEnv\PythonSoftware\3.10.13\python.exe
[0m19:33:20.355194 [info ] [MainThread]: os info: Windows-10-10.0.26200-SP0
[0m19:33:20.356193 [info ] [MainThread]: Using profiles dir at C:\Users\.dbt
[0m19:33:20.358196 [info ] [MainThread]: Using profiles.yml file at C:\Users\.dbt\profiles.yml
[0m19:33:20.359192 [info ] [MainThread]: Using dbt_project.yml file at C:\Users\eknmeeu\Downloads\Py_Neeraj\DE_P\dbt\dbt_crypto\dbt_project.yml
[0m19:33:20.533850 [info ] [MainThread]: Configuration:
[0m19:33:20.536975 [info ] [MainThread]:   profiles.yml file [[31mERROR not found[0m]
[0m19:33:20.537975 [info ] [MainThread]:   dbt_project.yml file [[32mOK found and valid[0m]
[0m19:33:20.539753 [info ] [MainThread]: Required dependencies:
[0m19:33:20.540856 [debug] [MainThread]: Executing "git --help"
[0m19:33:20.552947 [info ] [MainThread]:  - git [[31mERROR[0m]

[0m19:33:20.554960 [info ] [MainThread]: Connection test skipped since no profile was found
[0m19:33:20.555948 [info ] [MainThread]: [31m2 checks failed:[0m
[0m19:33:20.557047 [info ] [MainThread]: dbt looked for a profiles.yml file in C:\Users\.dbt\profiles.yml, but did
not find one. For more information on configuring your profile, consult the
documentation:

https://docs.getdbt.com/docs/configure-your-profile


[0m19:33:20.558039 [info ] [MainThread]: Error from git --help: Could not find command, ensure it is in the user's PATH and that the user has permissions to run it: "git"

[0m19:33:20.559978 [debug] [MainThread]: Command `dbt debug` failed at 19:33:20.559978 after 1.13 seconds
[0m19:33:20.561036 [debug] [MainThread]: Sending event: {'category': 'dbt', 'action': 'invocation', 'label': 'end', 'context': [<snowplow_tracker.self_describing_json.SelfDescribingJson object at 0x000001628641B640>, <snowplow_tracker.self_describing_json.SelfDescribingJson object at 0x00000162867EDC00>, <snowplow_tracker.self_describing_json.SelfDescribingJson object at 0x0000016287C276D0>]}
[0m19:33:20.562096 [debug] [MainThread]: Flushing usage events
[0m19:33:21.664344 [debug] [MainThread]: An error was encountered while trying to flush usage events
[0m19:35:00.397311 [debug] [MainThread]: Sending event: {'category': 'dbt', 'action': 'invocation', 'label': 'start', 'context': [<snowplow_tracker.self_describing_json.SelfDescribingJson object at 0x000001504576B5B0>, <snowplow_tracker.self_describing_json.SelfDescribingJson object at 0x0000015046F77520>, <snowplow_tracker.self_describing_json.SelfDescribingJson object at 0x0000015046F77340>]}


============================== 19:35:00.404316 | 1c25b503-4c0c-4edf-8ddc-c6892e78e0cd ==============================
[0m19:35:00.404316 [info ] [MainThread]: Running with dbt=1.12.3
[0m19:35:00.406313 [debug] [MainThread]: running dbt with arguments {'maximum_seed_size_mib': '1', 'no_print': 'None', 'static_parser': 'True', 'warn_error_options': 'WarnErrorOptionsV2(error=[], warn=[], silence=[])', 'target_path': 'None', 'version_check': 'True', 'printer_width': '80', 'write_json': 'True', 'introspect': 'True', 'log_cache_events': 'False', 'empty': 'None', 'cache_selected_only': 'False', 'log_format': 'default', 'debug': 'False', 'fail_fast': 'False', 'partial_parse': 'True', 'send_anonymous_usage_stats': 'True', 'quiet': 'False', 'warn_error': 'None', 'profiles_dir': 'C:\\Users\\eknmeeu\\.dbt', 'invocation_command': 'dbt debug', 'hints_enabled': 'True', 'use_colors': 'True', 'use_experimental_parser': 'False', 'indirect_selection': 'eager', 'log_path': 'C:\\Users\\eknmeeu\\Downloads\\Py_Neeraj\\DE_P\\dbt\\dbt_crypto\\logs'}
[0m19:35:00.443019 [info ] [MainThread]: dbt version: 1.12.3
[0m19:35:00.443999 [info ] [MainThread]: python version: 3.10.13
[0m19:35:00.445000 [info ] [MainThread]: python path: C:\PythonEnv\PythonSoftware\3.10.13\python.exe
[0m19:35:00.446003 [info ] [MainThread]: os info: Windows-10-10.0.26200-SP0
[0m19:35:00.537990 [info ] [MainThread]: Using profiles dir at C:\Users\eknmeeu\.dbt
[0m19:35:00.539018 [info ] [MainThread]: Using profiles.yml file at C:\Users\eknmeeu\.dbt\profiles.yml
[0m19:35:00.539989 [info ] [MainThread]: Using dbt_project.yml file at C:\Users\eknmeeu\Downloads\Py_Neeraj\DE_P\dbt\dbt_crypto\dbt_project.yml
[0m19:35:00.541456 [info ] [MainThread]: adapter type: postgres
[0m19:35:00.542464 [info ] [MainThread]: adapter version: 1.11.0
[0m19:35:00.657901 [info ] [MainThread]: Configuration:
[0m19:35:00.659806 [info ] [MainThread]:   profiles.yml file [[32mOK found and valid[0m]
[0m19:35:00.660885 [info ] [MainThread]:   dbt_project.yml file [[32mOK found and valid[0m]
[0m19:35:00.660885 [info ] [MainThread]: Required dependencies:
[0m19:35:00.662805 [debug] [MainThread]: Executing "git --help"
[0m19:35:00.671836 [info ] [MainThread]:  - git [[31mERROR[0m]

[0m19:35:00.673842 [info ] [MainThread]: Connection:
[0m19:35:00.674886 [info ] [MainThread]:   host: postgresql://neondb_owner:npg_JLTZK0t4OIgb@ep-rough-water-ayj5p7ft-pooler.c-5.us-east-2.aws.neon.tech/neondb?sslmode=require&channel_binding=require
[0m19:35:00.675858 [info ] [MainThread]:   port: 5432
[0m19:35:00.676892 [info ] [MainThread]:   user: neondb_owner
[0m19:35:00.677856 [info ] [MainThread]:   database: neondb
[0m19:35:00.678847 [info ] [MainThread]:   schema: analytics
[0m19:35:00.679842 [info ] [MainThread]:   connect_timeout: 10
[0m19:35:00.680843 [info ] [MainThread]:   role: None
[0m19:35:00.681919 [info ] [MainThread]:   search_path: None
[0m19:35:00.682845 [info ] [MainThread]:   keepalives_idle: 0
[0m19:35:00.683844 [info ] [MainThread]:   sslmode: None
[0m19:35:00.685843 [info ] [MainThread]:   sslcert: None
[0m19:35:00.685843 [info ] [MainThread]:   sslkey: None
[0m19:35:00.689405 [info ] [MainThread]:   sslrootcert: None
[0m19:35:00.690374 [info ] [MainThread]:   application_name: dbt
[0m19:35:00.691360 [info ] [MainThread]:   autocommit: False
[0m19:35:00.692365 [info ] [MainThread]:   retries: 1
[0m19:35:00.693366 [info ] [MainThread]: Registered adapter: postgres=1.11.0
[0m19:35:01.066295 [debug] [MainThread]: Acquiring new postgres connection 'debug'
[0m19:35:01.429877 [debug] [MainThread]: Using postgres connection "debug"
[0m19:35:01.430962 [debug] [MainThread]: On debug: select 1 as id
[0m19:35:01.432747 [debug] [MainThread]: Opening a new connection, currently in state init
[0m19:35:01.474502 [debug] [MainThread]: Postgres adapter: Got a retryable error when attempting to open a postgres connection.
1 attempts remaining. Retrying in 0 seconds.
Error:
could not translate host name "postgresql://neondb_owner:npg_JLTZK0t4OIgb@ep-rough-water-ayj5p7ft-pooler.c-5.us-east-2.aws.neon.tech/neondb?sslmode=require&channel_binding=require" to address: Non-recoverable failure in name resolution

[0m19:35:01.475509 [debug] [MainThread]: Postgres adapter: Error running SQL: select 1 as id
[0m19:35:01.476504 [debug] [MainThread]: Postgres adapter: Rolling back transaction.
[0m19:35:01.477503 [debug] [MainThread]: On debug: No close available on handle
[0m19:35:01.478500 [info ] [MainThread]:   Connection test: [[31mERROR[0m]

[0m19:35:01.479504 [info ] [MainThread]: [31m2 checks failed:[0m
[0m19:35:01.480504 [info ] [MainThread]: Error from git --help: Could not find command, ensure it is in the user's PATH and that the user has permissions to run it: "git"

[0m19:35:01.481503 [info ] [MainThread]: dbt was unable to connect to the specified database.
The database returned the following error:

  >Database Error
  could not translate host name "postgresql://neondb_owner:npg_JLTZK0t4OIgb@ep-rough-water-ayj5p7ft-pooler.c-5.us-east-2.aws.neon.tech/neondb?sslmode=require&channel_binding=require" to address: Non-recoverable failure in name resolution
  

Check your database credentials and try again. For more information, visit:
https://docs.getdbt.com/docs/configure-your-profile


[0m19:35:01.484170 [debug] [MainThread]: Command `dbt debug` failed at 19:35:01.484170 after 1.75 seconds
[0m19:35:01.487084 [debug] [MainThread]: Connection 'debug' was properly closed.
[0m19:35:01.488590 [debug] [MainThread]: Sending event: {'category': 'dbt', 'action': 'invocation', 'label': 'end', 'context': [<snowplow_tracker.self_describing_json.SelfDescribingJson object at 0x000001504576B5B0>, <snowplow_tracker.self_describing_json.SelfDescribingJson object at 0x000001504709CEB0>, <snowplow_tracker.self_describing_json.SelfDescribingJson object at 0x000001504629D5D0>]}
[0m19:35:01.489598 [debug] [MainThread]: Flushing usage events
[0m19:35:02.570566 [debug] [MainThread]: An error was encountered while trying to flush usage events
[0m01:52:15.708832 [debug] [MainThread]: Sending event: {'category': 'dbt', 'action': 'invocation', 'label': 'start', 'context': [<snowplow_tracker.self_describing_json.SelfDescribingJson object at 0x000002B3AABAB5E0>, <snowplow_tracker.self_describing_json.SelfDescribingJson object at 0x000002B3AD387520>, <snowplow_tracker.self_describing_json.SelfDescribingJson object at 0x000002B3AD387340>]}


============================== 01:52:15.786102 | d28e8726-9abf-4b27-99d6-d42ee324f2b5 ==============================
[0m01:52:15.786102 [info ] [MainThread]: Running with dbt=1.12.3
[0m01:52:15.792102 [debug] [MainThread]: running dbt with arguments {'maximum_seed_size_mib': '1', 'no_print': 'None', 'static_parser': 'True', 'warn_error_options': 'WarnErrorOptionsV2(error=[], warn=[], silence=[])', 'target_path': 'None', 'version_check': 'True', 'printer_width': '80', 'write_json': 'True', 'empty': 'None', 'log_cache_events': 'False', 'introspect': 'True', 'cache_selected_only': 'False', 'log_format': 'default', 'debug': 'False', 'fail_fast': 'False', 'partial_parse': 'True', 'send_anonymous_usage_stats': 'True', 'quiet': 'False', 'warn_error': 'None', 'profiles_dir': 'C:\\Users\\eknmeeu\\.dbt', 'indirect_selection': 'eager', 'hints_enabled': 'True', 'invocation_command': 'dbt parse', 'use_experimental_parser': 'False', 'use_colors': 'True', 'log_path': 'C:\\Users\\eknmeeu\\Downloads\\Py_Neeraj\\DE_P\\dbt\\dbt_crypto\\logs'}
[0m01:52:16.398033 [error] [MainThread]: [[31mERROR[0m]: Encountered an error:
Runtime Error
  Credentials in profile "dbt_crypto", target "dev" invalid: None is not of type 'string'
[0m01:52:16.411030 [debug] [MainThread]: Command `dbt parse` failed at 01:52:16.410030 after 2.75 seconds
[0m01:52:16.419348 [debug] [MainThread]: Sending event: {'category': 'dbt', 'action': 'invocation', 'label': 'end', 'context': [<snowplow_tracker.self_describing_json.SelfDescribingJson object at 0x000002B3AABAB5E0>, <snowplow_tracker.self_describing_json.SelfDescribingJson object at 0x000002B3AD2BB2E0>, <snowplow_tracker.self_describing_json.SelfDescribingJson object at 0x000002B3AD308730>]}
[0m01:52:16.422348 [debug] [MainThread]: Flushing usage events
[0m01:52:18.038544 [debug] [MainThread]: An error was encountered while trying to flush usage events
[0m01:55:11.686845 [debug] [MainThread]: Sending event: {'category': 'dbt', 'action': 'invocation', 'label': 'start', 'context': [<snowplow_tracker.self_describing_json.SelfDescribingJson object at 0x000001E505A1B5B0>, <snowplow_tracker.self_describing_json.SelfDescribingJson object at 0x000001E5081F7520>, <snowplow_tracker.self_describing_json.SelfDescribingJson object at 0x000001E5081F7340>]}


============================== 01:55:11.698692 | eaf026bb-bab5-4216-9f67-4f2dadf615bd ==============================
[0m01:55:11.698692 [info ] [MainThread]: Running with dbt=1.12.3
[0m01:55:11.702692 [debug] [MainThread]: running dbt with arguments {'version_check': 'True', 'no_print': 'None', 'maximum_seed_size_mib': '1', 'warn_error_options': 'WarnErrorOptionsV2(error=[], warn=[], silence=[])', 'target_path': 'None', 'static_parser': 'True', 'printer_width': '80', 'write_json': 'True', 'empty': 'None', 'log_cache_events': 'False', 'introspect': 'True', 'cache_selected_only': 'False', 'fail_fast': 'False', 'debug': 'False', 'log_format': 'default', 'partial_parse': 'True', 'send_anonymous_usage_stats': 'True', 'quiet': 'False', 'warn_error': 'None', 'profiles_dir': 'C:\\Users\\eknmeeu\\.dbt', 'indirect_selection': 'eager', 'hints_enabled': 'True', 'invocation_command': 'dbt parse', 'use_experimental_parser': 'False', 'use_colors': 'True', 'log_path': 'C:\\Users\\eknmeeu\\Downloads\\Py_Neeraj\\DE_P\\dbt\\dbt_crypto\\logs'}
[0m01:55:11.954857 [error] [MainThread]: [[31mERROR[0m]: Encountered an error:
Runtime Error
  Credentials in profile "dbt_crypto", target "dev" invalid: None is not of type 'string'
[0m01:55:11.958404 [debug] [MainThread]: Command `dbt parse` failed at 01:55:11.958404 after 1.04 seconds
[0m01:55:11.961383 [debug] [MainThread]: Sending event: {'category': 'dbt', 'action': 'invocation', 'label': 'end', 'context': [<snowplow_tracker.self_describing_json.SelfDescribingJson object at 0x000001E505A1B5B0>, <snowplow_tracker.self_describing_json.SelfDescribingJson object at 0x000001E50812D9F0>, <snowplow_tracker.self_describing_json.SelfDescribingJson object at 0x000001E508178730>]}
[0m01:55:11.963378 [debug] [MainThread]: Flushing usage events
[0m01:55:13.797167 [debug] [MainThread]: An error was encountered while trying to flush usage events
[0m01:56:05.576538 [debug] [MainThread]: Sending event: {'category': 'dbt', 'action': 'invocation', 'label': 'start', 'context': [<snowplow_tracker.self_describing_json.SelfDescribingJson object at 0x000001A56FEFB610>, <snowplow_tracker.self_describing_json.SelfDescribingJson object at 0x000001A5726D7550>, <snowplow_tracker.self_describing_json.SelfDescribingJson object at 0x000001A5726D7370>]}


============================== 01:56:05.586533 | 75118d6d-dc2b-4d88-9d6e-52db4d96690e ==============================
[0m01:56:05.586533 [info ] [MainThread]: Running with dbt=1.12.3
[0m01:56:05.589535 [debug] [MainThread]: running dbt with arguments {'maximum_seed_size_mib': '1', 'no_print': 'None', 'static_parser': 'True', 'target_path': 'None', 'warn_error_options': 'WarnErrorOptionsV2(error=[], warn=[], silence=[])', 'version_check': 'True', 'printer_width': '80', 'write_json': 'True', 'introspect': 'True', 'log_cache_events': 'False', 'empty': 'None', 'cache_selected_only': 'False', 'log_format': 'default', 'debug': 'False', 'fail_fast': 'False', 'profiles_dir': 'C:\\Users\\eknmeeu\\.dbt', 'send_anonymous_usage_stats': 'True', 'quiet': 'False', 'warn_error': 'None', 'partial_parse': 'True', 'invocation_command': 'dbt debug --config-dir', 'hints_enabled': 'True', 'indirect_selection': 'eager', 'use_experimental_parser': 'False', 'use_colors': 'True', 'log_path': 'C:\\Users\\eknmeeu\\Downloads\\Py_Neeraj\\DE_P\\dbt\\dbt_crypto\\logs'}
[0m01:56:05.671685 [info ] [MainThread]: To view your profiles.yml file, run:

start C:\Users\eknmeeu\.dbt
[0m01:56:05.674684 [debug] [MainThread]: Command `dbt debug` succeeded at 01:56:05.673684 after 1.01 seconds
[0m01:56:05.675680 [debug] [MainThread]: Sending event: {'category': 'dbt', 'action': 'invocation', 'label': 'end', 'context': [<snowplow_tracker.self_describing_json.SelfDescribingJson object at 0x000001A56FEFB610>, <snowplow_tracker.self_describing_json.SelfDescribingJson object at 0x000001A5726D76A0>, <snowplow_tracker.self_describing_json.SelfDescribingJson object at 0x000001A5726D7550>]}
[0m01:56:05.677679 [debug] [MainThread]: Flushing usage events
[0m01:56:06.684889 [debug] [MainThread]: An error was encountered while trying to flush usage events
[0m01:56:35.776108 [debug] [MainThread]: Sending event: {'category': 'dbt', 'action': 'invocation', 'label': 'start', 'context': [<snowplow_tracker.self_describing_json.SelfDescribingJson object at 0x000001E2F004B550>, <snowplow_tracker.self_describing_json.SelfDescribingJson object at 0x000001E2F2827490>, <snowplow_tracker.self_describing_json.SelfDescribingJson object at 0x000001E2F28272B0>]}


============================== 01:56:35.787317 | 9fc29e95-c21a-4f7a-9239-525352ee44bc ==============================
[0m01:56:35.787317 [info ] [MainThread]: Running with dbt=1.12.3
[0m01:56:35.790314 [debug] [MainThread]: running dbt with arguments {'maximum_seed_size_mib': '1', 'no_print': 'None', 'version_check': 'True', 'warn_error_options': 'WarnErrorOptionsV2(error=[], warn=[], silence=[])', 'target_path': 'None', 'static_parser': 'True', 'printer_width': '80', 'write_json': 'True', 'introspect': 'True', 'log_cache_events': 'False', 'empty': 'None', 'cache_selected_only': 'False', 'log_format': 'default', 'debug': 'False', 'fail_fast': 'False', 'partial_parse': 'True', 'send_anonymous_usage_stats': 'True', 'quiet': 'False', 'warn_error': 'None', 'profiles_dir': 'C:\\Users\\eknmeeu\\.dbt', 'use_colors': 'True', 'hints_enabled': 'True', 'indirect_selection': 'eager', 'use_experimental_parser': 'False', 'invocation_command': 'dbt debug --profiles-dir C:\\Users\\eknmeeu\\.dbt', 'log_path': 'C:\\Users\\eknmeeu\\Downloads\\Py_Neeraj\\DE_P\\dbt\\dbt_crypto\\logs'}
[0m01:56:35.888586 [info ] [MainThread]: dbt version: 1.12.3
[0m01:56:35.889588 [info ] [MainThread]: python version: 3.10.13
[0m01:56:35.892847 [info ] [MainThread]: python path: C:\PythonEnv\PythonSoftware\3.10.13\python.exe
[0m01:56:35.894852 [info ] [MainThread]: os info: Windows-10-10.0.26200-SP0
[0m01:56:36.049950 [info ] [MainThread]: Using profiles dir at C:\Users\eknmeeu\.dbt
[0m01:56:36.051950 [info ] [MainThread]: Using profiles.yml file at C:\Users\eknmeeu\.dbt\profiles.yml
[0m01:56:36.053952 [info ] [MainThread]: Using dbt_project.yml file at C:\Users\eknmeeu\Downloads\Py_Neeraj\DE_P\dbt\dbt_crypto\dbt_project.yml
[0m01:56:36.260719 [info ] [MainThread]: Configuration:
[0m01:56:36.262720 [info ] [MainThread]:   profiles.yml file [[31mERROR invalid[0m]
[0m01:56:36.263721 [info ] [MainThread]:   dbt_project.yml file [[32mOK found and valid[0m]
[0m01:56:36.265723 [info ] [MainThread]: Required dependencies:
[0m01:56:36.266721 [debug] [MainThread]: Executing "git --help"
[0m01:56:36.287243 [info ] [MainThread]:  - git [[31mERROR[0m]

[0m01:56:36.289243 [info ] [MainThread]: Connection test skipped since no profile was found
[0m01:56:36.291693 [info ] [MainThread]: [31m2 checks failed:[0m
[0m01:56:36.293538 [info ] [MainThread]: Profile loading failed for the following reason:
Runtime Error
  Credentials in profile "dbt_crypto", target "dev" invalid: None is not of type 'string'


[0m01:56:36.295549 [info ] [MainThread]: Error from git --help: Could not find command, ensure it is in the user's PATH and that the user has permissions to run it: "git"

[0m01:56:36.298564 [debug] [MainThread]: Command `dbt debug` failed at 01:56:36.298564 after 1.16 seconds
[0m01:56:36.299547 [debug] [MainThread]: Sending event: {'category': 'dbt', 'action': 'invocation', 'label': 'end', 'context': [<snowplow_tracker.self_describing_json.SelfDescribingJson object at 0x000001E2F004B550>, <snowplow_tracker.self_describing_json.SelfDescribingJson object at 0x000001E2F13936A0>, <snowplow_tracker.self_describing_json.SelfDescribingJson object at 0x000001E2F13BEC50>]}
[0m01:56:36.300553 [debug] [MainThread]: Flushing usage events
[0m01:56:37.875384 [debug] [MainThread]: An error was encountered while trying to flush usage events
[0m01:59:56.477398 [debug] [MainThread]: Sending event: {'category': 'dbt', 'action': 'invocation', 'label': 'start', 'context': [<snowplow_tracker.self_describing_json.SelfDescribingJson object at 0x000001821306B610>, <snowplow_tracker.self_describing_json.SelfDescribingJson object at 0x0000018215847580>, <snowplow_tracker.self_describing_json.SelfDescribingJson object at 0x00000182158473A0>]}


============================== 01:59:56.488977 | 6b6f969c-8893-4d72-a486-4ee4286a6917 ==============================
[0m01:59:56.488977 [info ] [MainThread]: Running with dbt=1.12.3
[0m01:59:56.491185 [debug] [MainThread]: running dbt with arguments {'maximum_seed_size_mib': '1', 'no_print': 'None', 'version_check': 'True', 'warn_error_options': 'WarnErrorOptionsV2(error=[], warn=[], silence=[])', 'target_path': 'None', 'static_parser': 'True', 'printer_width': '80', 'write_json': 'True', 'introspect': 'True', 'log_cache_events': 'False', 'empty': 'None', 'cache_selected_only': 'False', 'log_format': 'default', 'debug': 'False', 'fail_fast': 'False', 'partial_parse': 'True', 'send_anonymous_usage_stats': 'True', 'quiet': 'False', 'warn_error': 'None', 'profiles_dir': 'C:\\Users\\eknmeeu\\.dbt', 'invocation_command': 'dbt parse', 'hints_enabled': 'True', 'use_colors': 'True', 'use_experimental_parser': 'False', 'indirect_selection': 'eager', 'log_path': 'C:\\Users\\eknmeeu\\Downloads\\Py_Neeraj\\DE_P\\dbt\\dbt_crypto\\logs'}
[0m01:59:57.041416 [debug] [MainThread]: Sending event: {'category': 'dbt', 'action': 'project_id', 'label': '6b6f969c-8893-4d72-a486-4ee4286a6917', 'context': [<snowplow_tracker.self_describing_json.SelfDescribingJson object at 0x0000018215845AE0>]}
[0m01:59:57.191582 [debug] [MainThread]: Sending event: {'category': 'dbt', 'action': 'adapter_info', 'label': '6b6f969c-8893-4d72-a486-4ee4286a6917', 'context': [<snowplow_tracker.self_describing_json.SelfDescribingJson object at 0x0000018215816830>]}
[0m01:59:57.196584 [info ] [MainThread]: Registered adapter: postgres=1.11.0
[0m01:59:57.794981 [debug] [MainThread]: checksum: 15b6814c27264d0629857aab4d824ec3aa97fd3d23a0ccfc8ec203ae2aba15df, vars: {}, profile: dbt_crypto, target: dev, version: 1.12.3
[0m01:59:57.797980 [info ] [MainThread]: Unable to do partial parsing because saved manifest not found. Starting full parse.
[0m01:59:57.799971 [debug] [MainThread]: Sending event: {'category': 'dbt', 'action': 'partial_parser', 'label': '6b6f969c-8893-4d72-a486-4ee4286a6917', 'context': [<snowplow_tracker.self_describing_json.SelfDescribingJson object at 0x000001821572F790>]}
[0m02:00:01.485948 [debug] [MainThread]: Sending event: {'category': 'dbt', 'action': 'load_project', 'label': '6b6f969c-8893-4d72-a486-4ee4286a6917', 'context': [<snowplow_tracker.self_describing_json.SelfDescribingJson object at 0x000001821719F2B0>]}
[0m02:00:01.511262 [info ] [MainThread]: Performance info: C:\Users\eknmeeu\Downloads\Py_Neeraj\DE_P\dbt\dbt_crypto\target\perf_info.json
[0m02:00:01.941796 [debug] [MainThread]: Wrote artifact WritableManifest to C:\Users\eknmeeu\Downloads\Py_Neeraj\DE_P\dbt\dbt_crypto\target\manifest.json
[0m02:00:01.954796 [debug] [MainThread]: Wrote artifact SemanticManifest to C:\Users\eknmeeu\Downloads\Py_Neeraj\DE_P\dbt\dbt_crypto\target\semantic_manifest.json
[0m02:00:02.068029 [debug] [MainThread]: Wrote artifact OsiDocument to C:\Users\eknmeeu\Downloads\Py_Neeraj\DE_P\dbt\dbt_crypto\target\osi_document.json
[0m02:00:02.072030 [debug] [MainThread]: Command `dbt parse` succeeded at 02:00:02.071028 after 6.33 seconds
[0m02:00:02.074030 [debug] [MainThread]: Sending event: {'category': 'dbt', 'action': 'invocation', 'label': 'end', 'context': [<snowplow_tracker.self_describing_json.SelfDescribingJson object at 0x000001821306B610>, <snowplow_tracker.self_describing_json.SelfDescribingJson object at 0x000001821247EDA0>, <snowplow_tracker.self_describing_json.SelfDescribingJson object at 0x0000018214B40910>]}
[0m02:00:02.077497 [debug] [MainThread]: Flushing usage events
[0m02:00:03.801503 [debug] [MainThread]: An error was encountered while trying to flush usage events
[0m02:00:59.983894 [debug] [MainThread]: Sending event: {'category': 'dbt', 'action': 'invocation', 'label': 'start', 'context': [<snowplow_tracker.self_describing_json.SelfDescribingJson object at 0x0000023596F8B640>, <snowplow_tracker.self_describing_json.SelfDescribingJson object at 0x000002359879F9A0>, <snowplow_tracker.self_describing_json.SelfDescribingJson object at 0x000002359879F7C0>]}


============================== 02:00:59.995268 | f758ada7-6ac3-4e64-8be1-165de3a42c43 ==============================
[0m02:00:59.995268 [info ] [MainThread]: Running with dbt=1.12.3
[0m02:00:59.997267 [debug] [MainThread]: running dbt with arguments {'version_check': 'True', 'no_print': 'None', 'static_parser': 'True', 'target_path': 'None', 'warn_error_options': 'WarnErrorOptionsV2(error=[], warn=[], silence=[])', 'maximum_seed_size_mib': '1', 'printer_width': '80', 'write_json': 'True', 'empty': 'None', 'log_cache_events': 'False', 'introspect': 'True', 'cache_selected_only': 'False', 'log_format': 'default', 'debug': 'False', 'fail_fast': 'False', 'partial_parse': 'True', 'send_anonymous_usage_stats': 'True', 'quiet': 'False', 'warn_error': 'None', 'profiles_dir': 'C:\\Users\\eknmeeu\\.dbt', 'use_colors': 'True', 'hints_enabled': 'True', 'invocation_command': 'dbt ls', 'use_experimental_parser': 'False', 'indirect_selection': 'eager', 'log_path': 'C:\\Users\\eknmeeu\\Downloads\\Py_Neeraj\\DE_P\\dbt\\dbt_crypto\\logs'}
[0m02:01:00.534327 [debug] [MainThread]: Sending event: {'category': 'dbt', 'action': 'project_id', 'label': 'f758ada7-6ac3-4e64-8be1-165de3a42c43', 'context': [<snowplow_tracker.self_describing_json.SelfDescribingJson object at 0x000002359879F760>]}
[0m02:01:00.743132 [debug] [MainThread]: Sending event: {'category': 'dbt', 'action': 'adapter_info', 'label': 'f758ada7-6ac3-4e64-8be1-165de3a42c43', 'context': [<snowplow_tracker.self_describing_json.SelfDescribingJson object at 0x000002359749BD00>]}
[0m02:01:00.748041 [info ] [MainThread]: Registered adapter: postgres=1.11.0
[0m02:01:01.618878 [debug] [MainThread]: checksum: 15b6814c27264d0629857aab4d824ec3aa97fd3d23a0ccfc8ec203ae2aba15df, vars: {}, profile: dbt_crypto, target: dev, version: 1.12.3
[0m02:01:02.178042 [debug] [MainThread]: Partial parsing enabled: 0 files deleted, 0 files added, 0 files changed.
[0m02:01:02.180045 [debug] [MainThread]: Nothing changed, skipping partial parsing.
[0m02:01:02.180958 [debug] [MainThread]: Partial parsing enabled, no changes found, skipping parsing
[0m02:01:02.194357 [debug] [MainThread]: Sending event: {'category': 'dbt', 'action': 'load_project', 'label': 'f758ada7-6ac3-4e64-8be1-165de3a42c43', 'context': [<snowplow_tracker.self_describing_json.SelfDescribingJson object at 0x0000023599EBE2C0>]}
[0m02:01:02.538357 [debug] [MainThread]: Wrote artifact WritableManifest to C:\Users\eknmeeu\Downloads\Py_Neeraj\DE_P\dbt\dbt_crypto\target\manifest.json
[0m02:01:02.546357 [debug] [MainThread]: Wrote artifact SemanticManifest to C:\Users\eknmeeu\Downloads\Py_Neeraj\DE_P\dbt\dbt_crypto\target\semantic_manifest.json
[0m02:01:02.617959 [debug] [MainThread]: Wrote artifact OsiDocument to C:\Users\eknmeeu\Downloads\Py_Neeraj\DE_P\dbt\dbt_crypto\target\osi_document.json
[0m02:01:02.702970 [debug] [MainThread]: Sending event: {'category': 'dbt', 'action': 'resource_counts', 'label': 'f758ada7-6ac3-4e64-8be1-165de3a42c43', 'context': [<snowplow_tracker.self_describing_json.SelfDescribingJson object at 0x0000023599E828F0>]}
[0m02:01:02.705012 [info ] [MainThread]: Found 6 models, 4 data tests, 1 source, 477 macros
[0m02:01:02.706968 [debug] [MainThread]: Sending event: {'category': 'dbt', 'action': 'runnable_timing', 'label': 'f758ada7-6ac3-4e64-8be1-165de3a42c43', 'context': [<snowplow_tracker.self_describing_json.SelfDescribingJson object at 0x0000023599E81C60>]}
[0m02:01:02.708493 [info ] [MainThread]: dbt_crypto.marts.fct_asset_daily_analytics
[0m02:01:02.710497 [info ] [MainThread]: dbt_crypto.intermediate.int_daily_asset_metrics
[0m02:01:02.712485 [info ] [MainThread]: dbt_crypto.example.my_first_dbt_model
[0m02:01:02.713488 [info ] [MainThread]: dbt_crypto.example.my_second_dbt_model
[0m02:01:02.715997 [info ] [MainThread]: dbt_crypto.staging.stg_crypto_klines
[0m02:01:02.717636 [info ] [MainThread]: dbt_crypto.staging.stg_fact_klines
[0m02:01:02.719638 [info ] [MainThread]: source:dbt_crypto.crypto.fact_klines
[0m02:01:02.723105 [info ] [MainThread]: dbt_crypto.example.not_null_my_first_dbt_model_id
[0m02:01:02.726116 [info ] [MainThread]: dbt_crypto.example.not_null_my_second_dbt_model_id
[0m02:01:02.727125 [info ] [MainThread]: dbt_crypto.example.unique_my_first_dbt_model_id
[0m02:01:02.729119 [info ] [MainThread]: dbt_crypto.example.unique_my_second_dbt_model_id
[0m02:01:02.732229 [debug] [MainThread]: Command `dbt ls` succeeded at 02:01:02.731117 after 3.66 seconds
[0m02:01:02.734527 [debug] [MainThread]: Sending event: {'category': 'dbt', 'action': 'invocation', 'label': 'end', 'context': [<snowplow_tracker.self_describing_json.SelfDescribingJson object at 0x0000023596F8B640>, <snowplow_tracker.self_describing_json.SelfDescribingJson object at 0x000002359749BD00>, <snowplow_tracker.self_describing_json.SelfDescribingJson object at 0x00000235988763B0>]}
[0m02:01:02.735529 [debug] [MainThread]: Flushing usage events
[0m02:01:04.169606 [debug] [MainThread]: An error was encountered while trying to flush usage events
[0m02:12:29.212726 [debug] [MainThread]: Sending event: {'category': 'dbt', 'action': 'invocation', 'label': 'start', 'context': [<snowplow_tracker.self_describing_json.SelfDescribingJson object at 0x00000229355BB5E0>, <snowplow_tracker.self_describing_json.SelfDescribingJson object at 0x0000022937D97520>, <snowplow_tracker.self_describing_json.SelfDescribingJson object at 0x0000022937D97340>]}


============================== 02:12:29.226726 | 7d7412e9-97fa-47f0-a49c-e3f7a49109b9 ==============================
[0m02:12:29.226726 [info ] [MainThread]: Running with dbt=1.12.3
[0m02:12:29.230727 [debug] [MainThread]: running dbt with arguments {'version_check': 'True', 'no_print': 'None', 'maximum_seed_size_mib': '1', 'warn_error_options': 'WarnErrorOptionsV2(error=[], warn=[], silence=[])', 'target_path': 'None', 'static_parser': 'True', 'printer_width': '80', 'write_json': 'True', 'empty': 'None', 'log_cache_events': 'False', 'introspect': 'True', 'cache_selected_only': 'False', 'log_format': 'default', 'debug': 'False', 'fail_fast': 'False', 'profiles_dir': 'C:\\Users\\eknmeeu\\.dbt', 'send_anonymous_usage_stats': 'True', 'quiet': 'False', 'warn_error': 'None', 'partial_parse': 'True', 'invocation_command': 'dbt parse', 'hints_enabled': 'True', 'indirect_selection': 'eager', 'use_experimental_parser': 'False', 'use_colors': 'True', 'log_path': 'C:\\Users\\eknmeeu\\Downloads\\Py_Neeraj\\DE_P\\dbt\\dbt_crypto\\logs'}
[0m02:12:30.007522 [debug] [MainThread]: Sending event: {'category': 'dbt', 'action': 'project_id', 'label': '7d7412e9-97fa-47f0-a49c-e3f7a49109b9', 'context': [<snowplow_tracker.self_describing_json.SelfDescribingJson object at 0x00000229369691E0>]}
[0m02:12:30.254979 [debug] [MainThread]: Sending event: {'category': 'dbt', 'action': 'adapter_info', 'label': '7d7412e9-97fa-47f0-a49c-e3f7a49109b9', 'context': [<snowplow_tracker.self_describing_json.SelfDescribingJson object at 0x0000022937D669E0>]}
[0m02:12:30.258976 [info ] [MainThread]: Registered adapter: postgres=1.11.0
[0m02:12:31.137081 [debug] [MainThread]: checksum: 15b6814c27264d0629857aab4d824ec3aa97fd3d23a0ccfc8ec203ae2aba15df, vars: {}, profile: dbt_crypto, target: dev, version: 1.12.3
[0m02:12:31.758564 [debug] [MainThread]: Partial parsing enabled: 0 files deleted, 0 files added, 2 files changed.
[0m02:12:31.760567 [debug] [MainThread]: Partial parsing: updated file: dbt_crypto://models\intermediate\int_daily_asset_metrics.sql
[0m02:12:31.762566 [debug] [MainThread]: Partial parsing: updated file: dbt_crypto://models\marts\fct_asset_daily_analytics.sql
[0m02:12:32.414461 [debug] [MainThread]: Sending event: {'category': 'dbt', 'action': 'load_project', 'label': '7d7412e9-97fa-47f0-a49c-e3f7a49109b9', 'context': [<snowplow_tracker.self_describing_json.SelfDescribingJson object at 0x0000022939504490>]}
[0m02:12:32.436066 [info ] [MainThread]: Performance info: C:\Users\eknmeeu\Downloads\Py_Neeraj\DE_P\dbt\dbt_crypto\target\perf_info.json
[0m02:12:32.689307 [debug] [MainThread]: Wrote artifact WritableManifest to C:\Users\eknmeeu\Downloads\Py_Neeraj\DE_P\dbt\dbt_crypto\target\manifest.json
[0m02:12:32.702450 [debug] [MainThread]: Wrote artifact SemanticManifest to C:\Users\eknmeeu\Downloads\Py_Neeraj\DE_P\dbt\dbt_crypto\target\semantic_manifest.json
[0m02:12:32.826717 [debug] [MainThread]: Wrote artifact OsiDocument to C:\Users\eknmeeu\Downloads\Py_Neeraj\DE_P\dbt\dbt_crypto\target\osi_document.json
[0m02:12:32.831394 [debug] [MainThread]: Command `dbt parse` succeeded at 02:12:32.831394 after 4.50 seconds
[0m02:12:32.833382 [debug] [MainThread]: Sending event: {'category': 'dbt', 'action': 'invocation', 'label': 'end', 'context': [<snowplow_tracker.self_describing_json.SelfDescribingJson object at 0x00000229355BB5E0>, <snowplow_tracker.self_describing_json.SelfDescribingJson object at 0x0000022934A8FC10>, <snowplow_tracker.self_describing_json.SelfDescribingJson object at 0x00000229349CE890>]}
[0m02:12:32.835384 [debug] [MainThread]: Flushing usage events
[0m02:12:34.577761 [debug] [MainThread]: An error was encountered while trying to flush usage events
[0m02:13:15.132103 [debug] [MainThread]: Sending event: {'category': 'dbt', 'action': 'invocation', 'label': 'start', 'context': [<snowplow_tracker.self_describing_json.SelfDescribingJson object at 0x000001C516A4B610>, <snowplow_tracker.self_describing_json.SelfDescribingJson object at 0x000001C5182B4B50>, <snowplow_tracker.self_describing_json.SelfDescribingJson object at 0x000001C5182B4970>]}


============================== 02:13:15.144316 | 82d0bd58-ffc7-44dd-a3c5-92fc6b4cb27b ==============================
[0m02:13:15.144316 [info ] [MainThread]: Running with dbt=1.12.3
[0m02:13:15.148315 [debug] [MainThread]: running dbt with arguments {'maximum_seed_size_mib': '1', 'no_print': 'None', 'version_check': 'True', 'warn_error_options': 'WarnErrorOptionsV2(error=[], warn=[], silence=[])', 'target_path': 'None', 'static_parser': 'True', 'printer_width': '80', 'write_json': 'True', 'empty': 'False', 'log_cache_events': 'False', 'introspect': 'True', 'cache_selected_only': 'False', 'fail_fast': 'False', 'debug': 'False', 'log_format': 'default', 'profiles_dir': 'C:\\Users\\eknmeeu\\.dbt', 'send_anonymous_usage_stats': 'True', 'quiet': 'False', 'warn_error': 'None', 'partial_parse': 'True', 'use_colors': 'True', 'hints_enabled': 'True', 'invocation_command': 'dbt run', 'use_experimental_parser': 'False', 'indirect_selection': 'eager', 'log_path': 'C:\\Users\\eknmeeu\\Downloads\\Py_Neeraj\\DE_P\\dbt\\dbt_crypto\\logs'}
[0m02:13:16.322942 [debug] [MainThread]: Sending event: {'category': 'dbt', 'action': 'project_id', 'label': '82d0bd58-ffc7-44dd-a3c5-92fc6b4cb27b', 'context': [<snowplow_tracker.self_describing_json.SelfDescribingJson object at 0x000001C51845A020>]}
[0m02:13:16.637386 [debug] [MainThread]: Sending event: {'category': 'dbt', 'action': 'adapter_info', 'label': '82d0bd58-ffc7-44dd-a3c5-92fc6b4cb27b', 'context': [<snowplow_tracker.self_describing_json.SelfDescribingJson object at 0x000001C516F22890>]}
[0m02:13:16.645712 [info ] [MainThread]: Registered adapter: postgres=1.11.0
[0m02:13:18.116318 [debug] [MainThread]: checksum: 15b6814c27264d0629857aab4d824ec3aa97fd3d23a0ccfc8ec203ae2aba15df, vars: {}, profile: dbt_crypto, target: dev, version: 1.12.3
[0m02:13:18.817851 [debug] [MainThread]: Partial parsing enabled: 0 files deleted, 0 files added, 0 files changed.
[0m02:13:18.820145 [debug] [MainThread]: Nothing changed, skipping partial parsing.
[0m02:13:18.821154 [debug] [MainThread]: Partial parsing enabled, no changes found, skipping parsing
[0m02:13:18.847663 [debug] [MainThread]: Sending event: {'category': 'dbt', 'action': 'load_project', 'label': '82d0bd58-ffc7-44dd-a3c5-92fc6b4cb27b', 'context': [<snowplow_tracker.self_describing_json.SelfDescribingJson object at 0x000001C51848A7D0>]}
[0m02:13:19.323095 [debug] [MainThread]: Wrote artifact WritableManifest to C:\Users\eknmeeu\Downloads\Py_Neeraj\DE_P\dbt\dbt_crypto\target\manifest.json
[0m02:13:19.336005 [debug] [MainThread]: Wrote artifact SemanticManifest to C:\Users\eknmeeu\Downloads\Py_Neeraj\DE_P\dbt\dbt_crypto\target\semantic_manifest.json
[0m02:13:19.434173 [debug] [MainThread]: Wrote artifact OsiDocument to C:\Users\eknmeeu\Downloads\Py_Neeraj\DE_P\dbt\dbt_crypto\target\osi_document.json
[0m02:13:19.517993 [debug] [MainThread]: Sending event: {'category': 'dbt', 'action': 'resource_counts', 'label': '82d0bd58-ffc7-44dd-a3c5-92fc6b4cb27b', 'context': [<snowplow_tracker.self_describing_json.SelfDescribingJson object at 0x000001C519A1C400>]}
[0m02:13:19.520992 [info ] [MainThread]: Found 6 models, 4 data tests, 1 source, 477 macros
[0m02:13:19.523991 [debug] [MainThread]: Sending event: {'category': 'dbt', 'action': 'runnable_timing', 'label': '82d0bd58-ffc7-44dd-a3c5-92fc6b4cb27b', 'context': [<snowplow_tracker.self_describing_json.SelfDescribingJson object at 0x000001C519A1C3A0>]}
[0m02:13:19.530503 [info ] [MainThread]: 
[0m02:13:19.553878 [info ] [MainThread]: Concurrency: 4 threads (target='dev')
[0m02:13:19.556887 [info ] [MainThread]: 
[0m02:13:19.564211 [debug] [MainThread]: Acquiring new postgres connection 'master'
[0m02:13:19.587878 [debug] [ThreadPool]: Acquiring new postgres connection 'list_neondb'
[0m02:13:20.507522 [debug] [ThreadPool]: Using postgres connection "list_neondb"
[0m02:13:20.509525 [debug] [ThreadPool]: On list_neondb: /* {"app": "dbt", "dbt_version": "1.12.3", "profile_name": "dbt_crypto", "target_name": "dev", "connection_name": "list_neondb"} */

    select distinct nspname from pg_namespace
  
[0m02:13:20.512093 [debug] [ThreadPool]: Opening a new connection, currently in state init
[0m02:13:23.968993 [debug] [ThreadPool]: Postgres adapter: Got a retryable error when attempting to open a postgres connection.
1 attempts remaining. Retrying in 0 seconds.
Error:
connection to server at "p-rough-water-ayj5p7ft-pooler.c-5.us-east-2.aws.neon.tech" (3.23.109.155), port 5432 failed: ERROR:  password authentication failed for user 'neondb_owner'

[0m02:13:25.565343 [debug] [ThreadPool]: Postgres adapter: Error running SQL: /* {"app": "dbt", "dbt_version": "1.12.3", "profile_name": "dbt_crypto", "target_name": "dev", "connection_name": "list_neondb"} */

    select distinct nspname from pg_namespace
  
[0m02:13:25.566340 [debug] [ThreadPool]: Postgres adapter: Rolling back transaction.
[0m02:13:25.568747 [debug] [ThreadPool]: Postgres adapter: Error running SQL: macro list_schemas
[0m02:13:25.568747 [debug] [ThreadPool]: Postgres adapter: Rolling back transaction.
[0m02:13:25.570669 [debug] [ThreadPool]: On list_neondb: No close available on handle
[0m02:13:25.572676 [debug] [MainThread]: Connection 'master' was properly closed.
[0m02:13:25.573680 [debug] [MainThread]: Connection 'list_neondb' was properly closed.
[0m02:13:25.574677 [info ] [MainThread]: 
[0m02:13:25.577332 [info ] [MainThread]: Finished running  in 0 hours 0 minutes and 6.01 seconds (6.01s).
[0m02:13:25.578748 [error] [MainThread]: [[31mERROR[0m]: Encountered an error:
Database Error
  connection to server at "p-rough-water-ayj5p7ft-pooler.c-5.us-east-2.aws.neon.tech" (3.23.109.155), port 5432 failed: ERROR:  password authentication failed for user 'neondb_owner'
  
[0m02:13:25.581043 [debug] [MainThread]: Command `dbt run` failed at 02:13:25.581043 after 11.54 seconds
[0m02:13:25.583053 [debug] [MainThread]: Sending event: {'category': 'dbt', 'action': 'invocation', 'label': 'end', 'context': [<snowplow_tracker.self_describing_json.SelfDescribingJson object at 0x000001C516A4B610>, <snowplow_tracker.self_describing_json.SelfDescribingJson object at 0x000001C519A1D510>, <snowplow_tracker.self_describing_json.SelfDescribingJson object at 0x000001C519A1C4F0>]}
[0m02:13:25.584393 [debug] [MainThread]: Flushing usage events
[0m02:13:26.601118 [debug] [MainThread]: An error was encountered while trying to flush usage events
[0m02:15:04.616389 [debug] [MainThread]: Sending event: {'category': 'dbt', 'action': 'invocation', 'label': 'start', 'context': [<snowplow_tracker.self_describing_json.SelfDescribingJson object at 0x000001F5275BB5E0>, <snowplow_tracker.self_describing_json.SelfDescribingJson object at 0x000001F528DC7520>, <snowplow_tracker.self_describing_json.SelfDescribingJson object at 0x000001F528DC7340>]}


============================== 02:15:04.627048 | 6e771813-5bcf-46b6-9586-c7d906e62083 ==============================
[0m02:15:04.627048 [info ] [MainThread]: Running with dbt=1.12.3
[0m02:15:04.629451 [debug] [MainThread]: running dbt with arguments {'version_check': 'True', 'no_print': 'None', 'static_parser': 'True', 'warn_error_options': 'WarnErrorOptionsV2(error=[], warn=[], silence=[])', 'target_path': 'None', 'maximum_seed_size_mib': '1', 'printer_width': '80', 'write_json': 'True', 'empty': 'None', 'log_cache_events': 'False', 'introspect': 'True', 'cache_selected_only': 'False', 'log_format': 'default', 'debug': 'False', 'fail_fast': 'False', 'partial_parse': 'True', 'send_anonymous_usage_stats': 'True', 'quiet': 'False', 'warn_error': 'None', 'profiles_dir': 'C:\\Users\\eknmeeu\\.dbt', 'indirect_selection': 'eager', 'hints_enabled': 'True', 'use_colors': 'True', 'use_experimental_parser': 'False', 'invocation_command': 'dbt debug', 'log_path': 'C:\\Users\\eknmeeu\\Downloads\\Py_Neeraj\\DE_P\\dbt\\dbt_crypto\\logs'}
[0m02:15:04.700248 [info ] [MainThread]: dbt version: 1.12.3
[0m02:15:04.701249 [info ] [MainThread]: python version: 3.10.13
[0m02:15:04.703238 [info ] [MainThread]: python path: C:\PythonEnv\PythonSoftware\3.10.13\python.exe
[0m02:15:04.704244 [info ] [MainThread]: os info: Windows-10-10.0.26200-SP0
[0m02:15:04.842699 [info ] [MainThread]: Using profiles dir at C:\Users\eknmeeu\.dbt
[0m02:15:04.843766 [info ] [MainThread]: Using profiles.yml file at C:\Users\eknmeeu\.dbt\profiles.yml
[0m02:15:04.845705 [info ] [MainThread]: Using dbt_project.yml file at C:\Users\eknmeeu\Downloads\Py_Neeraj\DE_P\dbt\dbt_crypto\dbt_project.yml
[0m02:15:04.848733 [info ] [MainThread]: adapter type: postgres
[0m02:15:04.851701 [info ] [MainThread]: adapter version: 1.11.0
[0m02:15:05.063348 [info ] [MainThread]: Configuration:
[0m02:15:05.065332 [info ] [MainThread]:   profiles.yml file [[32mOK found and valid[0m]
[0m02:15:05.066331 [info ] [MainThread]:   dbt_project.yml file [[32mOK found and valid[0m]
[0m02:15:05.067330 [info ] [MainThread]: Required dependencies:
[0m02:15:05.068330 [debug] [MainThread]: Executing "git --help"
[0m02:15:05.086115 [info ] [MainThread]:  - git [[31mERROR[0m]

[0m02:15:05.088017 [info ] [MainThread]: Connection:
[0m02:15:05.089678 [info ] [MainThread]:   host: p-rough-water-ayj5p7ft-pooler.c-5.us-east-2.aws.neon.tech
[0m02:15:05.091718 [info ] [MainThread]:   port: 5432
[0m02:15:05.094721 [info ] [MainThread]:   user: neondb_owner
[0m02:15:05.096720 [info ] [MainThread]:   database: neondb
[0m02:15:05.098722 [info ] [MainThread]:   schema: analytics
[0m02:15:05.100718 [info ] [MainThread]:   connect_timeout: 10
[0m02:15:05.101718 [info ] [MainThread]:   role: None
[0m02:15:05.103717 [info ] [MainThread]:   search_path: None
[0m02:15:05.104724 [info ] [MainThread]:   keepalives_idle: 0
[0m02:15:05.106804 [info ] [MainThread]:   sslmode: require
[0m02:15:05.107872 [info ] [MainThread]:   sslcert: None
[0m02:15:05.109874 [info ] [MainThread]:   sslkey: None
[0m02:15:05.111873 [info ] [MainThread]:   sslrootcert: None
[0m02:15:05.113980 [info ] [MainThread]:   application_name: dbt
[0m02:15:05.115872 [info ] [MainThread]:   autocommit: False
[0m02:15:05.116877 [info ] [MainThread]:   retries: 1
[0m02:15:05.119391 [info ] [MainThread]: Registered adapter: postgres=1.11.0
[0m02:15:05.765444 [debug] [MainThread]: Acquiring new postgres connection 'debug'
[0m02:15:06.380340 [debug] [MainThread]: Using postgres connection "debug"
[0m02:15:06.381336 [debug] [MainThread]: On debug: select 1 as id
[0m02:15:06.382315 [debug] [MainThread]: Opening a new connection, currently in state init
[0m02:15:07.910784 [debug] [MainThread]: Postgres adapter: Got a retryable error when attempting to open a postgres connection.
1 attempts remaining. Retrying in 0 seconds.
Error:
connection to server at "p-rough-water-ayj5p7ft-pooler.c-5.us-east-2.aws.neon.tech" (3.23.109.155), port 5432 failed: ERROR:  password authentication failed for user 'neondb_owner'

[0m02:15:09.423869 [debug] [MainThread]: Postgres adapter: Error running SQL: select 1 as id
[0m02:15:09.424868 [debug] [MainThread]: Postgres adapter: Rolling back transaction.
[0m02:15:09.426460 [debug] [MainThread]: On debug: No close available on handle
[0m02:15:09.427567 [info ] [MainThread]:   Connection test: [[31mERROR[0m]

[0m02:15:09.428471 [info ] [MainThread]: [31m2 checks failed:[0m
[0m02:15:09.429468 [info ] [MainThread]: Error from git --help: Could not find command, ensure it is in the user's PATH and that the user has permissions to run it: "git"

[0m02:15:09.430576 [info ] [MainThread]: dbt was unable to connect to the specified database.
The database returned the following error:

  >Database Error
  connection to server at "p-rough-water-ayj5p7ft-pooler.c-5.us-east-2.aws.neon.tech" (3.23.109.155), port 5432 failed: ERROR:  password authentication failed for user 'neondb_owner'
  

Check your database credentials and try again. For more information, visit:
https://docs.getdbt.com/docs/configure-your-profile


[0m02:15:09.431468 [debug] [MainThread]: Command `dbt debug` failed at 02:15:09.431468 after 5.43 seconds
[0m02:15:09.433473 [debug] [MainThread]: Connection 'debug' was properly closed.
[0m02:15:09.434472 [debug] [MainThread]: Sending event: {'category': 'dbt', 'action': 'invocation', 'label': 'end', 'context': [<snowplow_tracker.self_describing_json.SelfDescribingJson object at 0x000001F5275BB5E0>, <snowplow_tracker.self_describing_json.SelfDescribingJson object at 0x000001F528EECEB0>, <snowplow_tracker.self_describing_json.SelfDescribingJson object at 0x000001F5280ECCD0>]}
[0m02:15:09.435560 [debug] [MainThread]: Flushing usage events
[0m02:15:10.844085 [debug] [MainThread]: An error was encountered while trying to flush usage events
[0m02:18:50.447101 [debug] [MainThread]: Sending event: {'category': 'dbt', 'action': 'invocation', 'label': 'start', 'context': [<snowplow_tracker.self_describing_json.SelfDescribingJson object at 0x000002BD0ECDB640>, <snowplow_tracker.self_describing_json.SelfDescribingJson object at 0x000002BD104E75B0>, <snowplow_tracker.self_describing_json.SelfDescribingJson object at 0x000002BD104E73D0>]}


============================== 02:18:50.454805 | 80b1e0ce-210c-418e-997f-780e56067557 ==============================
[0m02:18:50.454805 [info ] [MainThread]: Running with dbt=1.12.3
[0m02:18:50.456805 [debug] [MainThread]: running dbt with arguments {'maximum_seed_size_mib': '1', 'no_print': 'None', 'static_parser': 'True', 'target_path': 'None', 'warn_error_options': 'WarnErrorOptionsV2(error=[], warn=[], silence=[])', 'version_check': 'True', 'printer_width': '80', 'write_json': 'True', 'introspect': 'True', 'log_cache_events': 'False', 'empty': 'None', 'cache_selected_only': 'False', 'log_format': 'default', 'debug': 'False', 'fail_fast': 'False', 'profiles_dir': 'C:\\Users\\eknmeeu\\.dbt', 'send_anonymous_usage_stats': 'True', 'quiet': 'False', 'warn_error': 'None', 'partial_parse': 'True', 'indirect_selection': 'eager', 'hints_enabled': 'True', 'invocation_command': 'dbt debug', 'use_experimental_parser': 'False', 'use_colors': 'True', 'log_path': 'C:\\Users\\eknmeeu\\Downloads\\Py_Neeraj\\DE_P\\dbt\\dbt_crypto\\logs'}
[0m02:18:50.512992 [info ] [MainThread]: dbt version: 1.12.3
[0m02:18:50.513989 [info ] [MainThread]: python version: 3.10.13
[0m02:18:50.515823 [info ] [MainThread]: python path: C:\PythonEnv\PythonSoftware\3.10.13\python.exe
[0m02:18:50.517869 [info ] [MainThread]: os info: Windows-10-10.0.26200-SP0
[0m02:18:50.658372 [info ] [MainThread]: Using profiles dir at C:\Users\eknmeeu\.dbt
[0m02:18:50.660370 [info ] [MainThread]: Using profiles.yml file at C:\Users\eknmeeu\.dbt\profiles.yml
[0m02:18:50.661370 [info ] [MainThread]: Using dbt_project.yml file at C:\Users\eknmeeu\Downloads\Py_Neeraj\DE_P\dbt\dbt_crypto\dbt_project.yml
[0m02:18:50.664369 [info ] [MainThread]: adapter type: postgres
[0m02:18:50.665849 [info ] [MainThread]: adapter version: 1.11.0
[0m02:18:50.826429 [info ] [MainThread]: Configuration:
[0m02:18:50.828430 [info ] [MainThread]:   profiles.yml file [[32mOK found and valid[0m]
[0m02:18:50.829399 [info ] [MainThread]:   dbt_project.yml file [[32mOK found and valid[0m]
[0m02:18:50.830420 [info ] [MainThread]: Required dependencies:
[0m02:18:50.831485 [debug] [MainThread]: Executing "git --help"
[0m02:18:50.844394 [info ] [MainThread]:  - git [[31mERROR[0m]

[0m02:18:50.846396 [info ] [MainThread]: Connection:
[0m02:18:50.848396 [info ] [MainThread]:   host: p-rough-water-ayj5p7ft-pooler.c-5.us-east-2.aws.neon.tech
[0m02:18:50.850399 [info ] [MainThread]:   port: 5432
[0m02:18:50.852397 [info ] [MainThread]:   user: neondb_owner
[0m02:18:50.854445 [info ] [MainThread]:   database: neondb
[0m02:18:50.855395 [info ] [MainThread]:   schema: analytics
[0m02:18:50.856398 [info ] [MainThread]:   connect_timeout: 10
[0m02:18:50.857394 [info ] [MainThread]:   role: None
[0m02:18:50.858397 [info ] [MainThread]:   search_path: None
[0m02:18:50.860397 [info ] [MainThread]:   keepalives_idle: 0
[0m02:18:50.861395 [info ] [MainThread]:   sslmode: require
[0m02:18:50.862482 [info ] [MainThread]:   sslcert: None
[0m02:18:50.864397 [info ] [MainThread]:   sslkey: None
[0m02:18:50.865395 [info ] [MainThread]:   sslrootcert: None
[0m02:18:50.867399 [info ] [MainThread]:   application_name: dbt
[0m02:18:50.869396 [info ] [MainThread]:   autocommit: False
[0m02:18:50.874398 [info ] [MainThread]:   retries: 1
[0m02:18:50.879397 [info ] [MainThread]: Registered adapter: postgres=1.11.0
[0m02:18:51.449496 [debug] [MainThread]: Acquiring new postgres connection 'debug'
[0m02:18:51.914230 [debug] [MainThread]: Using postgres connection "debug"
[0m02:18:51.915181 [debug] [MainThread]: On debug: select 1 as id
[0m02:18:51.917133 [debug] [MainThread]: Opening a new connection, currently in state init
[0m02:18:54.166166 [debug] [MainThread]: Postgres adapter: Got a retryable error when attempting to open a postgres connection.
1 attempts remaining. Retrying in 0 seconds.
Error:
connection to server at "p-rough-water-ayj5p7ft-pooler.c-5.us-east-2.aws.neon.tech" (16.58.187.204), port 5432 failed: ERROR:  password authentication failed for user 'neondb_owner'

[0m02:18:55.641932 [debug] [MainThread]: Postgres adapter: Error running SQL: select 1 as id
[0m02:18:55.642927 [debug] [MainThread]: Postgres adapter: Rolling back transaction.
[0m02:18:55.643928 [debug] [MainThread]: On debug: No close available on handle
[0m02:18:55.644935 [info ] [MainThread]:   Connection test: [[31mERROR[0m]

[0m02:18:55.645932 [info ] [MainThread]: [31m2 checks failed:[0m
[0m02:18:55.647932 [info ] [MainThread]: Error from git --help: Could not find command, ensure it is in the user's PATH and that the user has permissions to run it: "git"

[0m02:18:55.648933 [info ] [MainThread]: dbt was unable to connect to the specified database.
The database returned the following error:

  >Database Error
  connection to server at "p-rough-water-ayj5p7ft-pooler.c-5.us-east-2.aws.neon.tech" (16.58.187.204), port 5432 failed: ERROR:  password authentication failed for user 'neondb_owner'
  

Check your database credentials and try again. For more information, visit:
https://docs.getdbt.com/docs/configure-your-profile


[0m02:18:55.650476 [debug] [MainThread]: Command `dbt debug` failed at 02:18:55.650476 after 5.76 seconds
[0m02:18:55.651475 [debug] [MainThread]: Connection 'debug' was properly closed.
[0m02:18:55.652478 [debug] [MainThread]: Sending event: {'category': 'dbt', 'action': 'invocation', 'label': 'end', 'context': [<snowplow_tracker.self_describing_json.SelfDescribingJson object at 0x000002BD0ECDB640>, <snowplow_tracker.self_describing_json.SelfDescribingJson object at 0x000002BD1060E260>, <snowplow_tracker.self_describing_json.SelfDescribingJson object at 0x000002BD104451E0>]}
[0m02:18:55.653475 [debug] [MainThread]: Flushing usage events
[0m02:18:58.529213 [debug] [MainThread]: An error was encountered while trying to flush usage events
[0m02:24:13.284905 [debug] [MainThread]: Sending event: {'category': 'dbt', 'action': 'invocation', 'label': 'start', 'context': [<snowplow_tracker.self_describing_json.SelfDescribingJson object at 0x000002589497B640>, <snowplow_tracker.self_describing_json.SelfDescribingJson object at 0x00000258971575B0>, <snowplow_tracker.self_describing_json.SelfDescribingJson object at 0x00000258971573D0>]}


============================== 02:24:13.293562 | eb2429e9-93a7-48eb-a785-d8e4fb158148 ==============================
[0m02:24:13.293562 [info ] [MainThread]: Running with dbt=1.12.3
[0m02:24:13.294565 [debug] [MainThread]: running dbt with arguments {'maximum_seed_size_mib': '1', 'no_print': 'None', 'version_check': 'True', 'target_path': 'None', 'static_parser': 'True', 'warn_error_options': 'WarnErrorOptionsV2(error=[], warn=[], silence=[])', 'printer_width': '80', 'write_json': 'True', 'introspect': 'True', 'log_cache_events': 'False', 'empty': 'None', 'cache_selected_only': 'False', 'log_format': 'default', 'debug': 'False', 'fail_fast': 'False', 'profiles_dir': 'C:\\Users\\eknmeeu\\.dbt', 'send_anonymous_usage_stats': 'True', 'quiet': 'False', 'warn_error': 'None', 'partial_parse': 'True', 'indirect_selection': 'eager', 'hints_enabled': 'True', 'use_colors': 'True', 'use_experimental_parser': 'False', 'invocation_command': 'dbt debug', 'log_path': 'C:\\Users\\eknmeeu\\Downloads\\Py_Neeraj\\DE_P\\dbt\\dbt_crypto\\logs'}
[0m02:24:13.344536 [info ] [MainThread]: dbt version: 1.12.3
[0m02:24:13.345535 [info ] [MainThread]: python version: 3.10.13
[0m02:24:13.346538 [info ] [MainThread]: python path: C:\PythonEnv\PythonSoftware\3.10.13\python.exe
[0m02:24:13.348536 [info ] [MainThread]: os info: Windows-10-10.0.26200-SP0
[0m02:24:13.480831 [info ] [MainThread]: Using profiles dir at C:\Users\eknmeeu\.dbt
[0m02:24:13.482815 [info ] [MainThread]: Using profiles.yml file at C:\Users\eknmeeu\.dbt\profiles.yml
[0m02:24:13.483815 [info ] [MainThread]: Using dbt_project.yml file at C:\Users\eknmeeu\Downloads\Py_Neeraj\DE_P\dbt\dbt_crypto\dbt_project.yml
[0m02:24:13.486815 [info ] [MainThread]: adapter type: postgres
[0m02:24:13.488817 [info ] [MainThread]: adapter version: 1.11.0
[0m02:24:13.658385 [info ] [MainThread]: Configuration:
[0m02:24:13.660312 [info ] [MainThread]:   profiles.yml file [[32mOK found and valid[0m]
[0m02:24:13.661338 [info ] [MainThread]:   dbt_project.yml file [[32mOK found and valid[0m]
[0m02:24:13.663279 [info ] [MainThread]: Required dependencies:
[0m02:24:13.664278 [debug] [MainThread]: Executing "git --help"
[0m02:24:13.679803 [info ] [MainThread]:  - git [[31mERROR[0m]

[0m02:24:13.680807 [info ] [MainThread]: Connection:
[0m02:24:13.682803 [info ] [MainThread]:   host: ep-rough-water-ayj5p7ft-pooler.c-5.us-east-2.aws.neon.tech
[0m02:24:13.683892 [info ] [MainThread]:   port: 5432
[0m02:24:13.684802 [info ] [MainThread]:   user: neondb_owner
[0m02:24:13.685838 [info ] [MainThread]:   database: neondb
[0m02:24:13.686802 [info ] [MainThread]:   schema: analytics
[0m02:24:13.688871 [info ] [MainThread]:   connect_timeout: 10
[0m02:24:13.689806 [info ] [MainThread]:   role: None
[0m02:24:13.691809 [info ] [MainThread]:   search_path: None
[0m02:24:13.693806 [info ] [MainThread]:   keepalives_idle: 0
[0m02:24:13.695802 [info ] [MainThread]:   sslmode: require
[0m02:24:13.696803 [info ] [MainThread]:   sslcert: None
[0m02:24:13.697802 [info ] [MainThread]:   sslkey: None
[0m02:24:13.698921 [info ] [MainThread]:   sslrootcert: None
[0m02:24:13.700810 [info ] [MainThread]:   application_name: dbt
[0m02:24:13.701809 [info ] [MainThread]:   autocommit: False
[0m02:24:13.703851 [info ] [MainThread]:   retries: 1
[0m02:24:13.704809 [info ] [MainThread]: Registered adapter: postgres=1.11.0
[0m02:24:14.233932 [debug] [MainThread]: Acquiring new postgres connection 'debug'
[0m02:24:14.660132 [debug] [MainThread]: Using postgres connection "debug"
[0m02:24:14.661132 [debug] [MainThread]: On debug: select 1 as id
[0m02:24:14.662132 [debug] [MainThread]: Opening a new connection, currently in state init
[0m02:24:17.066425 [debug] [MainThread]: Postgres adapter: Got a retryable error when attempting to open a postgres connection.
1 attempts remaining. Retrying in 0 seconds.
Error:
connection to server at "ep-rough-water-ayj5p7ft-pooler.c-5.us-east-2.aws.neon.tech" (16.58.187.204), port 5432 failed: ERROR:  password authentication failed for user 'neondb_owner'

[0m02:24:18.925732 [debug] [MainThread]: Postgres adapter: Error running SQL: select 1 as id
[0m02:24:18.926732 [debug] [MainThread]: Postgres adapter: Rolling back transaction.
[0m02:24:18.927733 [debug] [MainThread]: On debug: No close available on handle
[0m02:24:18.928732 [info ] [MainThread]:   Connection test: [[31mERROR[0m]

[0m02:24:18.930732 [info ] [MainThread]: [31m2 checks failed:[0m
[0m02:24:18.931733 [info ] [MainThread]: Error from git --help: Could not find command, ensure it is in the user's PATH and that the user has permissions to run it: "git"

[0m02:24:18.933735 [info ] [MainThread]: dbt was unable to connect to the specified database.
The database returned the following error:

  >Database Error
  connection to server at "ep-rough-water-ayj5p7ft-pooler.c-5.us-east-2.aws.neon.tech" (16.58.187.204), port 5432 failed: ERROR:  password authentication failed for user 'neondb_owner'
  

Check your database credentials and try again. For more information, visit:
https://docs.getdbt.com/docs/configure-your-profile


[0m02:24:18.936737 [debug] [MainThread]: Command `dbt debug` failed at 02:24:18.936737 after 6.20 seconds
[0m02:24:18.937735 [debug] [MainThread]: Connection 'debug' was properly closed.
[0m02:24:18.939920 [debug] [MainThread]: Sending event: {'category': 'dbt', 'action': 'invocation', 'label': 'end', 'context': [<snowplow_tracker.self_describing_json.SelfDescribingJson object at 0x000002589497B640>, <snowplow_tracker.self_describing_json.SelfDescribingJson object at 0x000002589727E260>, <snowplow_tracker.self_describing_json.SelfDescribingJson object at 0x00000258970B51E0>]}
[0m02:24:18.940920 [debug] [MainThread]: Flushing usage events
[0m02:24:20.496214 [debug] [MainThread]: An error was encountered while trying to flush usage events
[0m02:35:59.952384 [debug] [MainThread]: Sending event: {'category': 'dbt', 'action': 'invocation', 'label': 'start', 'context': [<snowplow_tracker.self_describing_json.SelfDescribingJson object at 0x000001B4B6EDB610>, <snowplow_tracker.self_describing_json.SelfDescribingJson object at 0x000001B4B96B7580>, <snowplow_tracker.self_describing_json.SelfDescribingJson object at 0x000001B4B96B73A0>]}


============================== 02:35:59.959742 | fc0edd27-37a9-487c-b493-5b125b4094ef ==============================
[0m02:35:59.959742 [info ] [MainThread]: Running with dbt=1.12.3
[0m02:35:59.959742 [debug] [MainThread]: running dbt with arguments {'maximum_seed_size_mib': '1', 'no_print': 'None', 'version_check': 'True', 'warn_error_options': 'WarnErrorOptionsV2(error=[], warn=[], silence=[])', 'target_path': 'None', 'static_parser': 'True', 'printer_width': '80', 'write_json': 'True', 'empty': 'None', 'log_cache_events': 'False', 'introspect': 'True', 'cache_selected_only': 'False', 'log_format': 'default', 'debug': 'False', 'fail_fast': 'False', 'partial_parse': 'True', 'send_anonymous_usage_stats': 'True', 'quiet': 'False', 'warn_error': 'None', 'profiles_dir': 'C:\\Users\\eknmeeu\\.dbt', 'indirect_selection': 'eager', 'hints_enabled': 'True', 'invocation_command': 'dbt debug', 'use_experimental_parser': 'False', 'use_colors': 'True', 'log_path': 'C:\\Users\\eknmeeu\\Downloads\\Py_Neeraj\\DE_P\\dbt\\dbt_crypto\\logs'}
[0m02:36:00.006101 [info ] [MainThread]: dbt version: 1.12.3
[0m02:36:00.006101 [info ] [MainThread]: python version: 3.10.13
[0m02:36:00.006101 [info ] [MainThread]: python path: C:\PythonEnv\PythonSoftware\3.10.13\python.exe
[0m02:36:00.006101 [info ] [MainThread]: os info: Windows-10-10.0.26200-SP0
[0m02:36:00.097503 [info ] [MainThread]: Using profiles dir at C:\Users\eknmeeu\.dbt
[0m02:36:00.099505 [info ] [MainThread]: Using profiles.yml file at C:\Users\eknmeeu\.dbt\profiles.yml
[0m02:36:00.101022 [info ] [MainThread]: Using dbt_project.yml file at C:\Users\eknmeeu\Downloads\Py_Neeraj\DE_P\dbt\dbt_crypto\dbt_project.yml
[0m02:36:00.103086 [info ] [MainThread]: adapter type: postgres
[0m02:36:00.104021 [info ] [MainThread]: adapter version: 1.11.0
[0m02:36:00.218115 [info ] [MainThread]: Configuration:
[0m02:36:00.220115 [info ] [MainThread]:   profiles.yml file [[32mOK found and valid[0m]
[0m02:36:00.221111 [info ] [MainThread]:   dbt_project.yml file [[32mOK found and valid[0m]
[0m02:36:00.222115 [info ] [MainThread]: Required dependencies:
[0m02:36:00.222115 [debug] [MainThread]: Executing "git --help"
[0m02:36:00.234139 [info ] [MainThread]:  - git [[31mERROR[0m]

[0m02:36:00.239145 [info ] [MainThread]: Connection:
[0m02:36:00.245176 [info ] [MainThread]:   host: ep-rough-water-ayj5p7ft-pooler.c-5.us-east-2.aws.neon.tech
[0m02:36:00.250019 [info ] [MainThread]:   port: 5432
[0m02:36:00.252029 [info ] [MainThread]:   user: neondb_owner
[0m02:36:00.254028 [info ] [MainThread]:   database: neondb
[0m02:36:00.257348 [info ] [MainThread]:   schema: analytics
[0m02:36:00.259358 [info ] [MainThread]:   connect_timeout: 10
[0m02:36:00.261366 [info ] [MainThread]:   role: None
[0m02:36:00.263372 [info ] [MainThread]:   search_path: None
[0m02:36:00.265378 [info ] [MainThread]:   keepalives_idle: 0
[0m02:36:00.267665 [info ] [MainThread]:   sslmode: require
[0m02:36:00.271373 [info ] [MainThread]:   sslcert: None
[0m02:36:00.273386 [info ] [MainThread]:   sslkey: None
[0m02:36:00.275396 [info ] [MainThread]:   sslrootcert: None
[0m02:36:00.275396 [info ] [MainThread]:   application_name: dbt
[0m02:36:00.275396 [info ] [MainThread]:   autocommit: False
[0m02:36:00.280258 [info ] [MainThread]:   retries: 1
[0m02:36:00.280258 [info ] [MainThread]: Registered adapter: postgres=1.11.0
[0m02:36:00.639676 [debug] [MainThread]: Acquiring new postgres connection 'debug'
[0m02:36:01.017240 [debug] [MainThread]: Using postgres connection "debug"
[0m02:36:01.017240 [debug] [MainThread]: On debug: select 1 as id
[0m02:36:01.017240 [debug] [MainThread]: Opening a new connection, currently in state init
[0m02:36:03.030686 [debug] [MainThread]: SQL status: SELECT 1 in 2.012 seconds
[0m02:36:03.032699 [debug] [MainThread]: On debug: Close
[0m02:36:03.033219 [info ] [MainThread]:   Connection test: [[32mOK connection ok[0m]

[0m02:36:03.033219 [info ] [MainThread]: [31m1 check failed:[0m
[0m02:36:03.033219 [info ] [MainThread]: Error from git --help: Could not find command, ensure it is in the user's PATH and that the user has permissions to run it: "git"

[0m02:36:03.033219 [debug] [MainThread]: Command `dbt debug` failed at 02:36:03.033219 after 3.50 seconds
[0m02:36:03.033219 [debug] [MainThread]: Connection 'debug' was properly closed.
[0m02:36:03.033219 [debug] [MainThread]: Sending event: {'category': 'dbt', 'action': 'invocation', 'label': 'end', 'context': [<snowplow_tracker.self_describing_json.SelfDescribingJson object at 0x000001B4B6EDB610>, <snowplow_tracker.self_describing_json.SelfDescribingJson object at 0x000001B4B97DF1F0>, <snowplow_tracker.self_describing_json.SelfDescribingJson object at 0x000001B4B95ED750>]}
[0m02:36:03.033219 [debug] [MainThread]: Flushing usage events
[0m02:36:04.717597 [debug] [MainThread]: An error was encountered while trying to flush usage events
[0m02:38:23.261080 [debug] [MainThread]: Sending event: {'category': 'dbt', 'action': 'invocation', 'label': 'start', 'context': [<snowplow_tracker.self_describing_json.SelfDescribingJson object at 0x000001CA0D7C7640>, <snowplow_tracker.self_describing_json.SelfDescribingJson object at 0x000001CA0F034BB0>, <snowplow_tracker.self_describing_json.SelfDescribingJson object at 0x000001CA0F0349D0>]}


============================== 02:38:23.271103 | a286e35e-3015-4aa7-a2be-079ecc7bd1a6 ==============================
[0m02:38:23.271103 [info ] [MainThread]: Running with dbt=1.12.3
[0m02:38:23.271103 [debug] [MainThread]: running dbt with arguments {'version_check': 'True', 'no_print': 'None', 'static_parser': 'True', 'target_path': 'None', 'warn_error_options': 'WarnErrorOptionsV2(error=[], warn=[], silence=[])', 'maximum_seed_size_mib': '1', 'printer_width': '80', 'write_json': 'True', 'empty': 'False', 'log_cache_events': 'False', 'introspect': 'True', 'cache_selected_only': 'False', 'log_format': 'default', 'debug': 'False', 'fail_fast': 'False', 'profiles_dir': 'C:\\Users\\eknmeeu\\.dbt', 'send_anonymous_usage_stats': 'True', 'quiet': 'False', 'warn_error': 'None', 'partial_parse': 'True', 'invocation_command': 'dbt run --select stg_crypto_klines int_daily_asset_metrics fct_asset_daily_analytics', 'hints_enabled': 'True', 'use_colors': 'True', 'use_experimental_parser': 'False', 'indirect_selection': 'eager', 'log_path': 'C:\\Users\\eknmeeu\\Downloads\\Py_Neeraj\\DE_P\\dbt\\dbt_crypto\\logs'}
[0m02:38:23.562120 [debug] [MainThread]: Sending event: {'category': 'dbt', 'action': 'project_id', 'label': 'a286e35e-3015-4aa7-a2be-079ecc7bd1a6', 'context': [<snowplow_tracker.self_describing_json.SelfDescribingJson object at 0x000001CA0F1D8490>]}
[0m02:38:23.657675 [debug] [MainThread]: Sending event: {'category': 'dbt', 'action': 'adapter_info', 'label': 'a286e35e-3015-4aa7-a2be-079ecc7bd1a6', 'context': [<snowplow_tracker.self_describing_json.SelfDescribingJson object at 0x000001CA0B60F250>]}
[0m02:38:23.657675 [info ] [MainThread]: Registered adapter: postgres=1.11.0
[0m02:38:24.024880 [debug] [MainThread]: checksum: 15b6814c27264d0629857aab4d824ec3aa97fd3d23a0ccfc8ec203ae2aba15df, vars: {}, profile: dbt_crypto, target: dev, version: 1.12.3
[0m02:38:24.159506 [info ] [MainThread]: Unable to do partial parsing because profile has changed
[0m02:38:24.159506 [debug] [MainThread]: Sending event: {'category': 'dbt', 'action': 'partial_parser', 'label': 'a286e35e-3015-4aa7-a2be-079ecc7bd1a6', 'context': [<snowplow_tracker.self_describing_json.SelfDescribingJson object at 0x000001CA0E302EF0>]}
[0m02:38:25.790394 [debug] [MainThread]: Sending event: {'category': 'dbt', 'action': 'load_project', 'label': 'a286e35e-3015-4aa7-a2be-079ecc7bd1a6', 'context': [<snowplow_tracker.self_describing_json.SelfDescribingJson object at 0x000001CA0F20E440>]}
[0m02:38:25.911449 [debug] [MainThread]: Wrote artifact WritableManifest to C:\Users\eknmeeu\Downloads\Py_Neeraj\DE_P\dbt\dbt_crypto\target\manifest.json
[0m02:38:25.938899 [debug] [MainThread]: Wrote artifact SemanticManifest to C:\Users\eknmeeu\Downloads\Py_Neeraj\DE_P\dbt\dbt_crypto\target\semantic_manifest.json
[0m02:38:26.063607 [debug] [MainThread]: Wrote artifact OsiDocument to C:\Users\eknmeeu\Downloads\Py_Neeraj\DE_P\dbt\dbt_crypto\target\osi_document.json
[0m02:38:26.097479 [debug] [MainThread]: Sending event: {'category': 'dbt', 'action': 'resource_counts', 'label': 'a286e35e-3015-4aa7-a2be-079ecc7bd1a6', 'context': [<snowplow_tracker.self_describing_json.SelfDescribingJson object at 0x000001CA10AA1B10>]}
[0m02:38:26.099482 [info ] [MainThread]: Found 6 models, 4 data tests, 1 source, 477 macros
[0m02:38:26.100481 [debug] [MainThread]: Sending event: {'category': 'dbt', 'action': 'runnable_timing', 'label': 'a286e35e-3015-4aa7-a2be-079ecc7bd1a6', 'context': [<snowplow_tracker.self_describing_json.SelfDescribingJson object at 0x000001CA10AA1840>]}
[0m02:38:26.103482 [info ] [MainThread]: 
[0m02:38:26.104477 [info ] [MainThread]: Concurrency: 4 threads (target='dev')
[0m02:38:26.105478 [info ] [MainThread]: 
[0m02:38:26.107495 [debug] [MainThread]: Acquiring new postgres connection 'master'
[0m02:38:26.113477 [debug] [ThreadPool]: Acquiring new postgres connection 'list_neondb'
[0m02:38:26.391084 [debug] [ThreadPool]: Using postgres connection "list_neondb"
[0m02:38:26.392083 [debug] [ThreadPool]: On list_neondb: /* {"app": "dbt", "dbt_version": "1.12.3", "profile_name": "dbt_crypto", "target_name": "dev", "connection_name": "list_neondb"} */

    select distinct nspname from pg_namespace
  
[0m02:38:26.393065 [debug] [ThreadPool]: Opening a new connection, currently in state init
[0m02:38:28.753455 [debug] [ThreadPool]: SQL status: SELECT 4 in 2.361 seconds
[0m02:38:28.759400 [debug] [ThreadPool]: On list_neondb: Close
[0m02:38:28.762142 [debug] [ThreadPool]: Re-using an available connection from the pool (formerly list_neondb, now create_neondb_analytics)
[0m02:38:28.763740 [debug] [ThreadPool]: Creating schema "database: "neondb"
schema: "analytics"
"
[0m02:38:28.768151 [debug] [ThreadPool]: Using postgres connection "create_neondb_analytics"
[0m02:38:28.769088 [debug] [ThreadPool]: On create_neondb_analytics: /* {"app": "dbt", "dbt_version": "1.12.3", "profile_name": "dbt_crypto", "target_name": "dev", "connection_name": "create_neondb_analytics"} */
create schema if not exists "analytics"
[0m02:38:28.770164 [debug] [ThreadPool]: Opening a new connection, currently in state closed
[0m02:38:30.778860 [debug] [ThreadPool]: SQL status: CREATE SCHEMA in 2.009 seconds
[0m02:38:30.780998 [debug] [ThreadPool]: On create_neondb_analytics: COMMIT
[0m02:38:30.780998 [debug] [ThreadPool]: Using postgres connection "create_neondb_analytics"
[0m02:38:30.780998 [debug] [ThreadPool]: On create_neondb_analytics: COMMIT
[0m02:38:31.025785 [debug] [ThreadPool]: SQL status: COMMIT in 0.244 seconds
[0m02:38:31.030500 [debug] [ThreadPool]: On create_neondb_analytics: Close
[0m02:38:31.031873 [debug] [ThreadPool]: Acquiring new postgres connection 'list_neondb_analytics'
[0m02:38:31.031873 [debug] [ThreadPool]: Using postgres connection "list_neondb_analytics"
[0m02:38:31.031873 [debug] [ThreadPool]: On list_neondb_analytics: /* {"app": "dbt", "dbt_version": "1.12.3", "profile_name": "dbt_crypto", "target_name": "dev", "connection_name": "list_neondb_analytics"} */
select
      'neondb' as database,
      tablename as name,
      schemaname as schema,
      'table' as type
    from pg_tables
    where schemaname ilike 'analytics'
    union all
    select
      'neondb' as database,
      viewname as name,
      schemaname as schema,
      'view' as type
    from pg_views
    where schemaname ilike 'analytics'
    union all
    select
      'neondb' as database,
      matviewname as name,
      schemaname as schema,
      'materialized_view' as type
    from pg_matviews
    where schemaname ilike 'analytics'
    union all
    select distinct
     'neondb' as database,
     proname as name,
     ns.nspname as schema,
     'function' as type
    from pg_proc
     join pg_namespace as ns on pronamespace = ns.oid
    where ns.nspname ilike 'analytics'
  
[0m02:38:31.031873 [debug] [ThreadPool]: Opening a new connection, currently in state init
[0m02:38:33.027462 [debug] [ThreadPool]: SQL status: SELECT 0 in 1.986 seconds
[0m02:38:33.029625 [debug] [ThreadPool]: On list_neondb_analytics: ROLLBACK
[0m02:38:33.259459 [debug] [ThreadPool]: On list_neondb_analytics: Close
[0m02:38:33.275212 [debug] [MainThread]: Using postgres connection "master"
[0m02:38:33.275212 [debug] [MainThread]: On master: /* {"app": "dbt", "dbt_version": "1.12.3", "profile_name": "dbt_crypto", "target_name": "dev", "connection_name": "master"} */
select distinct
        dependent_namespace.nspname as dependent_schema,
        dependent_class.relname as dependent_name,
        referenced_namespace.nspname as referenced_schema,
        referenced_class.relname as referenced_name

    -- Query for views: views are entries in pg_class with an entry in pg_rewrite, but we avoid
    -- a seq scan on pg_rewrite by leveraging the fact there is an "internal" row in pg_depend for
    -- the view...
    from pg_class as dependent_class
    join pg_namespace as dependent_namespace on dependent_namespace.oid = dependent_class.relnamespace
    join pg_depend as dependent_depend on dependent_depend.refobjid = dependent_class.oid
        and dependent_depend.classid = 'pg_rewrite'::regclass
        and dependent_depend.refclassid = 'pg_class'::regclass
        and dependent_depend.deptype = 'i'

    -- ... and via pg_depend (that has a row per column, hence the need for "distinct" above, and
    -- making sure to exclude the internal row to avoid a view appearing to depend on itself)...
    join pg_depend as joining_depend on joining_depend.objid = dependent_depend.objid
        and joining_depend.classid = 'pg_rewrite'::regclass
        and joining_depend.refclassid = 'pg_class'::regclass
        and joining_depend.refobjid != dependent_depend.refobjid

    -- ... we can find the tables they query from in pg_class, but excluding system tables. Note we
    -- don't need need to exclude _dependent_ system tables, because they only query from other
    -- system tables, and so are automatically excluded by excluding _referenced_ system tables
    join pg_class as referenced_class on referenced_class.oid = joining_depend.refobjid
    join pg_namespace as referenced_namespace on referenced_namespace.oid = referenced_class.relnamespace
        and referenced_namespace.nspname != 'information_schema'
        and referenced_namespace.nspname not like 'pg\_%'

    order by
        dependent_schema, dependent_name, referenced_schema, referenced_name;
[0m02:38:33.275212 [debug] [MainThread]: Opening a new connection, currently in state init
[0m02:38:35.283417 [debug] [MainThread]: SQL status: SELECT 0 in 2.000 seconds
[0m02:38:35.285550 [debug] [MainThread]: Sending event: {'category': 'dbt', 'action': 'runnable_timing', 'label': 'a286e35e-3015-4aa7-a2be-079ecc7bd1a6', 'context': [<snowplow_tracker.self_describing_json.SelfDescribingJson object at 0x000001CA10AA7940>]}
[0m02:38:35.286541 [debug] [MainThread]: On master: ROLLBACK
[0m02:38:35.530263 [debug] [MainThread]: On master: COMMIT
[0m02:38:35.532282 [debug] [MainThread]: Using postgres connection "master"
[0m02:38:35.533375 [debug] [MainThread]: On master: COMMIT
[0m02:38:36.018707 [debug] [MainThread]: SQL status: COMMIT in 0.484 seconds
[0m02:38:36.020814 [debug] [MainThread]: On master: Close
[0m02:38:36.042578 [debug] [Thread-1 (]: Began running node model.dbt_crypto.stg_crypto_klines
[0m02:38:36.042578 [info ] [Thread-1 (]: 1 of 3 START sql view model analytics.stg_crypto_klines ........................ [RUN]
[0m02:38:36.058373 [debug] [Thread-1 (]: Acquiring new postgres connection 'model.dbt_crypto.stg_crypto_klines'
[0m02:38:36.058373 [debug] [Thread-1 (]: Began compiling node model.dbt_crypto.stg_crypto_klines
[0m02:38:36.065454 [debug] [Thread-1 (]: Writing injected SQL for node "model.dbt_crypto.stg_crypto_klines"
[0m02:38:36.069467 [debug] [Thread-1 (]: Began executing node model.dbt_crypto.stg_crypto_klines
[0m02:38:36.095273 [debug] [Thread-1 (]: Writing runtime sql for node "model.dbt_crypto.stg_crypto_klines"
[0m02:38:36.095273 [debug] [Thread-1 (]: Using postgres connection "model.dbt_crypto.stg_crypto_klines"
[0m02:38:36.095273 [debug] [Thread-1 (]: On model.dbt_crypto.stg_crypto_klines: /* {"app": "dbt", "dbt_version": "1.12.3", "profile_name": "dbt_crypto", "target_name": "dev", "node_id": "model.dbt_crypto.stg_crypto_klines"} */

  create view "neondb"."analytics"."stg_crypto_klines__dbt_tmp"
    
    
  as (
    SELECT
    symbol,
    interval,
    open_time,
    close_time,
    open,
    high,
    low,
    close,
    volume,
    source,
    batch_id,
    ingested_at

FROM public.clean_events
  );
[0m02:38:36.111058 [debug] [Thread-1 (]: Opening a new connection, currently in state init
[0m02:38:38.147876 [debug] [Thread-1 (]: SQL status: CREATE VIEW in 2.041 seconds
[0m02:38:38.147876 [debug] [Thread-1 (]: Using postgres connection "model.dbt_crypto.stg_crypto_klines"
[0m02:38:38.147876 [debug] [Thread-1 (]: On model.dbt_crypto.stg_crypto_klines: /* {"app": "dbt", "dbt_version": "1.12.3", "profile_name": "dbt_crypto", "target_name": "dev", "node_id": "model.dbt_crypto.stg_crypto_klines"} */
alter table "neondb"."analytics"."stg_crypto_klines__dbt_tmp" rename to "stg_crypto_klines"
[0m02:38:38.395092 [debug] [Thread-1 (]: SQL status: ALTER TABLE in 0.246 seconds
[0m02:38:38.423000 [debug] [Thread-1 (]: On model.dbt_crypto.stg_crypto_klines: COMMIT
[0m02:38:38.423991 [debug] [Thread-1 (]: Using postgres connection "model.dbt_crypto.stg_crypto_klines"
[0m02:38:38.424907 [debug] [Thread-1 (]: On model.dbt_crypto.stg_crypto_klines: COMMIT
[0m02:38:38.669605 [debug] [Thread-1 (]: SQL status: COMMIT in 0.248 seconds
[0m02:38:38.675397 [debug] [Thread-1 (]: Applying DROP to: "neondb"."analytics"."stg_crypto_klines__dbt_backup"
[0m02:38:38.675397 [debug] [Thread-1 (]: Using postgres connection "model.dbt_crypto.stg_crypto_klines"
[0m02:38:38.675397 [debug] [Thread-1 (]: On model.dbt_crypto.stg_crypto_klines: /* {"app": "dbt", "dbt_version": "1.12.3", "profile_name": "dbt_crypto", "target_name": "dev", "node_id": "model.dbt_crypto.stg_crypto_klines"} */
drop view if exists "neondb"."analytics"."stg_crypto_klines__dbt_backup" cascade
[0m02:38:38.934666 [debug] [Thread-1 (]: SQL status: DROP VIEW in 0.247 seconds
[0m02:38:38.939655 [debug] [Thread-1 (]: On model.dbt_crypto.stg_crypto_klines: Close
[0m02:38:38.943653 [debug] [Thread-1 (]: Sending event: {'category': 'dbt', 'action': 'run_model', 'label': 'a286e35e-3015-4aa7-a2be-079ecc7bd1a6', 'context': [<snowplow_tracker.self_describing_json.SelfDescribingJson object at 0x000001CA0B4F6D70>]}
[0m02:38:38.945157 [info ] [Thread-1 (]: 1 of 3 OK created sql view model analytics.stg_crypto_klines ................... [[32mCREATE VIEW[0m in 2.88s]
[0m02:38:38.946185 [debug] [Thread-1 (]: Finished running node model.dbt_crypto.stg_crypto_klines
[0m02:38:38.947265 [debug] [Thread-3 (]: Began running node model.dbt_crypto.int_daily_asset_metrics
[0m02:38:38.948218 [info ] [Thread-3 (]: 2 of 3 START sql view model analytics.int_daily_asset_metrics .................. [RUN]
[0m02:38:38.950216 [debug] [Thread-3 (]: Acquiring new postgres connection 'model.dbt_crypto.int_daily_asset_metrics'
[0m02:38:38.950216 [debug] [Thread-3 (]: Began compiling node model.dbt_crypto.int_daily_asset_metrics
[0m02:38:38.952264 [debug] [Thread-3 (]: Writing injected SQL for node "model.dbt_crypto.int_daily_asset_metrics"
[0m02:38:38.957259 [debug] [Thread-3 (]: Began executing node model.dbt_crypto.int_daily_asset_metrics
[0m02:38:38.961255 [debug] [Thread-3 (]: Writing runtime sql for node "model.dbt_crypto.int_daily_asset_metrics"
[0m02:38:38.966733 [debug] [Thread-3 (]: Using postgres connection "model.dbt_crypto.int_daily_asset_metrics"
[0m02:38:38.966733 [debug] [Thread-3 (]: On model.dbt_crypto.int_daily_asset_metrics: /* {"app": "dbt", "dbt_version": "1.12.3", "profile_name": "dbt_crypto", "target_name": "dev", "node_id": "model.dbt_crypto.int_daily_asset_metrics"} */

  create view "neondb"."analytics"."int_daily_asset_metrics__dbt_tmp"
    
    
  as (
    SELECT
    symbol,
    DATE(open_time) AS trading_date,

    MIN(open_time) AS first_candle_time,
    MAX(open_time) AS last_candle_time,

    (ARRAY_AGG(open ORDER BY open_time))[1] AS daily_open,
    MAX(high) AS daily_high,
    MIN(low) AS daily_low,
    (ARRAY_AGG(close ORDER BY open_time DESC))[1] AS daily_close,

    SUM(volume) AS total_volume,
    COUNT(*) AS candle_count,

    ROUND(
        (
            (
                (ARRAY_AGG(close ORDER BY open_time DESC))[1]
                -
                (ARRAY_AGG(open ORDER BY open_time))[1]
            )
            /
            NULLIF(
                (ARRAY_AGG(open ORDER BY open_time))[1],
                0
            )
        ) * 100,
        4
    ) AS daily_return_pct,

    ROUND(
        (
            (MAX(high) - MIN(low))
            /
            NULLIF(MIN(low), 0)
        ) * 100,
        4
    ) AS daily_range_pct

FROM "neondb"."analytics"."stg_crypto_klines"

GROUP BY
    symbol,
    DATE(open_time)
  );
[0m02:38:38.966733 [debug] [Thread-3 (]: Opening a new connection, currently in state init
[0m02:38:41.007761 [debug] [Thread-3 (]: SQL status: CREATE VIEW in 2.039 seconds
[0m02:38:41.010774 [debug] [Thread-3 (]: Using postgres connection "model.dbt_crypto.int_daily_asset_metrics"
[0m02:38:41.011773 [debug] [Thread-3 (]: On model.dbt_crypto.int_daily_asset_metrics: /* {"app": "dbt", "dbt_version": "1.12.3", "profile_name": "dbt_crypto", "target_name": "dev", "node_id": "model.dbt_crypto.int_daily_asset_metrics"} */
alter table "neondb"."analytics"."int_daily_asset_metrics__dbt_tmp" rename to "int_daily_asset_metrics"
[0m02:38:41.263207 [debug] [Thread-3 (]: SQL status: ALTER TABLE in 0.251 seconds
[0m02:38:41.263207 [debug] [Thread-3 (]: On model.dbt_crypto.int_daily_asset_metrics: COMMIT
[0m02:38:41.263207 [debug] [Thread-3 (]: Using postgres connection "model.dbt_crypto.int_daily_asset_metrics"
[0m02:38:41.263207 [debug] [Thread-3 (]: On model.dbt_crypto.int_daily_asset_metrics: COMMIT
[0m02:38:41.531161 [debug] [Thread-3 (]: SQL status: COMMIT in 0.259 seconds
[0m02:38:41.535258 [debug] [Thread-3 (]: Applying DROP to: "neondb"."analytics"."int_daily_asset_metrics__dbt_backup"
[0m02:38:41.537258 [debug] [Thread-3 (]: Using postgres connection "model.dbt_crypto.int_daily_asset_metrics"
[0m02:38:41.538257 [debug] [Thread-3 (]: On model.dbt_crypto.int_daily_asset_metrics: /* {"app": "dbt", "dbt_version": "1.12.3", "profile_name": "dbt_crypto", "target_name": "dev", "node_id": "model.dbt_crypto.int_daily_asset_metrics"} */
drop view if exists "neondb"."analytics"."int_daily_asset_metrics__dbt_backup" cascade
[0m02:38:41.781338 [debug] [Thread-3 (]: SQL status: DROP VIEW in 0.251 seconds
[0m02:38:41.781338 [debug] [Thread-3 (]: On model.dbt_crypto.int_daily_asset_metrics: Close
[0m02:38:41.795975 [debug] [Thread-3 (]: Sending event: {'category': 'dbt', 'action': 'run_model', 'label': 'a286e35e-3015-4aa7-a2be-079ecc7bd1a6', 'context': [<snowplow_tracker.self_describing_json.SelfDescribingJson object at 0x000001CA1103F880>]}
[0m02:38:41.798111 [info ] [Thread-3 (]: 2 of 3 OK created sql view model analytics.int_daily_asset_metrics ............. [[32mCREATE VIEW[0m in 2.85s]
[0m02:38:41.799108 [debug] [Thread-3 (]: Finished running node model.dbt_crypto.int_daily_asset_metrics
[0m02:38:41.801107 [debug] [Thread-2 (]: Began running node model.dbt_crypto.fct_asset_daily_analytics
[0m02:38:41.802110 [info ] [Thread-2 (]: 3 of 3 START sql view model analytics.fct_asset_daily_analytics ................ [RUN]
[0m02:38:41.804106 [debug] [Thread-2 (]: Acquiring new postgres connection 'model.dbt_crypto.fct_asset_daily_analytics'
[0m02:38:41.805105 [debug] [Thread-2 (]: Began compiling node model.dbt_crypto.fct_asset_daily_analytics
[0m02:38:41.807092 [debug] [Thread-2 (]: Writing injected SQL for node "model.dbt_crypto.fct_asset_daily_analytics"
[0m02:38:41.815665 [debug] [Thread-2 (]: Began executing node model.dbt_crypto.fct_asset_daily_analytics
[0m02:38:41.816372 [debug] [Thread-2 (]: Writing runtime sql for node "model.dbt_crypto.fct_asset_daily_analytics"
[0m02:38:41.829296 [debug] [Thread-2 (]: Using postgres connection "model.dbt_crypto.fct_asset_daily_analytics"
[0m02:38:41.831155 [debug] [Thread-2 (]: On model.dbt_crypto.fct_asset_daily_analytics: /* {"app": "dbt", "dbt_version": "1.12.3", "profile_name": "dbt_crypto", "target_name": "dev", "node_id": "model.dbt_crypto.fct_asset_daily_analytics"} */

  create view "neondb"."analytics"."fct_asset_daily_analytics__dbt_tmp"
    
    
  as (
    WITH daily_metrics AS (

    SELECT *
    FROM "neondb"."analytics"."int_daily_asset_metrics"

),

analytics AS (

    SELECT
        symbol,
        trading_date,
        first_candle_time,
        last_candle_time,
        daily_open,
        daily_high,
        daily_low,
        daily_close,
        total_volume,
        candle_count,
        daily_return_pct,
        daily_range_pct,

        LAG(daily_close) OVER (
            PARTITION BY symbol
            ORDER BY trading_date
        ) AS previous_daily_close,

        RANK() OVER (
            PARTITION BY trading_date
            ORDER BY daily_return_pct DESC
        ) AS performance_rank,

        RANK() OVER (
            PARTITION BY trading_date
            ORDER BY daily_range_pct DESC
        ) AS volatility_rank

    FROM daily_metrics

)

SELECT
    symbol,
    trading_date,
    first_candle_time,
    last_candle_time,
    daily_open,
    daily_high,
    daily_low,
    daily_close,
    total_volume,
    candle_count,
    daily_return_pct,
    daily_range_pct,
    previous_daily_close,

    ROUND(
        (
            (daily_close - previous_daily_close)
            / NULLIF(previous_daily_close, 0)
        ) * 100,
        4
    ) AS day_over_day_return_pct,

    performance_rank,
    volatility_rank

FROM analytics
  );
[0m02:38:41.831155 [debug] [Thread-2 (]: Opening a new connection, currently in state init
[0m02:38:43.793052 [debug] [Thread-2 (]: SQL status: CREATE VIEW in 1.971 seconds
[0m02:38:43.793052 [debug] [Thread-2 (]: Using postgres connection "model.dbt_crypto.fct_asset_daily_analytics"
[0m02:38:43.793052 [debug] [Thread-2 (]: On model.dbt_crypto.fct_asset_daily_analytics: /* {"app": "dbt", "dbt_version": "1.12.3", "profile_name": "dbt_crypto", "target_name": "dev", "node_id": "model.dbt_crypto.fct_asset_daily_analytics"} */
alter table "neondb"."analytics"."fct_asset_daily_analytics__dbt_tmp" rename to "fct_asset_daily_analytics"
[0m02:38:44.050669 [debug] [Thread-2 (]: SQL status: ALTER TABLE in 0.243 seconds
[0m02:38:44.054680 [debug] [Thread-2 (]: On model.dbt_crypto.fct_asset_daily_analytics: COMMIT
[0m02:38:44.054680 [debug] [Thread-2 (]: Using postgres connection "model.dbt_crypto.fct_asset_daily_analytics"
[0m02:38:44.056687 [debug] [Thread-2 (]: On model.dbt_crypto.fct_asset_daily_analytics: COMMIT
[0m02:38:44.296801 [debug] [Thread-2 (]: SQL status: COMMIT in 0.242 seconds
[0m02:38:44.296801 [debug] [Thread-2 (]: Applying DROP to: "neondb"."analytics"."fct_asset_daily_analytics__dbt_backup"
[0m02:38:44.296801 [debug] [Thread-2 (]: Using postgres connection "model.dbt_crypto.fct_asset_daily_analytics"
[0m02:38:44.296801 [debug] [Thread-2 (]: On model.dbt_crypto.fct_asset_daily_analytics: /* {"app": "dbt", "dbt_version": "1.12.3", "profile_name": "dbt_crypto", "target_name": "dev", "node_id": "model.dbt_crypto.fct_asset_daily_analytics"} */
drop view if exists "neondb"."analytics"."fct_asset_daily_analytics__dbt_backup" cascade
[0m02:38:44.548885 [debug] [Thread-2 (]: SQL status: DROP VIEW in 0.243 seconds
[0m02:38:44.551899 [debug] [Thread-2 (]: On model.dbt_crypto.fct_asset_daily_analytics: Close
[0m02:38:44.553898 [debug] [Thread-2 (]: Sending event: {'category': 'dbt', 'action': 'run_model', 'label': 'a286e35e-3015-4aa7-a2be-079ecc7bd1a6', 'context': [<snowplow_tracker.self_describing_json.SelfDescribingJson object at 0x000001CA10AFE470>]}
[0m02:38:44.554994 [info ] [Thread-2 (]: 3 of 3 OK created sql view model analytics.fct_asset_daily_analytics ........... [[32mCREATE VIEW[0m in 2.75s]
[0m02:38:44.556011 [debug] [Thread-2 (]: Finished running node model.dbt_crypto.fct_asset_daily_analytics
[0m02:38:44.557898 [debug] [MainThread]: On master: COMMIT
[0m02:38:44.558900 [debug] [MainThread]: Using postgres connection "master"
[0m02:38:44.559987 [debug] [MainThread]: On master: COMMIT
[0m02:38:44.560900 [debug] [MainThread]: Opening a new connection, currently in state closed
[0m02:38:46.563950 [debug] [MainThread]: SQL status: COMMIT in 2.003 seconds
[0m02:38:46.564977 [debug] [MainThread]: On master: Close
[0m02:38:46.566852 [debug] [MainThread]: Connection 'master' was properly closed.
[0m02:38:46.568405 [debug] [MainThread]: Connection 'create_neondb_analytics' was properly closed.
[0m02:38:46.568405 [debug] [MainThread]: Connection 'list_neondb_analytics' was properly closed.
[0m02:38:46.568405 [debug] [MainThread]: Connection 'model.dbt_crypto.stg_crypto_klines' was properly closed.
[0m02:38:46.568405 [debug] [MainThread]: Connection 'model.dbt_crypto.int_daily_asset_metrics' was properly closed.
[0m02:38:46.568405 [debug] [MainThread]: Connection 'model.dbt_crypto.fct_asset_daily_analytics' was properly closed.
[0m02:38:46.568405 [info ] [MainThread]: 
[0m02:38:46.568405 [info ] [MainThread]: Finished running 3 view models in 0 hours 0 minutes and 20.46 seconds (20.46s).
[0m02:38:46.574356 [debug] [MainThread]: Command end result
[0m02:38:46.616300 [debug] [MainThread]: Wrote artifact WritableManifest to C:\Users\eknmeeu\Downloads\Py_Neeraj\DE_P\dbt\dbt_crypto\target\manifest.json
[0m02:38:46.622817 [debug] [MainThread]: Wrote artifact SemanticManifest to C:\Users\eknmeeu\Downloads\Py_Neeraj\DE_P\dbt\dbt_crypto\target\semantic_manifest.json
[0m02:38:46.630272 [debug] [MainThread]: Wrote artifact OsiDocument to C:\Users\eknmeeu\Downloads\Py_Neeraj\DE_P\dbt\dbt_crypto\target\osi_document.json
[0m02:38:46.640168 [debug] [MainThread]: Wrote artifact RunExecutionResult to C:\Users\eknmeeu\Downloads\Py_Neeraj\DE_P\dbt\dbt_crypto\target\run_results.json
[0m02:38:46.641168 [info ] [MainThread]: 
[0m02:38:46.642173 [info ] [MainThread]: [32mCompleted successfully[0m
[0m02:38:46.643173 [info ] [MainThread]: 
[0m02:38:46.644263 [info ] [MainThread]: Done. PASS=3 WARN=0 ERROR=0 SKIP=0 NO-OP=0 REUSED=0 TOTAL=3
[0m02:38:46.646266 [debug] [MainThread]: Command `dbt run` succeeded at 02:38:46.646266 after 23.76 seconds
[0m02:38:46.647264 [debug] [MainThread]: Sending event: {'category': 'dbt', 'action': 'invocation', 'label': 'end', 'context': [<snowplow_tracker.self_describing_json.SelfDescribingJson object at 0x000001CA0D7C7640>, <snowplow_tracker.self_describing_json.SelfDescribingJson object at 0x000001CA10B03190>, <snowplow_tracker.self_describing_json.SelfDescribingJson object at 0x000001CA0F20CF10>]}
[0m02:38:46.647264 [debug] [MainThread]: Flushing usage events
[0m02:38:47.934507 [debug] [MainThread]: An error was encountered while trying to flush usage events
[0m02:40:25.049023 [debug] [MainThread]: Sending event: {'category': 'dbt', 'action': 'invocation', 'label': 'start', 'context': [<snowplow_tracker.self_describing_json.SelfDescribingJson object at 0x0000028AD08DB5E0>, <snowplow_tracker.self_describing_json.SelfDescribingJson object at 0x0000028AD2144C70>, <snowplow_tracker.self_describing_json.SelfDescribingJson object at 0x0000028AD2144A90>]}


============================== 02:40:25.055038 | a39cb510-ed69-4b07-abaa-8dd713cf5093 ==============================
[0m02:40:25.055038 [info ] [MainThread]: Running with dbt=1.12.3
[0m02:40:25.055038 [debug] [MainThread]: running dbt with arguments {'maximum_seed_size_mib': '1', 'no_print': 'None', 'version_check': 'True', 'warn_error_options': 'WarnErrorOptionsV2(error=[], warn=[], silence=[])', 'target_path': 'None', 'static_parser': 'True', 'printer_width': '80', 'write_json': 'True', 'empty': 'None', 'log_cache_events': 'False', 'introspect': 'True', 'cache_selected_only': 'False', 'log_format': 'default', 'debug': 'False', 'fail_fast': 'False', 'profiles_dir': 'C:\\Users\\eknmeeu\\.dbt', 'send_anonymous_usage_stats': 'True', 'quiet': 'False', 'warn_error': 'None', 'partial_parse': 'True', 'use_colors': 'True', 'hints_enabled': 'True', 'indirect_selection': 'eager', 'use_experimental_parser': 'False', 'invocation_command': 'dbt test --select stg_crypto_klines int_daily_asset_metrics fct_asset_daily_analytics', 'log_path': 'C:\\Users\\eknmeeu\\Downloads\\Py_Neeraj\\DE_P\\dbt\\dbt_crypto\\logs'}
[0m02:40:25.331431 [debug] [MainThread]: Sending event: {'category': 'dbt', 'action': 'project_id', 'label': 'a39cb510-ed69-4b07-abaa-8dd713cf5093', 'context': [<snowplow_tracker.self_describing_json.SelfDescribingJson object at 0x0000028AD21E7A00>]}
[0m02:40:25.437892 [debug] [MainThread]: Sending event: {'category': 'dbt', 'action': 'adapter_info', 'label': 'a39cb510-ed69-4b07-abaa-8dd713cf5093', 'context': [<snowplow_tracker.self_describing_json.SelfDescribingJson object at 0x0000028AD0CAD5D0>]}
[0m02:40:25.437892 [info ] [MainThread]: Registered adapter: postgres=1.11.0
[0m02:40:25.838394 [debug] [MainThread]: checksum: 15b6814c27264d0629857aab4d824ec3aa97fd3d23a0ccfc8ec203ae2aba15df, vars: {}, profile: dbt_crypto, target: dev, version: 1.12.3
[0m02:40:26.120957 [debug] [MainThread]: Partial parsing enabled: 0 files deleted, 0 files added, 0 files changed.
[0m02:40:26.120957 [debug] [MainThread]: Nothing changed, skipping partial parsing.
[0m02:40:26.120957 [debug] [MainThread]: Partial parsing enabled, no changes found, skipping parsing
[0m02:40:26.135440 [debug] [MainThread]: Sending event: {'category': 'dbt', 'action': 'load_project', 'label': 'a39cb510-ed69-4b07-abaa-8dd713cf5093', 'context': [<snowplow_tracker.self_describing_json.SelfDescribingJson object at 0x0000028AD386FFA0>]}
[0m02:40:26.335910 [debug] [MainThread]: Wrote artifact WritableManifest to C:\Users\eknmeeu\Downloads\Py_Neeraj\DE_P\dbt\dbt_crypto\target\manifest.json
[0m02:40:26.344276 [debug] [MainThread]: Wrote artifact SemanticManifest to C:\Users\eknmeeu\Downloads\Py_Neeraj\DE_P\dbt\dbt_crypto\target\semantic_manifest.json
[0m02:40:26.385286 [debug] [MainThread]: Wrote artifact OsiDocument to C:\Users\eknmeeu\Downloads\Py_Neeraj\DE_P\dbt\dbt_crypto\target\osi_document.json
[0m02:40:26.418113 [debug] [MainThread]: Sending event: {'category': 'dbt', 'action': 'resource_counts', 'label': 'a39cb510-ed69-4b07-abaa-8dd713cf5093', 'context': [<snowplow_tracker.self_describing_json.SelfDescribingJson object at 0x0000028AD3606020>]}
[0m02:40:26.418113 [info ] [MainThread]: Found 6 models, 4 data tests, 1 source, 477 macros
[0m02:40:26.418113 [debug] [MainThread]: Sending event: {'category': 'dbt', 'action': 'runnable_timing', 'label': 'a39cb510-ed69-4b07-abaa-8dd713cf5093', 'context': [<snowplow_tracker.self_describing_json.SelfDescribingJson object at 0x0000028AD36042E0>]}
[0m02:40:26.420683 [warn ] [MainThread]: [[33mWARNING[0m]: Nothing to do. Try checking your model configs and model specification args
[0m02:40:26.424198 [debug] [MainThread]: Command end result
[0m02:40:26.467156 [debug] [MainThread]: Wrote artifact WritableManifest to C:\Users\eknmeeu\Downloads\Py_Neeraj\DE_P\dbt\dbt_crypto\target\manifest.json
[0m02:40:26.473264 [debug] [MainThread]: Wrote artifact SemanticManifest to C:\Users\eknmeeu\Downloads\Py_Neeraj\DE_P\dbt\dbt_crypto\target\semantic_manifest.json
[0m02:40:26.479061 [debug] [MainThread]: Wrote artifact OsiDocument to C:\Users\eknmeeu\Downloads\Py_Neeraj\DE_P\dbt\dbt_crypto\target\osi_document.json
[0m02:40:26.485062 [debug] [MainThread]: Wrote artifact RunExecutionResult to C:\Users\eknmeeu\Downloads\Py_Neeraj\DE_P\dbt\dbt_crypto\target\run_results.json
[0m02:40:26.486062 [debug] [MainThread]: Command `dbt test` succeeded at 02:40:26.486062 after 1.84 seconds
[0m02:40:26.487063 [debug] [MainThread]: Sending event: {'category': 'dbt', 'action': 'invocation', 'label': 'end', 'context': [<snowplow_tracker.self_describing_json.SelfDescribingJson object at 0x0000028AD08DB5E0>, <snowplow_tracker.self_describing_json.SelfDescribingJson object at 0x0000028AD22E99F0>, <snowplow_tracker.self_describing_json.SelfDescribingJson object at 0x0000028AD0CAD5D0>]}
[0m02:40:26.488063 [debug] [MainThread]: Flushing usage events
[0m02:40:27.923152 [debug] [MainThread]: An error was encountered while trying to flush usage events
[0m02:42:07.745887 [debug] [MainThread]: Sending event: {'category': 'dbt', 'action': 'invocation', 'label': 'start', 'context': [<snowplow_tracker.self_describing_json.SelfDescribingJson object at 0x000001CB04A9B610>, <snowplow_tracker.self_describing_json.SelfDescribingJson object at 0x000001CB062A7580>, <snowplow_tracker.self_describing_json.SelfDescribingJson object at 0x000001CB062A73A0>]}


============================== 02:42:07.755243 | aba3045e-db2e-4a50-86b0-00a1fa3c1e16 ==============================
[0m02:42:07.755243 [info ] [MainThread]: Running with dbt=1.12.3
[0m02:42:07.757494 [debug] [MainThread]: running dbt with arguments {'version_check': 'True', 'no_print': 'None', 'maximum_seed_size_mib': '1', 'warn_error_options': 'WarnErrorOptionsV2(error=[], warn=[], silence=[])', 'static_parser': 'True', 'target_path': 'None', 'printer_width': '80', 'write_json': 'True', 'empty': 'None', 'log_cache_events': 'False', 'introspect': 'True', 'cache_selected_only': 'False', 'fail_fast': 'False', 'debug': 'False', 'log_format': 'default', 'partial_parse': 'True', 'send_anonymous_usage_stats': 'True', 'quiet': 'False', 'warn_error': 'None', 'profiles_dir': 'C:\\Users\\eknmeeu\\.dbt', 'indirect_selection': 'eager', 'hints_enabled': 'True', 'use_colors': 'True', 'use_experimental_parser': 'False', 'invocation_command': 'dbt parse', 'log_path': 'C:\\Users\\eknmeeu\\Downloads\\Py_Neeraj\\DE_P\\dbt\\dbt_crypto\\logs'}
[0m02:42:08.115368 [debug] [MainThread]: Sending event: {'category': 'dbt', 'action': 'project_id', 'label': 'aba3045e-db2e-4a50-86b0-00a1fa3c1e16', 'context': [<snowplow_tracker.self_describing_json.SelfDescribingJson object at 0x000001CB062A5AE0>]}
[0m02:42:08.271809 [debug] [MainThread]: Sending event: {'category': 'dbt', 'action': 'adapter_info', 'label': 'aba3045e-db2e-4a50-86b0-00a1fa3c1e16', 'context': [<snowplow_tracker.self_describing_json.SelfDescribingJson object at 0x000001CB06272830>]}
[0m02:42:08.274973 [info ] [MainThread]: Registered adapter: postgres=1.11.0
[0m02:42:08.805512 [debug] [MainThread]: checksum: 15b6814c27264d0629857aab4d824ec3aa97fd3d23a0ccfc8ec203ae2aba15df, vars: {}, profile: dbt_crypto, target: dev, version: 1.12.3
[0m02:42:09.217329 [debug] [MainThread]: Partial parsing enabled: 0 files deleted, 1 files added, 0 files changed.
[0m02:42:09.218330 [debug] [MainThread]: Partial parsing: added file: dbt_crypto://models\crypto_schema.yml
[0m02:42:09.868456 [debug] [MainThread]: Sending event: {'category': 'dbt', 'action': 'load_project', 'label': 'aba3045e-db2e-4a50-86b0-00a1fa3c1e16', 'context': [<snowplow_tracker.self_describing_json.SelfDescribingJson object at 0x000001CB07BA33A0>]}
[0m02:42:09.878410 [info ] [MainThread]: Performance info: C:\Users\eknmeeu\Downloads\Py_Neeraj\DE_P\dbt\dbt_crypto\target\perf_info.json
[0m02:42:10.074202 [debug] [MainThread]: Wrote artifact WritableManifest to C:\Users\eknmeeu\Downloads\Py_Neeraj\DE_P\dbt\dbt_crypto\target\manifest.json
[0m02:42:10.082196 [debug] [MainThread]: Wrote artifact SemanticManifest to C:\Users\eknmeeu\Downloads\Py_Neeraj\DE_P\dbt\dbt_crypto\target\semantic_manifest.json
[0m02:42:10.134613 [debug] [MainThread]: Wrote artifact OsiDocument to C:\Users\eknmeeu\Downloads\Py_Neeraj\DE_P\dbt\dbt_crypto\target\osi_document.json
[0m02:42:10.136603 [debug] [MainThread]: Command `dbt parse` succeeded at 02:42:10.135629 after 3.09 seconds
[0m02:42:10.137554 [debug] [MainThread]: Sending event: {'category': 'dbt', 'action': 'invocation', 'label': 'end', 'context': [<snowplow_tracker.self_describing_json.SelfDescribingJson object at 0x000001CB04A9B610>, <snowplow_tracker.self_describing_json.SelfDescribingJson object at 0x000001CB06272830>, <snowplow_tracker.self_describing_json.SelfDescribingJson object at 0x000001CB06462E60>]}
[0m02:42:10.138516 [debug] [MainThread]: Flushing usage events
[0m02:42:12.413747 [debug] [MainThread]: An error was encountered while trying to flush usage events
[0m02:42:54.194100 [debug] [MainThread]: Sending event: {'category': 'dbt', 'action': 'invocation', 'label': 'start', 'context': [<snowplow_tracker.self_describing_json.SelfDescribingJson object at 0x00000169B76EB5B0>, <snowplow_tracker.self_describing_json.SelfDescribingJson object at 0x00000169B9F24CD0>, <snowplow_tracker.self_describing_json.SelfDescribingJson object at 0x00000169B9F24AF0>]}


============================== 02:42:54.199924 | 241fa31e-f99a-4cfa-ac45-6380a740d577 ==============================
[0m02:42:54.199924 [info ] [MainThread]: Running with dbt=1.12.3
[0m02:42:54.204223 [debug] [MainThread]: running dbt with arguments {'maximum_seed_size_mib': '1', 'no_print': 'None', 'version_check': 'True', 'target_path': 'None', 'warn_error_options': 'WarnErrorOptionsV2(error=[], warn=[], silence=[])', 'static_parser': 'True', 'printer_width': '80', 'write_json': 'True', 'introspect': 'True', 'log_cache_events': 'False', 'empty': 'None', 'cache_selected_only': 'False', 'log_format': 'default', 'debug': 'False', 'fail_fast': 'False', 'partial_parse': 'True', 'send_anonymous_usage_stats': 'True', 'quiet': 'False', 'warn_error': 'None', 'profiles_dir': 'C:\\Users\\eknmeeu\\.dbt', 'use_colors': 'True', 'hints_enabled': 'True', 'indirect_selection': 'eager', 'use_experimental_parser': 'False', 'invocation_command': 'dbt test --select stg_crypto_klines int_daily_asset_metrics fct_asset_daily_analytics', 'log_path': 'C:\\Users\\eknmeeu\\Downloads\\Py_Neeraj\\DE_P\\dbt\\dbt_crypto\\logs'}
[0m02:42:54.675788 [debug] [MainThread]: Sending event: {'category': 'dbt', 'action': 'project_id', 'label': '241fa31e-f99a-4cfa-ac45-6380a740d577', 'context': [<snowplow_tracker.self_describing_json.SelfDescribingJson object at 0x00000169B5B0A530>]}
[0m02:42:54.822940 [debug] [MainThread]: Sending event: {'category': 'dbt', 'action': 'adapter_info', 'label': '241fa31e-f99a-4cfa-ac45-6380a740d577', 'context': [<snowplow_tracker.self_describing_json.SelfDescribingJson object at 0x00000169B8BCFC70>]}
[0m02:42:54.826440 [info ] [MainThread]: Registered adapter: postgres=1.11.0
[0m02:42:55.368652 [debug] [MainThread]: checksum: 15b6814c27264d0629857aab4d824ec3aa97fd3d23a0ccfc8ec203ae2aba15df, vars: {}, profile: dbt_crypto, target: dev, version: 1.12.3
[0m02:42:55.633557 [debug] [MainThread]: Partial parsing enabled: 0 files deleted, 0 files added, 0 files changed.
[0m02:42:55.635305 [debug] [MainThread]: Nothing changed, skipping partial parsing.
[0m02:42:55.635305 [debug] [MainThread]: Partial parsing enabled, no changes found, skipping parsing
[0m02:42:55.645843 [debug] [MainThread]: Sending event: {'category': 'dbt', 'action': 'load_project', 'label': '241fa31e-f99a-4cfa-ac45-6380a740d577', 'context': [<snowplow_tracker.self_describing_json.SelfDescribingJson object at 0x00000169BA0CA9B0>]}
[0m02:42:55.850932 [debug] [MainThread]: Wrote artifact WritableManifest to C:\Users\eknmeeu\Downloads\Py_Neeraj\DE_P\dbt\dbt_crypto\target\manifest.json
[0m02:42:55.858964 [debug] [MainThread]: Wrote artifact SemanticManifest to C:\Users\eknmeeu\Downloads\Py_Neeraj\DE_P\dbt\dbt_crypto\target\semantic_manifest.json
[0m02:42:55.902653 [debug] [MainThread]: Wrote artifact OsiDocument to C:\Users\eknmeeu\Downloads\Py_Neeraj\DE_P\dbt\dbt_crypto\target\osi_document.json
[0m02:42:55.934028 [debug] [MainThread]: Sending event: {'category': 'dbt', 'action': 'resource_counts', 'label': '241fa31e-f99a-4cfa-ac45-6380a740d577', 'context': [<snowplow_tracker.self_describing_json.SelfDescribingJson object at 0x00000169BB3DEA40>]}
[0m02:42:55.935012 [info ] [MainThread]: Found 6 models, 22 data tests, 1 source, 477 macros
[0m02:42:55.935934 [debug] [MainThread]: Sending event: {'category': 'dbt', 'action': 'runnable_timing', 'label': '241fa31e-f99a-4cfa-ac45-6380a740d577', 'context': [<snowplow_tracker.self_describing_json.SelfDescribingJson object at 0x00000169BB3DCF10>]}
[0m02:42:55.939138 [info ] [MainThread]: 
[0m02:42:55.940137 [info ] [MainThread]: Concurrency: 4 threads (target='dev')
[0m02:42:55.941138 [info ] [MainThread]: 
[0m02:42:55.942046 [debug] [MainThread]: Acquiring new postgres connection 'master'
[0m02:42:55.946840 [debug] [ThreadPool]: Acquiring new postgres connection 'list_neondb_analytics'
[0m02:42:56.246795 [debug] [ThreadPool]: Using postgres connection "list_neondb_analytics"
[0m02:42:56.251363 [debug] [ThreadPool]: On list_neondb_analytics: /* {"app": "dbt", "dbt_version": "1.12.3", "profile_name": "dbt_crypto", "target_name": "dev", "connection_name": "list_neondb_analytics"} */
select
      'neondb' as database,
      tablename as name,
      schemaname as schema,
      'table' as type
    from pg_tables
    where schemaname ilike 'analytics'
    union all
    select
      'neondb' as database,
      viewname as name,
      schemaname as schema,
      'view' as type
    from pg_views
    where schemaname ilike 'analytics'
    union all
    select
      'neondb' as database,
      matviewname as name,
      schemaname as schema,
      'materialized_view' as type
    from pg_matviews
    where schemaname ilike 'analytics'
    union all
    select distinct
     'neondb' as database,
     proname as name,
     ns.nspname as schema,
     'function' as type
    from pg_proc
     join pg_namespace as ns on pronamespace = ns.oid
    where ns.nspname ilike 'analytics'
  
[0m02:42:56.251363 [debug] [ThreadPool]: Opening a new connection, currently in state init
[0m02:42:58.314775 [debug] [ThreadPool]: SQL status: SELECT 3 in 2.062 seconds
[0m02:42:58.316774 [debug] [ThreadPool]: On list_neondb_analytics: ROLLBACK
[0m02:42:58.554621 [debug] [ThreadPool]: On list_neondb_analytics: Close
[0m02:42:58.571350 [debug] [MainThread]: Using postgres connection "master"
[0m02:42:58.571350 [debug] [MainThread]: On master: /* {"app": "dbt", "dbt_version": "1.12.3", "profile_name": "dbt_crypto", "target_name": "dev", "connection_name": "master"} */
select distinct
        dependent_namespace.nspname as dependent_schema,
        dependent_class.relname as dependent_name,
        referenced_namespace.nspname as referenced_schema,
        referenced_class.relname as referenced_name

    -- Query for views: views are entries in pg_class with an entry in pg_rewrite, but we avoid
    -- a seq scan on pg_rewrite by leveraging the fact there is an "internal" row in pg_depend for
    -- the view...
    from pg_class as dependent_class
    join pg_namespace as dependent_namespace on dependent_namespace.oid = dependent_class.relnamespace
    join pg_depend as dependent_depend on dependent_depend.refobjid = dependent_class.oid
        and dependent_depend.classid = 'pg_rewrite'::regclass
        and dependent_depend.refclassid = 'pg_class'::regclass
        and dependent_depend.deptype = 'i'

    -- ... and via pg_depend (that has a row per column, hence the need for "distinct" above, and
    -- making sure to exclude the internal row to avoid a view appearing to depend on itself)...
    join pg_depend as joining_depend on joining_depend.objid = dependent_depend.objid
        and joining_depend.classid = 'pg_rewrite'::regclass
        and joining_depend.refclassid = 'pg_class'::regclass
        and joining_depend.refobjid != dependent_depend.refobjid

    -- ... we can find the tables they query from in pg_class, but excluding system tables. Note we
    -- don't need need to exclude _dependent_ system tables, because they only query from other
    -- system tables, and so are automatically excluded by excluding _referenced_ system tables
    join pg_class as referenced_class on referenced_class.oid = joining_depend.refobjid
    join pg_namespace as referenced_namespace on referenced_namespace.oid = referenced_class.relnamespace
        and referenced_namespace.nspname != 'information_schema'
        and referenced_namespace.nspname not like 'pg\_%'

    order by
        dependent_schema, dependent_name, referenced_schema, referenced_name;
[0m02:42:58.571350 [debug] [MainThread]: Opening a new connection, currently in state init
[0m02:43:00.581816 [debug] [MainThread]: SQL status: SELECT 3 in 2.005 seconds
[0m02:43:00.586694 [debug] [MainThread]: Sending event: {'category': 'dbt', 'action': 'runnable_timing', 'label': '241fa31e-f99a-4cfa-ac45-6380a740d577', 'context': [<snowplow_tracker.self_describing_json.SelfDescribingJson object at 0x00000169B9EE2560>]}
[0m02:43:00.587975 [debug] [MainThread]: On master: ROLLBACK
[0m02:43:00.836707 [debug] [MainThread]: On master: COMMIT
[0m02:43:00.838810 [debug] [MainThread]: Using postgres connection "master"
[0m02:43:00.841392 [debug] [MainThread]: On master: COMMIT
[0m02:43:01.334687 [debug] [MainThread]: SQL status: COMMIT in 0.495 seconds
[0m02:43:01.334687 [debug] [MainThread]: On master: Close
[0m02:43:01.349056 [debug] [Thread-1 (]: Began running node test.dbt_crypto.not_null_fct_asset_daily_analytics_candle_count.34e414b23d
[0m02:43:01.349056 [debug] [Thread-2 (]: Began running node test.dbt_crypto.not_null_fct_asset_daily_analytics_daily_close.b876f5db68
[0m02:43:01.350060 [debug] [Thread-3 (]: Began running node test.dbt_crypto.not_null_fct_asset_daily_analytics_symbol.bb741d690c
[0m02:43:01.350060 [debug] [Thread-4 (]: Began running node test.dbt_crypto.not_null_fct_asset_daily_analytics_trading_date.9590011e4e
[0m02:43:01.351056 [info ] [Thread-1 (]: 1 of 18 START test not_null_fct_asset_daily_analytics_candle_count ............. [RUN]
[0m02:43:01.352055 [info ] [Thread-2 (]: 2 of 18 START test not_null_fct_asset_daily_analytics_daily_close .............. [RUN]
[0m02:43:01.353455 [info ] [Thread-3 (]: 3 of 18 START test not_null_fct_asset_daily_analytics_symbol ................... [RUN]
[0m02:43:01.354249 [info ] [Thread-4 (]: 4 of 18 START test not_null_fct_asset_daily_analytics_trading_date ............. [RUN]
[0m02:43:01.355488 [debug] [Thread-1 (]: Acquiring new postgres connection 'test.dbt_crypto.not_null_fct_asset_daily_analytics_candle_count.34e414b23d'
[0m02:43:01.356530 [debug] [Thread-2 (]: Acquiring new postgres connection 'test.dbt_crypto.not_null_fct_asset_daily_analytics_daily_close.b876f5db68'
[0m02:43:01.357580 [debug] [Thread-3 (]: Acquiring new postgres connection 'test.dbt_crypto.not_null_fct_asset_daily_analytics_symbol.bb741d690c'
[0m02:43:01.358583 [debug] [Thread-4 (]: Acquiring new postgres connection 'test.dbt_crypto.not_null_fct_asset_daily_analytics_trading_date.9590011e4e'
[0m02:43:01.359596 [debug] [Thread-1 (]: Began compiling node test.dbt_crypto.not_null_fct_asset_daily_analytics_candle_count.34e414b23d
[0m02:43:01.360487 [debug] [Thread-2 (]: Began compiling node test.dbt_crypto.not_null_fct_asset_daily_analytics_daily_close.b876f5db68
[0m02:43:01.360795 [debug] [Thread-3 (]: Began compiling node test.dbt_crypto.not_null_fct_asset_daily_analytics_symbol.bb741d690c
[0m02:43:01.361970 [debug] [Thread-4 (]: Began compiling node test.dbt_crypto.not_null_fct_asset_daily_analytics_trading_date.9590011e4e
[0m02:43:01.372657 [debug] [Thread-1 (]: Writing injected SQL for node "test.dbt_crypto.not_null_fct_asset_daily_analytics_candle_count.34e414b23d"
[0m02:43:01.389417 [debug] [Thread-2 (]: Writing injected SQL for node "test.dbt_crypto.not_null_fct_asset_daily_analytics_daily_close.b876f5db68"
[0m02:43:01.389417 [debug] [Thread-3 (]: Writing injected SQL for node "test.dbt_crypto.not_null_fct_asset_daily_analytics_symbol.bb741d690c"
[0m02:43:01.403390 [debug] [Thread-4 (]: Writing injected SQL for node "test.dbt_crypto.not_null_fct_asset_daily_analytics_trading_date.9590011e4e"
[0m02:43:01.414509 [debug] [Thread-2 (]: Began executing node test.dbt_crypto.not_null_fct_asset_daily_analytics_daily_close.b876f5db68
[0m02:43:01.431595 [debug] [Thread-2 (]: Writing runtime sql for node "test.dbt_crypto.not_null_fct_asset_daily_analytics_daily_close.b876f5db68"
[0m02:43:01.432599 [debug] [Thread-1 (]: Began executing node test.dbt_crypto.not_null_fct_asset_daily_analytics_candle_count.34e414b23d
[0m02:43:01.435547 [debug] [Thread-3 (]: Began executing node test.dbt_crypto.not_null_fct_asset_daily_analytics_symbol.bb741d690c
[0m02:43:01.435547 [debug] [Thread-4 (]: Began executing node test.dbt_crypto.not_null_fct_asset_daily_analytics_trading_date.9590011e4e
[0m02:43:01.437982 [debug] [Thread-1 (]: Writing runtime sql for node "test.dbt_crypto.not_null_fct_asset_daily_analytics_candle_count.34e414b23d"
[0m02:43:01.440984 [debug] [Thread-3 (]: Writing runtime sql for node "test.dbt_crypto.not_null_fct_asset_daily_analytics_symbol.bb741d690c"
[0m02:43:01.443906 [debug] [Thread-4 (]: Writing runtime sql for node "test.dbt_crypto.not_null_fct_asset_daily_analytics_trading_date.9590011e4e"
[0m02:43:01.444900 [debug] [Thread-2 (]: Using postgres connection "test.dbt_crypto.not_null_fct_asset_daily_analytics_daily_close.b876f5db68"
[0m02:43:01.446902 [debug] [Thread-2 (]: On test.dbt_crypto.not_null_fct_asset_daily_analytics_daily_close.b876f5db68: /* {"app": "dbt", "dbt_version": "1.12.3", "profile_name": "dbt_crypto", "target_name": "dev", "node_id": "test.dbt_crypto.not_null_fct_asset_daily_analytics_daily_close.b876f5db68"} */

    
    select
      count(*) as failures,
      count(*) != 0 as should_warn,
      count(*) != 0 as should_error
    from (
      
    
  
    
    



select daily_close
from "neondb"."analytics"."fct_asset_daily_analytics"
where daily_close is null



  
  
      
    ) dbt_internal_test
[0m02:43:01.447904 [debug] [Thread-2 (]: Opening a new connection, currently in state init
[0m02:43:01.448901 [debug] [Thread-3 (]: Using postgres connection "test.dbt_crypto.not_null_fct_asset_daily_analytics_symbol.bb741d690c"
[0m02:43:01.449902 [debug] [Thread-4 (]: Using postgres connection "test.dbt_crypto.not_null_fct_asset_daily_analytics_trading_date.9590011e4e"
[0m02:43:01.449902 [debug] [Thread-1 (]: Using postgres connection "test.dbt_crypto.not_null_fct_asset_daily_analytics_candle_count.34e414b23d"
[0m02:43:01.451905 [debug] [Thread-3 (]: On test.dbt_crypto.not_null_fct_asset_daily_analytics_symbol.bb741d690c: /* {"app": "dbt", "dbt_version": "1.12.3", "profile_name": "dbt_crypto", "target_name": "dev", "node_id": "test.dbt_crypto.not_null_fct_asset_daily_analytics_symbol.bb741d690c"} */

    
    select
      count(*) as failures,
      count(*) != 0 as should_warn,
      count(*) != 0 as should_error
    from (
      
    
  
    
    



select symbol
from "neondb"."analytics"."fct_asset_daily_analytics"
where symbol is null



  
  
      
    ) dbt_internal_test
[0m02:43:01.452914 [debug] [Thread-4 (]: On test.dbt_crypto.not_null_fct_asset_daily_analytics_trading_date.9590011e4e: /* {"app": "dbt", "dbt_version": "1.12.3", "profile_name": "dbt_crypto", "target_name": "dev", "node_id": "test.dbt_crypto.not_null_fct_asset_daily_analytics_trading_date.9590011e4e"} */

    
    select
      count(*) as failures,
      count(*) != 0 as should_warn,
      count(*) != 0 as should_error
    from (
      
    
  
    
    



select trading_date
from "neondb"."analytics"."fct_asset_daily_analytics"
where trading_date is null



  
  
      
    ) dbt_internal_test
[0m02:43:01.453599 [debug] [Thread-1 (]: On test.dbt_crypto.not_null_fct_asset_daily_analytics_candle_count.34e414b23d: /* {"app": "dbt", "dbt_version": "1.12.3", "profile_name": "dbt_crypto", "target_name": "dev", "node_id": "test.dbt_crypto.not_null_fct_asset_daily_analytics_candle_count.34e414b23d"} */

    
    select
      count(*) as failures,
      count(*) != 0 as should_warn,
      count(*) != 0 as should_error
    from (
      
    
  
    
    



select candle_count
from "neondb"."analytics"."fct_asset_daily_analytics"
where candle_count is null



  
  
      
    ) dbt_internal_test
[0m02:43:01.454714 [debug] [Thread-3 (]: Opening a new connection, currently in state init
[0m02:43:01.455648 [debug] [Thread-4 (]: Opening a new connection, currently in state init
[0m02:43:01.455648 [debug] [Thread-1 (]: Opening a new connection, currently in state init
[0m02:43:03.434586 [debug] [Thread-1 (]: SQL status: SELECT 1 in 1.980 seconds
[0m02:43:03.443650 [debug] [Thread-1 (]: On test.dbt_crypto.not_null_fct_asset_daily_analytics_candle_count.34e414b23d: ROLLBACK
[0m02:43:03.471796 [debug] [Thread-3 (]: SQL status: SELECT 1 in 2.017 seconds
[0m02:43:03.474429 [debug] [Thread-3 (]: On test.dbt_crypto.not_null_fct_asset_daily_analytics_symbol.bb741d690c: ROLLBACK
[0m02:43:03.486021 [debug] [Thread-4 (]: SQL status: SELECT 1 in 2.031 seconds
[0m02:43:03.488839 [debug] [Thread-4 (]: On test.dbt_crypto.not_null_fct_asset_daily_analytics_trading_date.9590011e4e: ROLLBACK
[0m02:43:03.489971 [debug] [Thread-2 (]: SQL status: SELECT 1 in 2.042 seconds
[0m02:43:03.491949 [debug] [Thread-2 (]: On test.dbt_crypto.not_null_fct_asset_daily_analytics_daily_close.b876f5db68: ROLLBACK
[0m02:43:03.688718 [debug] [Thread-1 (]: On test.dbt_crypto.not_null_fct_asset_daily_analytics_candle_count.34e414b23d: Close
[0m02:43:03.690234 [info ] [Thread-1 (]: 1 of 18 PASS not_null_fct_asset_daily_analytics_candle_count ................... [[32mPASS[0m in 2.33s]
[0m02:43:03.691233 [debug] [Thread-1 (]: Finished running node test.dbt_crypto.not_null_fct_asset_daily_analytics_candle_count.34e414b23d
[0m02:43:03.692235 [debug] [Thread-1 (]: Began running node test.dbt_crypto.not_null_int_daily_asset_metrics_candle_count.31dd0be41e
[0m02:43:03.693234 [info ] [Thread-1 (]: 5 of 18 START test not_null_int_daily_asset_metrics_candle_count ............... [RUN]
[0m02:43:03.694292 [debug] [Thread-1 (]: Re-using an available connection from the pool (formerly test.dbt_crypto.not_null_fct_asset_daily_analytics_candle_count.34e414b23d, now test.dbt_crypto.not_null_int_daily_asset_metrics_candle_count.31dd0be41e)
[0m02:43:03.695235 [debug] [Thread-1 (]: Began compiling node test.dbt_crypto.not_null_int_daily_asset_metrics_candle_count.31dd0be41e
[0m02:43:03.701233 [debug] [Thread-1 (]: Writing injected SQL for node "test.dbt_crypto.not_null_int_daily_asset_metrics_candle_count.31dd0be41e"
[0m02:43:03.705312 [debug] [Thread-1 (]: Began executing node test.dbt_crypto.not_null_int_daily_asset_metrics_candle_count.31dd0be41e
[0m02:43:03.708319 [debug] [Thread-1 (]: Writing runtime sql for node "test.dbt_crypto.not_null_int_daily_asset_metrics_candle_count.31dd0be41e"
[0m02:43:03.712322 [debug] [Thread-1 (]: Using postgres connection "test.dbt_crypto.not_null_int_daily_asset_metrics_candle_count.31dd0be41e"
[0m02:43:03.713322 [debug] [Thread-1 (]: On test.dbt_crypto.not_null_int_daily_asset_metrics_candle_count.31dd0be41e: /* {"app": "dbt", "dbt_version": "1.12.3", "profile_name": "dbt_crypto", "target_name": "dev", "node_id": "test.dbt_crypto.not_null_int_daily_asset_metrics_candle_count.31dd0be41e"} */

    
    select
      count(*) as failures,
      count(*) != 0 as should_warn,
      count(*) != 0 as should_error
    from (
      
    
  
    
    



select candle_count
from "neondb"."analytics"."int_daily_asset_metrics"
where candle_count is null



  
  
      
    ) dbt_internal_test
[0m02:43:03.714498 [debug] [Thread-1 (]: Opening a new connection, currently in state closed
[0m02:43:03.723652 [debug] [Thread-3 (]: On test.dbt_crypto.not_null_fct_asset_daily_analytics_symbol.bb741d690c: Close
[0m02:43:03.725719 [info ] [Thread-3 (]: 3 of 18 PASS not_null_fct_asset_daily_analytics_symbol ......................... [[32mPASS[0m in 2.37s]
[0m02:43:03.726662 [debug] [Thread-3 (]: Finished running node test.dbt_crypto.not_null_fct_asset_daily_analytics_symbol.bb741d690c
[0m02:43:03.727742 [debug] [Thread-3 (]: Began running node test.dbt_crypto.not_null_int_daily_asset_metrics_daily_close.35b4ca2e77
[0m02:43:03.727742 [info ] [Thread-3 (]: 6 of 18 START test not_null_int_daily_asset_metrics_daily_close ................ [RUN]
[0m02:43:03.728755 [debug] [Thread-3 (]: Re-using an available connection from the pool (formerly test.dbt_crypto.not_null_fct_asset_daily_analytics_symbol.bb741d690c, now test.dbt_crypto.not_null_int_daily_asset_metrics_daily_close.35b4ca2e77)
[0m02:43:03.729740 [debug] [Thread-3 (]: Began compiling node test.dbt_crypto.not_null_int_daily_asset_metrics_daily_close.35b4ca2e77
[0m02:43:03.735751 [debug] [Thread-3 (]: Writing injected SQL for node "test.dbt_crypto.not_null_int_daily_asset_metrics_daily_close.35b4ca2e77"
[0m02:43:03.739788 [debug] [Thread-4 (]: On test.dbt_crypto.not_null_fct_asset_daily_analytics_trading_date.9590011e4e: Close
[0m02:43:03.741785 [debug] [Thread-3 (]: Began executing node test.dbt_crypto.not_null_int_daily_asset_metrics_daily_close.35b4ca2e77
[0m02:43:03.741785 [info ] [Thread-4 (]: 4 of 18 PASS not_null_fct_asset_daily_analytics_trading_date ................... [[32mPASS[0m in 2.38s]
[0m02:43:03.742707 [debug] [Thread-2 (]: On test.dbt_crypto.not_null_fct_asset_daily_analytics_daily_close.b876f5db68: Close
[0m02:43:03.742707 [debug] [Thread-3 (]: Writing runtime sql for node "test.dbt_crypto.not_null_int_daily_asset_metrics_daily_close.35b4ca2e77"
[0m02:43:03.742707 [debug] [Thread-4 (]: Finished running node test.dbt_crypto.not_null_fct_asset_daily_analytics_trading_date.9590011e4e
[0m02:43:03.742707 [info ] [Thread-2 (]: 2 of 18 PASS not_null_fct_asset_daily_analytics_daily_close .................... [[32mPASS[0m in 2.39s]
[0m02:43:03.742707 [debug] [Thread-4 (]: Began running node test.dbt_crypto.not_null_int_daily_asset_metrics_daily_open.66ccbbf5f5
[0m02:43:03.750851 [debug] [Thread-2 (]: Finished running node test.dbt_crypto.not_null_fct_asset_daily_analytics_daily_close.b876f5db68
[0m02:43:03.750851 [info ] [Thread-4 (]: 7 of 18 START test not_null_int_daily_asset_metrics_daily_open ................. [RUN]
[0m02:43:03.751819 [debug] [Thread-3 (]: Using postgres connection "test.dbt_crypto.not_null_int_daily_asset_metrics_daily_close.35b4ca2e77"
[0m02:43:03.752817 [debug] [Thread-2 (]: Began running node test.dbt_crypto.not_null_int_daily_asset_metrics_symbol.b34caf1dca
[0m02:43:03.754818 [debug] [Thread-4 (]: Re-using an available connection from the pool (formerly test.dbt_crypto.not_null_fct_asset_daily_analytics_trading_date.9590011e4e, now test.dbt_crypto.not_null_int_daily_asset_metrics_daily_open.66ccbbf5f5)
[0m02:43:03.755818 [debug] [Thread-3 (]: On test.dbt_crypto.not_null_int_daily_asset_metrics_daily_close.35b4ca2e77: /* {"app": "dbt", "dbt_version": "1.12.3", "profile_name": "dbt_crypto", "target_name": "dev", "node_id": "test.dbt_crypto.not_null_int_daily_asset_metrics_daily_close.35b4ca2e77"} */

    
    select
      count(*) as failures,
      count(*) != 0 as should_warn,
      count(*) != 0 as should_error
    from (
      
    
  
    
    



select daily_close
from "neondb"."analytics"."int_daily_asset_metrics"
where daily_close is null



  
  
      
    ) dbt_internal_test
[0m02:43:03.756212 [info ] [Thread-2 (]: 8 of 18 START test not_null_int_daily_asset_metrics_symbol ..................... [RUN]
[0m02:43:03.756212 [debug] [Thread-4 (]: Began compiling node test.dbt_crypto.not_null_int_daily_asset_metrics_daily_open.66ccbbf5f5
[0m02:43:03.759552 [debug] [Thread-3 (]: Opening a new connection, currently in state closed
[0m02:43:03.760961 [debug] [Thread-2 (]: Re-using an available connection from the pool (formerly test.dbt_crypto.not_null_fct_asset_daily_analytics_daily_close.b876f5db68, now test.dbt_crypto.not_null_int_daily_asset_metrics_symbol.b34caf1dca)
[0m02:43:03.765133 [debug] [Thread-4 (]: Writing injected SQL for node "test.dbt_crypto.not_null_int_daily_asset_metrics_daily_open.66ccbbf5f5"
[0m02:43:03.770013 [debug] [Thread-2 (]: Began compiling node test.dbt_crypto.not_null_int_daily_asset_metrics_symbol.b34caf1dca
[0m02:43:03.773024 [debug] [Thread-2 (]: Writing injected SQL for node "test.dbt_crypto.not_null_int_daily_asset_metrics_symbol.b34caf1dca"
[0m02:43:03.773024 [debug] [Thread-4 (]: Began executing node test.dbt_crypto.not_null_int_daily_asset_metrics_daily_open.66ccbbf5f5
[0m02:43:03.773024 [debug] [Thread-4 (]: Writing runtime sql for node "test.dbt_crypto.not_null_int_daily_asset_metrics_daily_open.66ccbbf5f5"
[0m02:43:03.773024 [debug] [Thread-2 (]: Began executing node test.dbt_crypto.not_null_int_daily_asset_metrics_symbol.b34caf1dca
[0m02:43:03.787759 [debug] [Thread-2 (]: Writing runtime sql for node "test.dbt_crypto.not_null_int_daily_asset_metrics_symbol.b34caf1dca"
[0m02:43:03.788274 [debug] [Thread-4 (]: Using postgres connection "test.dbt_crypto.not_null_int_daily_asset_metrics_daily_open.66ccbbf5f5"
[0m02:43:03.788274 [debug] [Thread-4 (]: On test.dbt_crypto.not_null_int_daily_asset_metrics_daily_open.66ccbbf5f5: /* {"app": "dbt", "dbt_version": "1.12.3", "profile_name": "dbt_crypto", "target_name": "dev", "node_id": "test.dbt_crypto.not_null_int_daily_asset_metrics_daily_open.66ccbbf5f5"} */

    
    select
      count(*) as failures,
      count(*) != 0 as should_warn,
      count(*) != 0 as should_error
    from (
      
    
  
    
    



select daily_open
from "neondb"."analytics"."int_daily_asset_metrics"
where daily_open is null



  
  
      
    ) dbt_internal_test
[0m02:43:03.788274 [debug] [Thread-4 (]: Opening a new connection, currently in state closed
[0m02:43:03.788274 [debug] [Thread-2 (]: Using postgres connection "test.dbt_crypto.not_null_int_daily_asset_metrics_symbol.b34caf1dca"
[0m02:43:03.788274 [debug] [Thread-2 (]: On test.dbt_crypto.not_null_int_daily_asset_metrics_symbol.b34caf1dca: /* {"app": "dbt", "dbt_version": "1.12.3", "profile_name": "dbt_crypto", "target_name": "dev", "node_id": "test.dbt_crypto.not_null_int_daily_asset_metrics_symbol.b34caf1dca"} */

    
    select
      count(*) as failures,
      count(*) != 0 as should_warn,
      count(*) != 0 as should_error
    from (
      
    
  
    
    



select symbol
from "neondb"."analytics"."int_daily_asset_metrics"
where symbol is null



  
  
      
    ) dbt_internal_test
[0m02:43:03.788274 [debug] [Thread-2 (]: Opening a new connection, currently in state closed
[0m02:43:05.698062 [debug] [Thread-3 (]: SQL status: SELECT 1 in 1.938 seconds
[0m02:43:05.702164 [debug] [Thread-3 (]: On test.dbt_crypto.not_null_int_daily_asset_metrics_daily_close.35b4ca2e77: ROLLBACK
[0m02:43:05.703553 [debug] [Thread-2 (]: SQL status: SELECT 1 in 1.909 seconds
[0m02:43:05.703553 [debug] [Thread-2 (]: On test.dbt_crypto.not_null_int_daily_asset_metrics_symbol.b34caf1dca: ROLLBACK
[0m02:43:05.703553 [debug] [Thread-1 (]: SQL status: SELECT 1 in 2.000 seconds
[0m02:43:05.716091 [debug] [Thread-1 (]: On test.dbt_crypto.not_null_int_daily_asset_metrics_candle_count.31dd0be41e: ROLLBACK
[0m02:43:05.738083 [debug] [Thread-4 (]: SQL status: SELECT 1 in 1.946 seconds
[0m02:43:05.738083 [debug] [Thread-4 (]: On test.dbt_crypto.not_null_int_daily_asset_metrics_daily_open.66ccbbf5f5: ROLLBACK
[0m02:43:05.940843 [debug] [Thread-3 (]: On test.dbt_crypto.not_null_int_daily_asset_metrics_daily_close.35b4ca2e77: Close
[0m02:43:05.941854 [info ] [Thread-3 (]: 6 of 18 PASS not_null_int_daily_asset_metrics_daily_close ...................... [[32mPASS[0m in 2.21s]
[0m02:43:05.942852 [debug] [Thread-2 (]: On test.dbt_crypto.not_null_int_daily_asset_metrics_symbol.b34caf1dca: Close
[0m02:43:05.944853 [debug] [Thread-3 (]: Finished running node test.dbt_crypto.not_null_int_daily_asset_metrics_daily_close.35b4ca2e77
[0m02:43:05.947028 [debug] [Thread-3 (]: Began running node test.dbt_crypto.not_null_int_daily_asset_metrics_trading_date.baebdcec4d
[0m02:43:05.945966 [info ] [Thread-2 (]: 8 of 18 PASS not_null_int_daily_asset_metrics_symbol ........................... [[32mPASS[0m in 2.19s]
[0m02:43:05.947969 [info ] [Thread-3 (]: 9 of 18 START test not_null_int_daily_asset_metrics_trading_date ............... [RUN]
[0m02:43:05.949013 [debug] [Thread-2 (]: Finished running node test.dbt_crypto.not_null_int_daily_asset_metrics_symbol.b34caf1dca
[0m02:43:05.949975 [debug] [Thread-3 (]: Re-using an available connection from the pool (formerly test.dbt_crypto.not_null_int_daily_asset_metrics_daily_close.35b4ca2e77, now test.dbt_crypto.not_null_int_daily_asset_metrics_trading_date.baebdcec4d)
[0m02:43:05.950967 [debug] [Thread-2 (]: Began running node test.dbt_crypto.not_null_stg_crypto_klines_close.d231eca7f0
[0m02:43:05.951967 [debug] [Thread-3 (]: Began compiling node test.dbt_crypto.not_null_int_daily_asset_metrics_trading_date.baebdcec4d
[0m02:43:05.952965 [info ] [Thread-2 (]: 10 of 18 START test not_null_stg_crypto_klines_close ........................... [RUN]
[0m02:43:05.961684 [debug] [Thread-3 (]: Writing injected SQL for node "test.dbt_crypto.not_null_int_daily_asset_metrics_trading_date.baebdcec4d"
[0m02:43:05.963691 [debug] [Thread-2 (]: Re-using an available connection from the pool (formerly test.dbt_crypto.not_null_int_daily_asset_metrics_symbol.b34caf1dca, now test.dbt_crypto.not_null_stg_crypto_klines_close.d231eca7f0)
[0m02:43:05.965697 [debug] [Thread-2 (]: Began compiling node test.dbt_crypto.not_null_stg_crypto_klines_close.d231eca7f0
[0m02:43:05.965697 [debug] [Thread-1 (]: On test.dbt_crypto.not_null_int_daily_asset_metrics_candle_count.31dd0be41e: Close
[0m02:43:05.975303 [debug] [Thread-2 (]: Writing injected SQL for node "test.dbt_crypto.not_null_stg_crypto_klines_close.d231eca7f0"
[0m02:43:05.976188 [debug] [Thread-3 (]: Began executing node test.dbt_crypto.not_null_int_daily_asset_metrics_trading_date.baebdcec4d
[0m02:43:05.978186 [info ] [Thread-1 (]: 5 of 18 PASS not_null_int_daily_asset_metrics_candle_count ..................... [[32mPASS[0m in 2.28s]
[0m02:43:05.980425 [debug] [Thread-3 (]: Writing runtime sql for node "test.dbt_crypto.not_null_int_daily_asset_metrics_trading_date.baebdcec4d"
[0m02:43:05.980425 [debug] [Thread-1 (]: Finished running node test.dbt_crypto.not_null_int_daily_asset_metrics_candle_count.31dd0be41e
[0m02:43:05.980425 [debug] [Thread-4 (]: On test.dbt_crypto.not_null_int_daily_asset_metrics_daily_open.66ccbbf5f5: Close
[0m02:43:05.980425 [debug] [Thread-2 (]: Began executing node test.dbt_crypto.not_null_stg_crypto_klines_close.d231eca7f0
[0m02:43:05.980425 [debug] [Thread-1 (]: Began running node test.dbt_crypto.not_null_stg_crypto_klines_close_time.e405db55c9
[0m02:43:05.990599 [debug] [Thread-2 (]: Writing runtime sql for node "test.dbt_crypto.not_null_stg_crypto_klines_close.d231eca7f0"
[0m02:43:05.987593 [info ] [Thread-4 (]: 7 of 18 PASS not_null_int_daily_asset_metrics_daily_open ....................... [[32mPASS[0m in 2.23s]
[0m02:43:05.993592 [debug] [Thread-3 (]: Using postgres connection "test.dbt_crypto.not_null_int_daily_asset_metrics_trading_date.baebdcec4d"
[0m02:43:05.992595 [info ] [Thread-1 (]: 11 of 18 START test not_null_stg_crypto_klines_close_time ...................... [RUN]
[0m02:43:05.996592 [debug] [Thread-4 (]: Finished running node test.dbt_crypto.not_null_int_daily_asset_metrics_daily_open.66ccbbf5f5
[0m02:43:05.996592 [debug] [Thread-3 (]: On test.dbt_crypto.not_null_int_daily_asset_metrics_trading_date.baebdcec4d: /* {"app": "dbt", "dbt_version": "1.12.3", "profile_name": "dbt_crypto", "target_name": "dev", "node_id": "test.dbt_crypto.not_null_int_daily_asset_metrics_trading_date.baebdcec4d"} */

    
    select
      count(*) as failures,
      count(*) != 0 as should_warn,
      count(*) != 0 as should_error
    from (
      
    
  
    
    



select trading_date
from "neondb"."analytics"."int_daily_asset_metrics"
where trading_date is null



  
  
      
    ) dbt_internal_test
[0m02:43:05.998596 [debug] [Thread-1 (]: Re-using an available connection from the pool (formerly test.dbt_crypto.not_null_int_daily_asset_metrics_candle_count.31dd0be41e, now test.dbt_crypto.not_null_stg_crypto_klines_close_time.e405db55c9)
[0m02:43:05.999593 [debug] [Thread-2 (]: Using postgres connection "test.dbt_crypto.not_null_stg_crypto_klines_close.d231eca7f0"
[0m02:43:05.999593 [debug] [Thread-4 (]: Began running node test.dbt_crypto.not_null_stg_crypto_klines_high.c083455de1
[0m02:43:06.000592 [debug] [Thread-3 (]: Opening a new connection, currently in state closed
[0m02:43:06.002592 [debug] [Thread-1 (]: Began compiling node test.dbt_crypto.not_null_stg_crypto_klines_close_time.e405db55c9
[0m02:43:06.004289 [debug] [Thread-2 (]: On test.dbt_crypto.not_null_stg_crypto_klines_close.d231eca7f0: /* {"app": "dbt", "dbt_version": "1.12.3", "profile_name": "dbt_crypto", "target_name": "dev", "node_id": "test.dbt_crypto.not_null_stg_crypto_klines_close.d231eca7f0"} */

    
    select
      count(*) as failures,
      count(*) != 0 as should_warn,
      count(*) != 0 as should_error
    from (
      
    
  
    
    



select close
from "neondb"."analytics"."stg_crypto_klines"
where close is null



  
  
      
    ) dbt_internal_test
[0m02:43:06.005285 [info ] [Thread-4 (]: 12 of 18 START test not_null_stg_crypto_klines_high ............................ [RUN]
[0m02:43:06.014404 [debug] [Thread-1 (]: Writing injected SQL for node "test.dbt_crypto.not_null_stg_crypto_klines_close_time.e405db55c9"
[0m02:43:06.015282 [debug] [Thread-2 (]: Opening a new connection, currently in state closed
[0m02:43:06.016282 [debug] [Thread-4 (]: Re-using an available connection from the pool (formerly test.dbt_crypto.not_null_int_daily_asset_metrics_daily_open.66ccbbf5f5, now test.dbt_crypto.not_null_stg_crypto_klines_high.c083455de1)
[0m02:43:06.019285 [debug] [Thread-4 (]: Began compiling node test.dbt_crypto.not_null_stg_crypto_klines_high.c083455de1
[0m02:43:06.024052 [debug] [Thread-4 (]: Writing injected SQL for node "test.dbt_crypto.not_null_stg_crypto_klines_high.c083455de1"
[0m02:43:06.024052 [debug] [Thread-1 (]: Began executing node test.dbt_crypto.not_null_stg_crypto_klines_close_time.e405db55c9
[0m02:43:06.024052 [debug] [Thread-1 (]: Writing runtime sql for node "test.dbt_crypto.not_null_stg_crypto_klines_close_time.e405db55c9"
[0m02:43:06.024052 [debug] [Thread-4 (]: Began executing node test.dbt_crypto.not_null_stg_crypto_klines_high.c083455de1
[0m02:43:06.038112 [debug] [Thread-4 (]: Writing runtime sql for node "test.dbt_crypto.not_null_stg_crypto_klines_high.c083455de1"
[0m02:43:06.038112 [debug] [Thread-1 (]: Using postgres connection "test.dbt_crypto.not_null_stg_crypto_klines_close_time.e405db55c9"
[0m02:43:06.040622 [debug] [Thread-1 (]: On test.dbt_crypto.not_null_stg_crypto_klines_close_time.e405db55c9: /* {"app": "dbt", "dbt_version": "1.12.3", "profile_name": "dbt_crypto", "target_name": "dev", "node_id": "test.dbt_crypto.not_null_stg_crypto_klines_close_time.e405db55c9"} */

    
    select
      count(*) as failures,
      count(*) != 0 as should_warn,
      count(*) != 0 as should_error
    from (
      
    
  
    
    



select close_time
from "neondb"."analytics"."stg_crypto_klines"
where close_time is null



  
  
      
    ) dbt_internal_test
[0m02:43:06.040622 [debug] [Thread-1 (]: Opening a new connection, currently in state closed
[0m02:43:06.040622 [debug] [Thread-4 (]: Using postgres connection "test.dbt_crypto.not_null_stg_crypto_klines_high.c083455de1"
[0m02:43:06.040622 [debug] [Thread-4 (]: On test.dbt_crypto.not_null_stg_crypto_klines_high.c083455de1: /* {"app": "dbt", "dbt_version": "1.12.3", "profile_name": "dbt_crypto", "target_name": "dev", "node_id": "test.dbt_crypto.not_null_stg_crypto_klines_high.c083455de1"} */

    
    select
      count(*) as failures,
      count(*) != 0 as should_warn,
      count(*) != 0 as should_error
    from (
      
    
  
    
    



select high
from "neondb"."analytics"."stg_crypto_klines"
where high is null



  
  
      
    ) dbt_internal_test
[0m02:43:06.040622 [debug] [Thread-4 (]: Opening a new connection, currently in state closed
[0m02:43:08.003735 [debug] [Thread-3 (]: SQL status: SELECT 1 in 2.004 seconds
[0m02:43:08.003735 [debug] [Thread-1 (]: SQL status: SELECT 1 in 1.965 seconds
[0m02:43:08.003735 [debug] [Thread-3 (]: On test.dbt_crypto.not_null_int_daily_asset_metrics_trading_date.baebdcec4d: ROLLBACK
[0m02:43:08.003735 [debug] [Thread-1 (]: On test.dbt_crypto.not_null_stg_crypto_klines_close_time.e405db55c9: ROLLBACK
[0m02:43:08.018734 [debug] [Thread-2 (]: SQL status: SELECT 1 in 2.014 seconds
[0m02:43:08.030778 [debug] [Thread-2 (]: On test.dbt_crypto.not_null_stg_crypto_klines_close.d231eca7f0: ROLLBACK
[0m02:43:08.034664 [debug] [Thread-4 (]: SQL status: SELECT 1 in 1.992 seconds
[0m02:43:08.034664 [debug] [Thread-4 (]: On test.dbt_crypto.not_null_stg_crypto_klines_high.c083455de1: ROLLBACK
[0m02:43:08.255192 [debug] [Thread-1 (]: On test.dbt_crypto.not_null_stg_crypto_klines_close_time.e405db55c9: Close
[0m02:43:08.260203 [debug] [Thread-3 (]: On test.dbt_crypto.not_null_int_daily_asset_metrics_trading_date.baebdcec4d: Close
[0m02:43:08.259213 [info ] [Thread-1 (]: 11 of 18 PASS not_null_stg_crypto_klines_close_time ............................ [[32mPASS[0m in 2.26s]
[0m02:43:08.262237 [debug] [Thread-1 (]: Finished running node test.dbt_crypto.not_null_stg_crypto_klines_close_time.e405db55c9
[0m02:43:08.261207 [info ] [Thread-3 (]: 9 of 18 PASS not_null_int_daily_asset_metrics_trading_date ..................... [[32mPASS[0m in 2.31s]
[0m02:43:08.263205 [debug] [Thread-1 (]: Began running node test.dbt_crypto.not_null_stg_crypto_klines_interval.9a211ae76d
[0m02:43:08.264205 [debug] [Thread-3 (]: Finished running node test.dbt_crypto.not_null_int_daily_asset_metrics_trading_date.baebdcec4d
[0m02:43:08.265205 [info ] [Thread-1 (]: 13 of 18 START test not_null_stg_crypto_klines_interval ........................ [RUN]
[0m02:43:08.266205 [debug] [Thread-3 (]: Began running node test.dbt_crypto.not_null_stg_crypto_klines_low.acb73e9001
[0m02:43:08.267206 [debug] [Thread-1 (]: Re-using an available connection from the pool (formerly test.dbt_crypto.not_null_stg_crypto_klines_close_time.e405db55c9, now test.dbt_crypto.not_null_stg_crypto_klines_interval.9a211ae76d)
[0m02:43:08.268215 [info ] [Thread-3 (]: 14 of 18 START test not_null_stg_crypto_klines_low ............................. [RUN]
[0m02:43:08.269205 [debug] [Thread-1 (]: Began compiling node test.dbt_crypto.not_null_stg_crypto_klines_interval.9a211ae76d
[0m02:43:08.271744 [debug] [Thread-3 (]: Re-using an available connection from the pool (formerly test.dbt_crypto.not_null_int_daily_asset_metrics_trading_date.baebdcec4d, now test.dbt_crypto.not_null_stg_crypto_klines_low.acb73e9001)
[0m02:43:08.279804 [debug] [Thread-1 (]: Writing injected SQL for node "test.dbt_crypto.not_null_stg_crypto_klines_interval.9a211ae76d"
[0m02:43:08.279804 [debug] [Thread-2 (]: On test.dbt_crypto.not_null_stg_crypto_klines_close.d231eca7f0: Close
[0m02:43:08.280725 [debug] [Thread-3 (]: Began compiling node test.dbt_crypto.not_null_stg_crypto_klines_low.acb73e9001
[0m02:43:08.291011 [debug] [Thread-3 (]: Writing injected SQL for node "test.dbt_crypto.not_null_stg_crypto_klines_low.acb73e9001"
[0m02:43:08.291011 [debug] [Thread-4 (]: On test.dbt_crypto.not_null_stg_crypto_klines_high.c083455de1: Close
[0m02:43:08.291011 [info ] [Thread-2 (]: 10 of 18 PASS not_null_stg_crypto_klines_close ................................. [[32mPASS[0m in 2.33s]
[0m02:43:08.291011 [debug] [Thread-1 (]: Began executing node test.dbt_crypto.not_null_stg_crypto_klines_interval.9a211ae76d
[0m02:43:08.291011 [debug] [Thread-2 (]: Finished running node test.dbt_crypto.not_null_stg_crypto_klines_close.d231eca7f0
[0m02:43:08.291011 [info ] [Thread-4 (]: 12 of 18 PASS not_null_stg_crypto_klines_high .................................. [[32mPASS[0m in 2.27s]
[0m02:43:08.298161 [debug] [Thread-1 (]: Writing runtime sql for node "test.dbt_crypto.not_null_stg_crypto_klines_interval.9a211ae76d"
[0m02:43:08.299247 [debug] [Thread-3 (]: Began executing node test.dbt_crypto.not_null_stg_crypto_klines_low.acb73e9001
[0m02:43:08.300168 [debug] [Thread-2 (]: Began running node test.dbt_crypto.not_null_stg_crypto_klines_open.ec1fc4d2df
[0m02:43:08.301172 [debug] [Thread-4 (]: Finished running node test.dbt_crypto.not_null_stg_crypto_klines_high.c083455de1
[0m02:43:08.303654 [debug] [Thread-3 (]: Writing runtime sql for node "test.dbt_crypto.not_null_stg_crypto_klines_low.acb73e9001"
[0m02:43:08.303654 [debug] [Thread-1 (]: Using postgres connection "test.dbt_crypto.not_null_stg_crypto_klines_interval.9a211ae76d"
[0m02:43:08.303654 [info ] [Thread-2 (]: 15 of 18 START test not_null_stg_crypto_klines_open ............................ [RUN]
[0m02:43:08.303654 [debug] [Thread-4 (]: Began running node test.dbt_crypto.not_null_stg_crypto_klines_open_time.ba5000c49e
[0m02:43:08.310602 [debug] [Thread-1 (]: On test.dbt_crypto.not_null_stg_crypto_klines_interval.9a211ae76d: /* {"app": "dbt", "dbt_version": "1.12.3", "profile_name": "dbt_crypto", "target_name": "dev", "node_id": "test.dbt_crypto.not_null_stg_crypto_klines_interval.9a211ae76d"} */

    
    select
      count(*) as failures,
      count(*) != 0 as should_warn,
      count(*) != 0 as should_error
    from (
      
    
  
    
    



select interval
from "neondb"."analytics"."stg_crypto_klines"
where interval is null



  
  
      
    ) dbt_internal_test
[0m02:43:08.310602 [debug] [Thread-2 (]: Re-using an available connection from the pool (formerly test.dbt_crypto.not_null_stg_crypto_klines_close.d231eca7f0, now test.dbt_crypto.not_null_stg_crypto_klines_open.ec1fc4d2df)
[0m02:43:08.310602 [debug] [Thread-3 (]: Using postgres connection "test.dbt_crypto.not_null_stg_crypto_klines_low.acb73e9001"
[0m02:43:08.310602 [info ] [Thread-4 (]: 16 of 18 START test not_null_stg_crypto_klines_open_time ....................... [RUN]
[0m02:43:08.315458 [debug] [Thread-1 (]: Opening a new connection, currently in state closed
[0m02:43:08.316465 [debug] [Thread-2 (]: Began compiling node test.dbt_crypto.not_null_stg_crypto_klines_open.ec1fc4d2df
[0m02:43:08.316465 [debug] [Thread-3 (]: On test.dbt_crypto.not_null_stg_crypto_klines_low.acb73e9001: /* {"app": "dbt", "dbt_version": "1.12.3", "profile_name": "dbt_crypto", "target_name": "dev", "node_id": "test.dbt_crypto.not_null_stg_crypto_klines_low.acb73e9001"} */

    
    select
      count(*) as failures,
      count(*) != 0 as should_warn,
      count(*) != 0 as should_error
    from (
      
    
  
    
    



select low
from "neondb"."analytics"."stg_crypto_klines"
where low is null



  
  
      
    ) dbt_internal_test
[0m02:43:08.317467 [debug] [Thread-4 (]: Re-using an available connection from the pool (formerly test.dbt_crypto.not_null_stg_crypto_klines_high.c083455de1, now test.dbt_crypto.not_null_stg_crypto_klines_open_time.ba5000c49e)
[0m02:43:08.320325 [debug] [Thread-2 (]: Writing injected SQL for node "test.dbt_crypto.not_null_stg_crypto_klines_open.ec1fc4d2df"
[0m02:43:08.320325 [debug] [Thread-3 (]: Opening a new connection, currently in state closed
[0m02:43:08.320325 [debug] [Thread-4 (]: Began compiling node test.dbt_crypto.not_null_stg_crypto_klines_open_time.ba5000c49e
[0m02:43:08.339171 [debug] [Thread-4 (]: Writing injected SQL for node "test.dbt_crypto.not_null_stg_crypto_klines_open_time.ba5000c49e"
[0m02:43:08.340878 [debug] [Thread-2 (]: Began executing node test.dbt_crypto.not_null_stg_crypto_klines_open.ec1fc4d2df
[0m02:43:08.340878 [debug] [Thread-4 (]: Began executing node test.dbt_crypto.not_null_stg_crypto_klines_open_time.ba5000c49e
[0m02:43:08.340878 [debug] [Thread-2 (]: Writing runtime sql for node "test.dbt_crypto.not_null_stg_crypto_klines_open.ec1fc4d2df"
[0m02:43:08.340878 [debug] [Thread-4 (]: Writing runtime sql for node "test.dbt_crypto.not_null_stg_crypto_klines_open_time.ba5000c49e"
[0m02:43:08.352435 [debug] [Thread-4 (]: Using postgres connection "test.dbt_crypto.not_null_stg_crypto_klines_open_time.ba5000c49e"
[0m02:43:08.340878 [debug] [Thread-2 (]: Using postgres connection "test.dbt_crypto.not_null_stg_crypto_klines_open.ec1fc4d2df"
[0m02:43:08.353905 [debug] [Thread-4 (]: On test.dbt_crypto.not_null_stg_crypto_klines_open_time.ba5000c49e: /* {"app": "dbt", "dbt_version": "1.12.3", "profile_name": "dbt_crypto", "target_name": "dev", "node_id": "test.dbt_crypto.not_null_stg_crypto_klines_open_time.ba5000c49e"} */

    
    select
      count(*) as failures,
      count(*) != 0 as should_warn,
      count(*) != 0 as should_error
    from (
      
    
  
    
    



select open_time
from "neondb"."analytics"."stg_crypto_klines"
where open_time is null



  
  
      
    ) dbt_internal_test
[0m02:43:08.353905 [debug] [Thread-2 (]: On test.dbt_crypto.not_null_stg_crypto_klines_open.ec1fc4d2df: /* {"app": "dbt", "dbt_version": "1.12.3", "profile_name": "dbt_crypto", "target_name": "dev", "node_id": "test.dbt_crypto.not_null_stg_crypto_klines_open.ec1fc4d2df"} */

    
    select
      count(*) as failures,
      count(*) != 0 as should_warn,
      count(*) != 0 as should_error
    from (
      
    
  
    
    



select open
from "neondb"."analytics"."stg_crypto_klines"
where open is null



  
  
      
    ) dbt_internal_test
[0m02:43:08.353905 [debug] [Thread-4 (]: Opening a new connection, currently in state closed
[0m02:43:08.353905 [debug] [Thread-2 (]: Opening a new connection, currently in state closed
[0m02:43:10.264214 [debug] [Thread-2 (]: SQL status: SELECT 1 in 1.908 seconds
[0m02:43:10.268062 [debug] [Thread-2 (]: On test.dbt_crypto.not_null_stg_crypto_klines_open.ec1fc4d2df: ROLLBACK
[0m02:43:10.287574 [debug] [Thread-3 (]: SQL status: SELECT 1 in 1.965 seconds
[0m02:43:10.299683 [debug] [Thread-3 (]: On test.dbt_crypto.not_null_stg_crypto_klines_low.acb73e9001: ROLLBACK
[0m02:43:10.387667 [debug] [Thread-1 (]: SQL status: SELECT 1 in 2.073 seconds
[0m02:43:10.387667 [debug] [Thread-1 (]: On test.dbt_crypto.not_null_stg_crypto_klines_interval.9a211ae76d: ROLLBACK
[0m02:43:10.402770 [debug] [Thread-4 (]: SQL status: SELECT 1 in 2.056 seconds
[0m02:43:10.402770 [debug] [Thread-4 (]: On test.dbt_crypto.not_null_stg_crypto_klines_open_time.ba5000c49e: ROLLBACK
[0m02:43:10.502738 [debug] [Thread-2 (]: On test.dbt_crypto.not_null_stg_crypto_klines_open.ec1fc4d2df: Close
[0m02:43:10.502738 [info ] [Thread-2 (]: 15 of 18 PASS not_null_stg_crypto_klines_open .................................. [[32mPASS[0m in 2.19s]
[0m02:43:10.502738 [debug] [Thread-2 (]: Finished running node test.dbt_crypto.not_null_stg_crypto_klines_open.ec1fc4d2df
[0m02:43:10.511487 [debug] [Thread-2 (]: Began running node test.dbt_crypto.not_null_stg_crypto_klines_symbol.e2807c50d4
[0m02:43:10.511487 [info ] [Thread-2 (]: 17 of 18 START test not_null_stg_crypto_klines_symbol .......................... [RUN]
[0m02:43:10.511487 [debug] [Thread-2 (]: Re-using an available connection from the pool (formerly test.dbt_crypto.not_null_stg_crypto_klines_open.ec1fc4d2df, now test.dbt_crypto.not_null_stg_crypto_klines_symbol.e2807c50d4)
[0m02:43:10.511487 [debug] [Thread-2 (]: Began compiling node test.dbt_crypto.not_null_stg_crypto_klines_symbol.e2807c50d4
[0m02:43:10.521070 [debug] [Thread-2 (]: Writing injected SQL for node "test.dbt_crypto.not_null_stg_crypto_klines_symbol.e2807c50d4"
[0m02:43:10.525519 [debug] [Thread-2 (]: Began executing node test.dbt_crypto.not_null_stg_crypto_klines_symbol.e2807c50d4
[0m02:43:10.525519 [debug] [Thread-2 (]: Writing runtime sql for node "test.dbt_crypto.not_null_stg_crypto_klines_symbol.e2807c50d4"
[0m02:43:10.525519 [debug] [Thread-2 (]: Using postgres connection "test.dbt_crypto.not_null_stg_crypto_klines_symbol.e2807c50d4"
[0m02:43:10.525519 [debug] [Thread-2 (]: On test.dbt_crypto.not_null_stg_crypto_klines_symbol.e2807c50d4: /* {"app": "dbt", "dbt_version": "1.12.3", "profile_name": "dbt_crypto", "target_name": "dev", "node_id": "test.dbt_crypto.not_null_stg_crypto_klines_symbol.e2807c50d4"} */

    
    select
      count(*) as failures,
      count(*) != 0 as should_warn,
      count(*) != 0 as should_error
    from (
      
    
  
    
    



select symbol
from "neondb"."analytics"."stg_crypto_klines"
where symbol is null



  
  
      
    ) dbt_internal_test
[0m02:43:10.525519 [debug] [Thread-2 (]: Opening a new connection, currently in state closed
[0m02:43:10.542608 [debug] [Thread-3 (]: On test.dbt_crypto.not_null_stg_crypto_klines_low.acb73e9001: Close
[0m02:43:10.544593 [info ] [Thread-3 (]: 14 of 18 PASS not_null_stg_crypto_klines_low ................................... [[32mPASS[0m in 2.27s]
[0m02:43:10.545592 [debug] [Thread-3 (]: Finished running node test.dbt_crypto.not_null_stg_crypto_klines_low.acb73e9001
[0m02:43:10.546592 [debug] [Thread-3 (]: Began running node test.dbt_crypto.not_null_stg_crypto_klines_volume.dc3ceaa92a
[0m02:43:10.547592 [info ] [Thread-3 (]: 18 of 18 START test not_null_stg_crypto_klines_volume .......................... [RUN]
[0m02:43:10.549592 [debug] [Thread-3 (]: Re-using an available connection from the pool (formerly test.dbt_crypto.not_null_stg_crypto_klines_low.acb73e9001, now test.dbt_crypto.not_null_stg_crypto_klines_volume.dc3ceaa92a)
[0m02:43:10.550592 [debug] [Thread-3 (]: Began compiling node test.dbt_crypto.not_null_stg_crypto_klines_volume.dc3ceaa92a
[0m02:43:10.561151 [debug] [Thread-3 (]: Writing injected SQL for node "test.dbt_crypto.not_null_stg_crypto_klines_volume.dc3ceaa92a"
[0m02:43:10.564191 [debug] [Thread-3 (]: Began executing node test.dbt_crypto.not_null_stg_crypto_klines_volume.dc3ceaa92a
[0m02:43:10.567243 [debug] [Thread-3 (]: Writing runtime sql for node "test.dbt_crypto.not_null_stg_crypto_klines_volume.dc3ceaa92a"
[0m02:43:10.570777 [debug] [Thread-3 (]: Using postgres connection "test.dbt_crypto.not_null_stg_crypto_klines_volume.dc3ceaa92a"
[0m02:43:10.571773 [debug] [Thread-3 (]: On test.dbt_crypto.not_null_stg_crypto_klines_volume.dc3ceaa92a: /* {"app": "dbt", "dbt_version": "1.12.3", "profile_name": "dbt_crypto", "target_name": "dev", "node_id": "test.dbt_crypto.not_null_stg_crypto_klines_volume.dc3ceaa92a"} */

    
    select
      count(*) as failures,
      count(*) != 0 as should_warn,
      count(*) != 0 as should_error
    from (
      
    
  
    
    



select volume
from "neondb"."analytics"."stg_crypto_klines"
where volume is null



  
  
      
    ) dbt_internal_test
[0m02:43:10.573755 [debug] [Thread-3 (]: Opening a new connection, currently in state closed
[0m02:43:10.641906 [debug] [Thread-1 (]: On test.dbt_crypto.not_null_stg_crypto_klines_interval.9a211ae76d: Close
[0m02:43:10.641906 [info ] [Thread-1 (]: 13 of 18 PASS not_null_stg_crypto_klines_interval .............................. [[32mPASS[0m in 2.37s]
[0m02:43:10.654297 [debug] [Thread-1 (]: Finished running node test.dbt_crypto.not_null_stg_crypto_klines_interval.9a211ae76d
[0m02:43:10.654297 [debug] [Thread-4 (]: On test.dbt_crypto.not_null_stg_crypto_klines_open_time.ba5000c49e: Close
[0m02:43:10.670126 [info ] [Thread-4 (]: 16 of 18 PASS not_null_stg_crypto_klines_open_time ............................. [[32mPASS[0m in 2.35s]
[0m02:43:10.673411 [debug] [Thread-4 (]: Finished running node test.dbt_crypto.not_null_stg_crypto_klines_open_time.ba5000c49e
[0m02:43:12.418260 [debug] [Thread-2 (]: SQL status: SELECT 1 in 1.891 seconds
[0m02:43:12.418260 [debug] [Thread-2 (]: On test.dbt_crypto.not_null_stg_crypto_klines_symbol.e2807c50d4: ROLLBACK
[0m02:43:12.518567 [debug] [Thread-3 (]: SQL status: SELECT 1 in 1.948 seconds
[0m02:43:12.518567 [debug] [Thread-3 (]: On test.dbt_crypto.not_null_stg_crypto_klines_volume.dc3ceaa92a: ROLLBACK
[0m02:43:12.669917 [debug] [Thread-2 (]: On test.dbt_crypto.not_null_stg_crypto_klines_symbol.e2807c50d4: Close
[0m02:43:12.669917 [info ] [Thread-2 (]: 17 of 18 PASS not_null_stg_crypto_klines_symbol ................................ [[32mPASS[0m in 2.16s]
[0m02:43:12.684976 [debug] [Thread-2 (]: Finished running node test.dbt_crypto.not_null_stg_crypto_klines_symbol.e2807c50d4
[0m02:43:12.766878 [debug] [Thread-3 (]: On test.dbt_crypto.not_null_stg_crypto_klines_volume.dc3ceaa92a: Close
[0m02:43:12.768970 [info ] [Thread-3 (]: 18 of 18 PASS not_null_stg_crypto_klines_volume ................................ [[32mPASS[0m in 2.22s]
[0m02:43:12.769887 [debug] [Thread-3 (]: Finished running node test.dbt_crypto.not_null_stg_crypto_klines_volume.dc3ceaa92a
[0m02:43:12.771994 [debug] [MainThread]: On master: COMMIT
[0m02:43:12.773036 [debug] [MainThread]: Using postgres connection "master"
[0m02:43:12.773036 [debug] [MainThread]: On master: COMMIT
[0m02:43:12.774070 [debug] [MainThread]: Opening a new connection, currently in state closed
[0m02:43:14.769732 [debug] [MainThread]: SQL status: COMMIT in 1.998 seconds
[0m02:43:14.773708 [debug] [MainThread]: On master: Close
[0m02:43:14.775726 [debug] [MainThread]: Connection 'master' was properly closed.
[0m02:43:14.777734 [debug] [MainThread]: Connection 'list_neondb_analytics' was properly closed.
[0m02:43:14.777734 [debug] [MainThread]: Connection 'test.dbt_crypto.not_null_stg_crypto_klines_interval.9a211ae76d' was properly closed.
[0m02:43:14.777734 [debug] [MainThread]: Connection 'test.dbt_crypto.not_null_stg_crypto_klines_symbol.e2807c50d4' was properly closed.
[0m02:43:14.777734 [debug] [MainThread]: Connection 'test.dbt_crypto.not_null_stg_crypto_klines_volume.dc3ceaa92a' was properly closed.
[0m02:43:14.779740 [debug] [MainThread]: Connection 'test.dbt_crypto.not_null_stg_crypto_klines_open_time.ba5000c49e' was properly closed.
[0m02:43:14.779740 [info ] [MainThread]: 
[0m02:43:14.779740 [info ] [MainThread]: Finished running 18 data tests in 0 hours 0 minutes and 18.84 seconds (18.84s).
[0m02:43:14.785561 [debug] [MainThread]: Command end result
[0m02:43:14.824404 [debug] [MainThread]: Wrote artifact WritableManifest to C:\Users\eknmeeu\Downloads\Py_Neeraj\DE_P\dbt\dbt_crypto\target\manifest.json
[0m02:43:14.824404 [debug] [MainThread]: Wrote artifact SemanticManifest to C:\Users\eknmeeu\Downloads\Py_Neeraj\DE_P\dbt\dbt_crypto\target\semantic_manifest.json
[0m02:43:14.837011 [debug] [MainThread]: Wrote artifact OsiDocument to C:\Users\eknmeeu\Downloads\Py_Neeraj\DE_P\dbt\dbt_crypto\target\osi_document.json
[0m02:43:14.852975 [debug] [MainThread]: Wrote artifact RunExecutionResult to C:\Users\eknmeeu\Downloads\Py_Neeraj\DE_P\dbt\dbt_crypto\target\run_results.json
[0m02:43:14.852975 [info ] [MainThread]: 
[0m02:43:14.855160 [info ] [MainThread]: [32mCompleted successfully[0m
[0m02:43:14.856120 [info ] [MainThread]: 
[0m02:43:14.856120 [info ] [MainThread]: Done. PASS=18 WARN=0 ERROR=0 SKIP=0 NO-OP=0 REUSED=0 TOTAL=18
[0m02:43:14.858206 [debug] [MainThread]: Command `dbt test` succeeded at 02:43:14.858206 after 21.09 seconds
[0m02:43:14.859124 [debug] [MainThread]: Sending event: {'category': 'dbt', 'action': 'invocation', 'label': 'end', 'context': [<snowplow_tracker.self_describing_json.SelfDescribingJson object at 0x00000169B76EB5B0>, <snowplow_tracker.self_describing_json.SelfDescribingJson object at 0x00000169B91BF190>, <snowplow_tracker.self_describing_json.SelfDescribingJson object at 0x00000169BA11C160>]}
[0m02:43:14.859124 [debug] [MainThread]: Flushing usage events
[0m02:43:16.613134 [debug] [MainThread]: An error was encountered while trying to flush usage events
[0m02:47:02.953157 [debug] [MainThread]: Sending event: {'category': 'dbt', 'action': 'invocation', 'label': 'start', 'context': [<snowplow_tracker.self_describing_json.SelfDescribingJson object at 0x000001E3ED09B580>, <snowplow_tracker.self_describing_json.SelfDescribingJson object at 0x000001E3EF877490>, <snowplow_tracker.self_describing_json.SelfDescribingJson object at 0x000001E3EF8772B0>]}


============================== 02:47:02.960155 | d09c020b-dea4-4f04-a0d8-0b3c053f657e ==============================
[0m02:47:02.960155 [info ] [MainThread]: Running with dbt=1.12.3
[0m02:47:02.961155 [debug] [MainThread]: running dbt with arguments {'version_check': 'True', 'no_print': 'None', 'maximum_seed_size_mib': '1', 'warn_error_options': 'WarnErrorOptionsV2(error=[], warn=[], silence=[])', 'target_path': 'None', 'static_parser': 'True', 'printer_width': '80', 'write_json': 'True', 'empty': 'None', 'log_cache_events': 'False', 'introspect': 'True', 'cache_selected_only': 'False', 'fail_fast': 'False', 'debug': 'False', 'log_format': 'default', 'profiles_dir': 'C:\\Users\\eknmeeu\\.dbt', 'send_anonymous_usage_stats': 'True', 'quiet': 'False', 'warn_error': 'None', 'partial_parse': 'True', 'use_colors': 'True', 'hints_enabled': 'True', 'invocation_command': 'dbt parse', 'use_experimental_parser': 'False', 'indirect_selection': 'eager', 'log_path': 'C:\\Users\\eknmeeu\\Downloads\\Py_Neeraj\\DE_P\\dbt\\dbt_crypto\\logs'}
[0m02:47:03.229686 [debug] [MainThread]: Sending event: {'category': 'dbt', 'action': 'project_id', 'label': 'd09c020b-dea4-4f04-a0d8-0b3c053f657e', 'context': [<snowplow_tracker.self_describing_json.SelfDescribingJson object at 0x000001E3EF877A30>]}
[0m02:47:03.346918 [debug] [MainThread]: Sending event: {'category': 'dbt', 'action': 'adapter_info', 'label': 'd09c020b-dea4-4f04-a0d8-0b3c053f657e', 'context': [<snowplow_tracker.self_describing_json.SelfDescribingJson object at 0x000001E3EF5D3FA0>]}
[0m02:47:03.346918 [info ] [MainThread]: Registered adapter: postgres=1.11.0
[0m02:47:03.743883 [debug] [MainThread]: checksum: 15b6814c27264d0629857aab4d824ec3aa97fd3d23a0ccfc8ec203ae2aba15df, vars: {}, profile: dbt_crypto, target: dev, version: 1.12.3
[0m02:47:04.025741 [debug] [MainThread]: Partial parsing enabled: 3 files deleted, 0 files added, 0 files changed.
[0m02:47:04.026740 [debug] [MainThread]: Partial parsing: deleted file: dbt_crypto://models\example\my_first_dbt_model.sql
[0m02:47:04.027741 [debug] [MainThread]: Partial parsing: deleted file: dbt_crypto://models\example\my_second_dbt_model.sql
[0m02:47:04.125356 [warn ] [MainThread]: [[33mWARNING[0m]: Configuration paths exist in your dbt_project.yml file which do not apply to any resources.
There are 1 unused configuration paths:
- models.dbt_crypto.example
[0m02:47:04.125356 [debug] [MainThread]: Sending event: {'category': 'dbt', 'action': 'load_project', 'label': 'd09c020b-dea4-4f04-a0d8-0b3c053f657e', 'context': [<snowplow_tracker.self_describing_json.SelfDescribingJson object at 0x000001E3F1010040>]}
[0m02:47:04.145615 [info ] [MainThread]: Performance info: C:\Users\eknmeeu\Downloads\Py_Neeraj\DE_P\dbt\dbt_crypto\target\perf_info.json
[0m02:47:04.346753 [debug] [MainThread]: Wrote artifact WritableManifest to C:\Users\eknmeeu\Downloads\Py_Neeraj\DE_P\dbt\dbt_crypto\target\manifest.json
[0m02:47:04.353753 [debug] [MainThread]: Wrote artifact SemanticManifest to C:\Users\eknmeeu\Downloads\Py_Neeraj\DE_P\dbt\dbt_crypto\target\semantic_manifest.json
[0m02:47:04.393951 [debug] [MainThread]: Wrote artifact OsiDocument to C:\Users\eknmeeu\Downloads\Py_Neeraj\DE_P\dbt\dbt_crypto\target\osi_document.json
[0m02:47:04.393951 [debug] [MainThread]: Command `dbt parse` succeeded at 02:47:04.393951 after 1.84 seconds
[0m02:47:04.393951 [debug] [MainThread]: Sending event: {'category': 'dbt', 'action': 'invocation', 'label': 'end', 'context': [<snowplow_tracker.self_describing_json.SelfDescribingJson object at 0x000001E3ED09B580>, <snowplow_tracker.self_describing_json.SelfDescribingJson object at 0x000001E3EC56CD30>, <snowplow_tracker.self_describing_json.SelfDescribingJson object at 0x000001E3EF7FA860>]}
[0m02:47:04.393951 [debug] [MainThread]: Flushing usage events
[0m02:47:06.010953 [debug] [MainThread]: An error was encountered while trying to flush usage events
[0m02:50:38.295784 [debug] [MainThread]: Sending event: {'category': 'dbt', 'action': 'invocation', 'label': 'start', 'context': [<snowplow_tracker.self_describing_json.SelfDescribingJson object at 0x0000025FFDCDB610>, <snowplow_tracker.self_describing_json.SelfDescribingJson object at 0x0000025FFF4EB580>, <snowplow_tracker.self_describing_json.SelfDescribingJson object at 0x0000025FFF4EB3A0>]}


============================== 02:50:38.300501 | f2e7b17d-9091-47a2-9a4a-37d1d2d0f97d ==============================
[0m02:50:38.300501 [info ] [MainThread]: Running with dbt=1.12.3
[0m02:50:38.300501 [debug] [MainThread]: running dbt with arguments {'maximum_seed_size_mib': '1', 'no_print': 'None', 'static_parser': 'True', 'target_path': 'None', 'warn_error_options': 'WarnErrorOptionsV2(error=[], warn=[], silence=[])', 'version_check': 'True', 'printer_width': '80', 'write_json': 'True', 'empty': 'None', 'log_cache_events': 'False', 'introspect': 'True', 'cache_selected_only': 'False', 'log_format': 'default', 'debug': 'False', 'fail_fast': 'False', 'partial_parse': 'True', 'send_anonymous_usage_stats': 'True', 'quiet': 'False', 'warn_error': 'None', 'profiles_dir': 'C:\\Users\\eknmeeu\\.dbt', 'invocation_command': 'dbt parse', 'hints_enabled': 'True', 'indirect_selection': 'eager', 'use_experimental_parser': 'False', 'use_colors': 'True', 'log_path': 'C:\\Users\\eknmeeu\\Downloads\\Py_Neeraj\\DE_P\\dbt\\dbt_crypto\\logs'}
[0m02:50:38.552299 [debug] [MainThread]: Sending event: {'category': 'dbt', 'action': 'project_id', 'label': 'f2e7b17d-9091-47a2-9a4a-37d1d2d0f97d', 'context': [<snowplow_tracker.self_describing_json.SelfDescribingJson object at 0x0000025FFF4E8DC0>]}
[0m02:50:38.634589 [debug] [MainThread]: Sending event: {'category': 'dbt', 'action': 'adapter_info', 'label': 'f2e7b17d-9091-47a2-9a4a-37d1d2d0f97d', 'context': [<snowplow_tracker.self_describing_json.SelfDescribingJson object at 0x0000025FFF4B6830>]}
[0m02:50:38.650491 [info ] [MainThread]: Registered adapter: postgres=1.11.0
[0m02:50:39.029602 [debug] [MainThread]: checksum: 15b6814c27264d0629857aab4d824ec3aa97fd3d23a0ccfc8ec203ae2aba15df, vars: {}, profile: dbt_crypto, target: dev, version: 1.12.3
[0m02:50:39.169047 [info ] [MainThread]: Unable to do partial parsing because a project config has changed
[0m02:50:39.171055 [debug] [MainThread]: Sending event: {'category': 'dbt', 'action': 'partial_parser', 'label': 'f2e7b17d-9091-47a2-9a4a-37d1d2d0f97d', 'context': [<snowplow_tracker.self_describing_json.SelfDescribingJson object at 0x0000025FFE80D150>]}
[0m02:50:40.768396 [debug] [MainThread]: Sending event: {'category': 'dbt', 'action': 'load_project', 'label': 'f2e7b17d-9091-47a2-9a4a-37d1d2d0f97d', 'context': [<snowplow_tracker.self_describing_json.SelfDescribingJson object at 0x0000025FFFD21000>]}
[0m02:50:40.768396 [info ] [MainThread]: Performance info: C:\Users\eknmeeu\Downloads\Py_Neeraj\DE_P\dbt\dbt_crypto\target\perf_info.json
[0m02:50:40.905692 [debug] [MainThread]: Wrote artifact WritableManifest to C:\Users\eknmeeu\Downloads\Py_Neeraj\DE_P\dbt\dbt_crypto\target\manifest.json
[0m02:50:40.905692 [debug] [MainThread]: Wrote artifact SemanticManifest to C:\Users\eknmeeu\Downloads\Py_Neeraj\DE_P\dbt\dbt_crypto\target\semantic_manifest.json
[0m02:50:40.952867 [debug] [MainThread]: Wrote artifact OsiDocument to C:\Users\eknmeeu\Downloads\Py_Neeraj\DE_P\dbt\dbt_crypto\target\osi_document.json
[0m02:50:40.952867 [debug] [MainThread]: Command `dbt parse` succeeded at 02:50:40.952867 after 3.04 seconds
[0m02:50:40.952867 [debug] [MainThread]: Sending event: {'category': 'dbt', 'action': 'invocation', 'label': 'end', 'context': [<snowplow_tracker.self_describing_json.SelfDescribingJson object at 0x0000025FFDCDB610>, <snowplow_tracker.self_describing_json.SelfDescribingJson object at 0x0000025FFFD571F0>, <snowplow_tracker.self_describing_json.SelfDescribingJson object at 0x0000025FFF6D6E00>]}
[0m02:50:40.952867 [debug] [MainThread]: Flushing usage events
[0m02:50:42.456777 [debug] [MainThread]: An error was encountered while trying to flush usage events
[0m02:51:06.610087 [debug] [MainThread]: Sending event: {'category': 'dbt', 'action': 'invocation', 'label': 'start', 'context': [<snowplow_tracker.self_describing_json.SelfDescribingJson object at 0x00000213DC21B580>, <snowplow_tracker.self_describing_json.SelfDescribingJson object at 0x00000213DDA2B8E0>, <snowplow_tracker.self_describing_json.SelfDescribingJson object at 0x00000213DDA2B700>]}


============================== 02:51:06.615092 | d0a5701a-8468-458f-bb10-3f80648a8230 ==============================
[0m02:51:06.615092 [info ] [MainThread]: Running with dbt=1.12.3
[0m02:51:06.617093 [debug] [MainThread]: running dbt with arguments {'maximum_seed_size_mib': '1', 'no_print': 'None', 'static_parser': 'True', 'target_path': 'None', 'version_check': 'True', 'warn_error_options': 'WarnErrorOptionsV2(error=[], warn=[], silence=[])', 'printer_width': '80', 'write_json': 'True', 'introspect': 'True', 'log_cache_events': 'False', 'empty': 'None', 'cache_selected_only': 'False', 'log_format': 'default', 'debug': 'False', 'fail_fast': 'False', 'profiles_dir': 'C:\\Users\\eknmeeu\\.dbt', 'send_anonymous_usage_stats': 'True', 'quiet': 'False', 'warn_error': 'None', 'partial_parse': 'True', 'indirect_selection': 'eager', 'hints_enabled': 'True', 'invocation_command': 'dbt ls', 'use_experimental_parser': 'False', 'use_colors': 'True', 'log_path': 'C:\\Users\\eknmeeu\\Downloads\\Py_Neeraj\\DE_P\\dbt\\dbt_crypto\\logs'}
[0m02:51:06.880782 [debug] [MainThread]: Sending event: {'category': 'dbt', 'action': 'project_id', 'label': 'd0a5701a-8468-458f-bb10-3f80648a8230', 'context': [<snowplow_tracker.self_describing_json.SelfDescribingJson object at 0x00000213DDA2B6A0>]}
[0m02:51:06.978632 [debug] [MainThread]: Sending event: {'category': 'dbt', 'action': 'adapter_info', 'label': 'd0a5701a-8468-458f-bb10-3f80648a8230', 'context': [<snowplow_tracker.self_describing_json.SelfDescribingJson object at 0x00000213DC5BEF50>]}
[0m02:51:06.978632 [info ] [MainThread]: Registered adapter: postgres=1.11.0
[0m02:51:07.338894 [debug] [MainThread]: checksum: 15b6814c27264d0629857aab4d824ec3aa97fd3d23a0ccfc8ec203ae2aba15df, vars: {}, profile: dbt_crypto, target: dev, version: 1.12.3
[0m02:51:07.622240 [debug] [MainThread]: Partial parsing enabled: 0 files deleted, 0 files added, 0 files changed.
[0m02:51:07.622240 [debug] [MainThread]: Nothing changed, skipping partial parsing.
[0m02:51:07.622240 [debug] [MainThread]: Partial parsing enabled, no changes found, skipping parsing
[0m02:51:07.639850 [debug] [MainThread]: Sending event: {'category': 'dbt', 'action': 'load_project', 'label': 'd0a5701a-8468-458f-bb10-3f80648a8230', 'context': [<snowplow_tracker.self_describing_json.SelfDescribingJson object at 0x00000213DF173E20>]}
[0m02:51:07.856473 [debug] [MainThread]: Wrote artifact WritableManifest to C:\Users\eknmeeu\Downloads\Py_Neeraj\DE_P\dbt\dbt_crypto\target\manifest.json
[0m02:51:07.856473 [debug] [MainThread]: Wrote artifact SemanticManifest to C:\Users\eknmeeu\Downloads\Py_Neeraj\DE_P\dbt\dbt_crypto\target\semantic_manifest.json
[0m02:51:07.907394 [debug] [MainThread]: Wrote artifact OsiDocument to C:\Users\eknmeeu\Downloads\Py_Neeraj\DE_P\dbt\dbt_crypto\target\osi_document.json
[0m02:51:07.948179 [debug] [MainThread]: Sending event: {'category': 'dbt', 'action': 'resource_counts', 'label': 'd0a5701a-8468-458f-bb10-3f80648a8230', 'context': [<snowplow_tracker.self_describing_json.SelfDescribingJson object at 0x00000213DF1BA710>]}
[0m02:51:07.949155 [info ] [MainThread]: Found 4 models, 18 data tests, 1 source, 477 macros
[0m02:51:07.950154 [debug] [MainThread]: Sending event: {'category': 'dbt', 'action': 'runnable_timing', 'label': 'd0a5701a-8468-458f-bb10-3f80648a8230', 'context': [<snowplow_tracker.self_describing_json.SelfDescribingJson object at 0x00000213DF1BB6A0>]}
[0m02:51:07.952157 [info ] [MainThread]: dbt_crypto.marts.fct_asset_daily_analytics
[0m02:51:07.953117 [info ] [MainThread]: dbt_crypto.intermediate.int_daily_asset_metrics
[0m02:51:07.954075 [info ] [MainThread]: dbt_crypto.staging.stg_crypto_klines
[0m02:51:07.955280 [info ] [MainThread]: dbt_crypto.staging.stg_fact_klines
[0m02:51:07.955280 [info ] [MainThread]: source:dbt_crypto.crypto.fact_klines
[0m02:51:07.955280 [info ] [MainThread]: dbt_crypto.not_null_fct_asset_daily_analytics_candle_count
[0m02:51:07.955280 [info ] [MainThread]: dbt_crypto.not_null_fct_asset_daily_analytics_daily_close
[0m02:51:07.955280 [info ] [MainThread]: dbt_crypto.not_null_fct_asset_daily_analytics_symbol
[0m02:51:07.955280 [info ] [MainThread]: dbt_crypto.not_null_fct_asset_daily_analytics_trading_date
[0m02:51:07.955280 [info ] [MainThread]: dbt_crypto.not_null_int_daily_asset_metrics_candle_count
[0m02:51:07.955280 [info ] [MainThread]: dbt_crypto.not_null_int_daily_asset_metrics_daily_close
[0m02:51:07.955280 [info ] [MainThread]: dbt_crypto.not_null_int_daily_asset_metrics_daily_open
[0m02:51:07.955280 [info ] [MainThread]: dbt_crypto.not_null_int_daily_asset_metrics_symbol
[0m02:51:07.955280 [info ] [MainThread]: dbt_crypto.not_null_int_daily_asset_metrics_trading_date
[0m02:51:07.955280 [info ] [MainThread]: dbt_crypto.not_null_stg_crypto_klines_close
[0m02:51:07.955280 [info ] [MainThread]: dbt_crypto.not_null_stg_crypto_klines_close_time
[0m02:51:07.955280 [info ] [MainThread]: dbt_crypto.not_null_stg_crypto_klines_high
[0m02:51:07.955280 [info ] [MainThread]: dbt_crypto.not_null_stg_crypto_klines_interval
[0m02:51:07.955280 [info ] [MainThread]: dbt_crypto.not_null_stg_crypto_klines_low
[0m02:51:07.955280 [info ] [MainThread]: dbt_crypto.not_null_stg_crypto_klines_open
[0m02:51:07.970503 [info ] [MainThread]: dbt_crypto.not_null_stg_crypto_klines_open_time
[0m02:51:07.971543 [info ] [MainThread]: dbt_crypto.not_null_stg_crypto_klines_symbol
[0m02:51:07.972554 [info ] [MainThread]: dbt_crypto.not_null_stg_crypto_klines_volume
[0m02:51:07.974552 [debug] [MainThread]: Command `dbt ls` succeeded at 02:51:07.973553 after 1.77 seconds
[0m02:51:07.974552 [debug] [MainThread]: Sending event: {'category': 'dbt', 'action': 'invocation', 'label': 'end', 'context': [<snowplow_tracker.self_describing_json.SelfDescribingJson object at 0x00000213DC21B580>, <snowplow_tracker.self_describing_json.SelfDescribingJson object at 0x00000213DF1703D0>, <snowplow_tracker.self_describing_json.SelfDescribingJson object at 0x00000213DD9AD9C0>]}
[0m02:51:07.975550 [debug] [MainThread]: Flushing usage events
[0m02:51:08.939244 [debug] [MainThread]: An error was encountered while trying to flush usage events
[0m02:52:26.628377 [debug] [MainThread]: Sending event: {'category': 'dbt', 'action': 'invocation', 'label': 'start', 'context': [<snowplow_tracker.self_describing_json.SelfDescribingJson object at 0x0000010B201EF520>, <snowplow_tracker.self_describing_json.SelfDescribingJson object at 0x0000010B219FB880>, <snowplow_tracker.self_describing_json.SelfDescribingJson object at 0x0000010B219FB6A0>]}


============================== 02:52:26.641852 | 259a427f-5dab-4d99-a0a1-5f9a9697357b ==============================
[0m02:52:26.641852 [info ] [MainThread]: Running with dbt=1.12.3
[0m02:52:26.647875 [debug] [MainThread]: running dbt with arguments {'static_parser': 'True', 'no_print': 'None', 'version_check': 'True', 'target_path': 'None', 'warn_error_options': 'WarnErrorOptionsV2(error=[], warn=[], silence=[])', 'maximum_seed_size_mib': '1', 'printer_width': '80', 'write_json': 'True', 'empty': 'None', 'log_cache_events': 'False', 'introspect': 'True', 'cache_selected_only': 'False', 'log_format': 'default', 'debug': 'False', 'fail_fast': 'False', 'partial_parse': 'True', 'send_anonymous_usage_stats': 'True', 'quiet': 'False', 'warn_error': 'None', 'profiles_dir': 'C:\\Users\\eknmeeu\\.dbt', 'indirect_selection': 'eager', 'hints_enabled': 'True', 'use_colors': 'True', 'use_experimental_parser': 'False', 'invocation_command': 'dbt ls', 'log_path': 'C:\\Users\\eknmeeu\\Downloads\\Py_Neeraj\\DE_P\\dbt\\dbt_crypto\\logs'}
[0m02:52:27.541748 [debug] [MainThread]: Sending event: {'category': 'dbt', 'action': 'project_id', 'label': '259a427f-5dab-4d99-a0a1-5f9a9697357b', 'context': [<snowplow_tracker.self_describing_json.SelfDescribingJson object at 0x0000010B219FB640>]}
[0m02:52:27.798039 [debug] [MainThread]: Sending event: {'category': 'dbt', 'action': 'adapter_info', 'label': '259a427f-5dab-4d99-a0a1-5f9a9697357b', 'context': [<snowplow_tracker.self_describing_json.SelfDescribingJson object at 0x0000010B2058BC70>]}
[0m02:52:27.804014 [info ] [MainThread]: Registered adapter: postgres=1.11.0
[0m02:52:28.883111 [debug] [MainThread]: checksum: 15b6814c27264d0629857aab4d824ec3aa97fd3d23a0ccfc8ec203ae2aba15df, vars: {}, profile: dbt_crypto, target: dev, version: 1.12.3
[0m02:52:29.361578 [debug] [MainThread]: Partial parsing enabled: 1 files deleted, 0 files added, 0 files changed.
[0m02:52:29.361578 [debug] [MainThread]: Partial parsing: deleted file: dbt_crypto://models\staging\stg_fact_klines.sql
[0m02:52:29.550310 [debug] [MainThread]: Sending event: {'category': 'dbt', 'action': 'load_project', 'label': '259a427f-5dab-4d99-a0a1-5f9a9697357b', 'context': [<snowplow_tracker.self_describing_json.SelfDescribingJson object at 0x0000010B21C44310>]}
[0m02:52:29.786654 [debug] [MainThread]: Wrote artifact WritableManifest to C:\Users\eknmeeu\Downloads\Py_Neeraj\DE_P\dbt\dbt_crypto\target\manifest.json
[0m02:52:29.786654 [debug] [MainThread]: Wrote artifact SemanticManifest to C:\Users\eknmeeu\Downloads\Py_Neeraj\DE_P\dbt\dbt_crypto\target\semantic_manifest.json
[0m02:52:29.859279 [debug] [MainThread]: Wrote artifact OsiDocument to C:\Users\eknmeeu\Downloads\Py_Neeraj\DE_P\dbt\dbt_crypto\target\osi_document.json
[0m02:52:29.918691 [debug] [MainThread]: Sending event: {'category': 'dbt', 'action': 'resource_counts', 'label': '259a427f-5dab-4d99-a0a1-5f9a9697357b', 'context': [<snowplow_tracker.self_describing_json.SelfDescribingJson object at 0x0000010B1E6EFFA0>]}
[0m02:52:29.920599 [info ] [MainThread]: Found 3 models, 18 data tests, 1 source, 477 macros
[0m02:52:29.921688 [debug] [MainThread]: Sending event: {'category': 'dbt', 'action': 'runnable_timing', 'label': '259a427f-5dab-4d99-a0a1-5f9a9697357b', 'context': [<snowplow_tracker.self_describing_json.SelfDescribingJson object at 0x0000010B1E6ECC70>]}
[0m02:52:29.923682 [info ] [MainThread]: dbt_crypto.marts.fct_asset_daily_analytics
[0m02:52:29.925689 [info ] [MainThread]: dbt_crypto.intermediate.int_daily_asset_metrics
[0m02:52:29.926697 [info ] [MainThread]: dbt_crypto.staging.stg_crypto_klines
[0m02:52:29.927601 [info ] [MainThread]: source:dbt_crypto.crypto.fact_klines
[0m02:52:29.929712 [info ] [MainThread]: dbt_crypto.not_null_fct_asset_daily_analytics_candle_count
[0m02:52:29.930600 [info ] [MainThread]: dbt_crypto.not_null_fct_asset_daily_analytics_daily_close
[0m02:52:29.931608 [info ] [MainThread]: dbt_crypto.not_null_fct_asset_daily_analytics_symbol
[0m02:52:29.931608 [info ] [MainThread]: dbt_crypto.not_null_fct_asset_daily_analytics_trading_date
[0m02:52:29.936665 [info ] [MainThread]: dbt_crypto.not_null_int_daily_asset_metrics_candle_count
[0m02:52:29.937746 [info ] [MainThread]: dbt_crypto.not_null_int_daily_asset_metrics_daily_close
[0m02:52:29.939187 [info ] [MainThread]: dbt_crypto.not_null_int_daily_asset_metrics_daily_open
[0m02:52:29.939187 [info ] [MainThread]: dbt_crypto.not_null_int_daily_asset_metrics_symbol
[0m02:52:29.939187 [info ] [MainThread]: dbt_crypto.not_null_int_daily_asset_metrics_trading_date
[0m02:52:29.939187 [info ] [MainThread]: dbt_crypto.not_null_stg_crypto_klines_close
[0m02:52:29.939187 [info ] [MainThread]: dbt_crypto.not_null_stg_crypto_klines_close_time
[0m02:52:29.939187 [info ] [MainThread]: dbt_crypto.not_null_stg_crypto_klines_high
[0m02:52:29.939187 [info ] [MainThread]: dbt_crypto.not_null_stg_crypto_klines_interval
[0m02:52:29.939187 [info ] [MainThread]: dbt_crypto.not_null_stg_crypto_klines_low
[0m02:52:29.939187 [info ] [MainThread]: dbt_crypto.not_null_stg_crypto_klines_open
[0m02:52:29.952166 [info ] [MainThread]: dbt_crypto.not_null_stg_crypto_klines_open_time
[0m02:52:29.954218 [info ] [MainThread]: dbt_crypto.not_null_stg_crypto_klines_symbol
[0m02:52:29.955177 [info ] [MainThread]: dbt_crypto.not_null_stg_crypto_klines_volume
[0m02:52:29.959139 [debug] [MainThread]: Command `dbt ls` succeeded at 02:52:29.956712 after 4.22 seconds
[0m02:52:29.959139 [debug] [MainThread]: Sending event: {'category': 'dbt', 'action': 'invocation', 'label': 'end', 'context': [<snowplow_tracker.self_describing_json.SelfDescribingJson object at 0x0000010B201EF520>, <snowplow_tracker.self_describing_json.SelfDescribingJson object at 0x0000010B2197E740>, <snowplow_tracker.self_describing_json.SelfDescribingJson object at 0x0000010B1E678040>]}
[0m02:52:29.959139 [debug] [MainThread]: Flushing usage events
[0m02:52:31.312657 [debug] [MainThread]: An error was encountered while trying to flush usage events
[0m02:53:36.639526 [debug] [MainThread]: Sending event: {'category': 'dbt', 'action': 'invocation', 'label': 'start', 'context': [<snowplow_tracker.self_describing_json.SelfDescribingJson object at 0x000002272303B610>, <snowplow_tracker.self_describing_json.SelfDescribingJson object at 0x000002272581B580>, <snowplow_tracker.self_describing_json.SelfDescribingJson object at 0x000002272581B3A0>]}


============================== 02:53:36.657143 | c40341d9-a3b1-49e9-aa36-cb9270cc81b9 ==============================
[0m02:53:36.657143 [info ] [MainThread]: Running with dbt=1.12.3
[0m02:53:36.659141 [debug] [MainThread]: running dbt with arguments {'static_parser': 'True', 'no_print': 'None', 'version_check': 'True', 'warn_error_options': 'WarnErrorOptionsV2(error=[], warn=[], silence=[])', 'target_path': 'None', 'maximum_seed_size_mib': '1', 'printer_width': '80', 'write_json': 'True', 'introspect': 'True', 'log_cache_events': 'False', 'empty': 'None', 'cache_selected_only': 'False', 'fail_fast': 'False', 'debug': 'False', 'log_format': 'default', 'partial_parse': 'True', 'send_anonymous_usage_stats': 'True', 'quiet': 'False', 'warn_error': 'None', 'profiles_dir': 'C:\\Users\\eknmeeu\\.dbt', 'invocation_command': 'dbt parse', 'hints_enabled': 'True', 'use_colors': 'True', 'use_experimental_parser': 'False', 'indirect_selection': 'eager', 'log_path': 'C:\\Users\\eknmeeu\\Downloads\\Py_Neeraj\\DE_P\\dbt\\dbt_crypto\\logs'}
[0m02:53:37.111121 [debug] [MainThread]: Sending event: {'category': 'dbt', 'action': 'project_id', 'label': 'c40341d9-a3b1-49e9-aa36-cb9270cc81b9', 'context': [<snowplow_tracker.self_describing_json.SelfDescribingJson object at 0x0000022725818DC0>]}
[0m02:53:37.223894 [debug] [MainThread]: Sending event: {'category': 'dbt', 'action': 'adapter_info', 'label': 'c40341d9-a3b1-49e9-aa36-cb9270cc81b9', 'context': [<snowplow_tracker.self_describing_json.SelfDescribingJson object at 0x00000227257E6830>]}
[0m02:53:37.226611 [info ] [MainThread]: Registered adapter: postgres=1.11.0
[0m02:53:37.672247 [debug] [MainThread]: checksum: 15b6814c27264d0629857aab4d824ec3aa97fd3d23a0ccfc8ec203ae2aba15df, vars: {}, profile: dbt_crypto, target: dev, version: 1.12.3
[0m02:53:37.948294 [debug] [MainThread]: Partial parsing enabled: 0 files deleted, 0 files added, 1 files changed.
[0m02:53:37.948294 [debug] [MainThread]: Partial parsing: updated file: dbt_crypto://models\staging\sources.yml
[0m02:53:38.217399 [debug] [MainThread]: Sending event: {'category': 'dbt', 'action': 'load_project', 'label': 'c40341d9-a3b1-49e9-aa36-cb9270cc81b9', 'context': [<snowplow_tracker.self_describing_json.SelfDescribingJson object at 0x00000227270DEF50>]}
[0m02:53:38.221412 [info ] [MainThread]: Performance info: C:\Users\eknmeeu\Downloads\Py_Neeraj\DE_P\dbt\dbt_crypto\target\perf_info.json
[0m02:53:38.387585 [debug] [MainThread]: Wrote artifact WritableManifest to C:\Users\eknmeeu\Downloads\Py_Neeraj\DE_P\dbt\dbt_crypto\target\manifest.json
[0m02:53:38.444807 [debug] [MainThread]: Wrote artifact SemanticManifest to C:\Users\eknmeeu\Downloads\Py_Neeraj\DE_P\dbt\dbt_crypto\target\semantic_manifest.json
[0m02:53:38.497673 [debug] [MainThread]: Wrote artifact OsiDocument to C:\Users\eknmeeu\Downloads\Py_Neeraj\DE_P\dbt\dbt_crypto\target\osi_document.json
[0m02:53:38.499679 [debug] [MainThread]: Command `dbt parse` succeeded at 02:53:38.499679 after 2.34 seconds
[0m02:53:38.499679 [debug] [MainThread]: Sending event: {'category': 'dbt', 'action': 'invocation', 'label': 'end', 'context': [<snowplow_tracker.self_describing_json.SelfDescribingJson object at 0x000002272303B610>, <snowplow_tracker.self_describing_json.SelfDescribingJson object at 0x000002272250D750>, <snowplow_tracker.self_describing_json.SelfDescribingJson object at 0x0000022724AD6710>]}
[0m02:53:38.499679 [debug] [MainThread]: Flushing usage events
[0m02:53:39.933374 [debug] [MainThread]: An error was encountered while trying to flush usage events
[0m02:54:04.289670 [debug] [MainThread]: Sending event: {'category': 'dbt', 'action': 'invocation', 'label': 'start', 'context': [<snowplow_tracker.self_describing_json.SelfDescribingJson object at 0x000001EB7F82B580>, <snowplow_tracker.self_describing_json.SelfDescribingJson object at 0x000001EB021BB8E0>, <snowplow_tracker.self_describing_json.SelfDescribingJson object at 0x000001EB021BB700>]}


============================== 02:54:04.298676 | cac34567-4dee-4620-9182-9df4a8576770 ==============================
[0m02:54:04.298676 [info ] [MainThread]: Running with dbt=1.12.3
[0m02:54:04.302679 [debug] [MainThread]: running dbt with arguments {'maximum_seed_size_mib': '1', 'no_print': 'None', 'version_check': 'True', 'target_path': 'None', 'warn_error_options': 'WarnErrorOptionsV2(error=[], warn=[], silence=[])', 'static_parser': 'True', 'printer_width': '80', 'write_json': 'True', 'introspect': 'True', 'log_cache_events': 'False', 'empty': 'None', 'cache_selected_only': 'False', 'fail_fast': 'False', 'debug': 'False', 'log_format': 'default', 'profiles_dir': 'C:\\Users\\eknmeeu\\.dbt', 'send_anonymous_usage_stats': 'True', 'quiet': 'False', 'warn_error': 'None', 'partial_parse': 'True', 'indirect_selection': 'eager', 'hints_enabled': 'True', 'use_colors': 'True', 'use_experimental_parser': 'False', 'invocation_command': 'dbt ls', 'log_path': 'C:\\Users\\eknmeeu\\Downloads\\Py_Neeraj\\DE_P\\dbt\\dbt_crypto\\logs'}
[0m02:54:04.607018 [debug] [MainThread]: Sending event: {'category': 'dbt', 'action': 'project_id', 'label': 'cac34567-4dee-4620-9182-9df4a8576770', 'context': [<snowplow_tracker.self_describing_json.SelfDescribingJson object at 0x000001EB021BB6A0>]}
[0m02:54:04.717583 [debug] [MainThread]: Sending event: {'category': 'dbt', 'action': 'adapter_info', 'label': 'cac34567-4dee-4620-9182-9df4a8576770', 'context': [<snowplow_tracker.self_describing_json.SelfDescribingJson object at 0x000001EB7FBCEF50>]}
[0m02:54:04.720847 [info ] [MainThread]: Registered adapter: postgres=1.11.0
[0m02:54:05.129027 [debug] [MainThread]: checksum: 15b6814c27264d0629857aab4d824ec3aa97fd3d23a0ccfc8ec203ae2aba15df, vars: {}, profile: dbt_crypto, target: dev, version: 1.12.3
[0m02:54:05.468392 [debug] [MainThread]: Partial parsing enabled: 0 files deleted, 0 files added, 0 files changed.
[0m02:54:05.468392 [debug] [MainThread]: Nothing changed, skipping partial parsing.
[0m02:54:05.468392 [debug] [MainThread]: Partial parsing enabled, no changes found, skipping parsing
[0m02:54:05.483683 [debug] [MainThread]: Sending event: {'category': 'dbt', 'action': 'load_project', 'label': 'cac34567-4dee-4620-9182-9df4a8576770', 'context': [<snowplow_tracker.self_describing_json.SelfDescribingJson object at 0x000001EB0385C2B0>]}
[0m02:54:05.732535 [debug] [MainThread]: Wrote artifact WritableManifest to C:\Users\eknmeeu\Downloads\Py_Neeraj\DE_P\dbt\dbt_crypto\target\manifest.json
[0m02:54:05.740754 [debug] [MainThread]: Wrote artifact SemanticManifest to C:\Users\eknmeeu\Downloads\Py_Neeraj\DE_P\dbt\dbt_crypto\target\semantic_manifest.json
[0m02:54:05.784282 [debug] [MainThread]: Wrote artifact OsiDocument to C:\Users\eknmeeu\Downloads\Py_Neeraj\DE_P\dbt\dbt_crypto\target\osi_document.json
[0m02:54:05.825564 [debug] [MainThread]: Sending event: {'category': 'dbt', 'action': 'resource_counts', 'label': 'cac34567-4dee-4620-9182-9df4a8576770', 'context': [<snowplow_tracker.self_describing_json.SelfDescribingJson object at 0x000001EB038AEAA0>]}
[0m02:54:05.826565 [info ] [MainThread]: Found 3 models, 18 data tests, 1 source, 477 macros
[0m02:54:05.827564 [debug] [MainThread]: Sending event: {'category': 'dbt', 'action': 'runnable_timing', 'label': 'cac34567-4dee-4620-9182-9df4a8576770', 'context': [<snowplow_tracker.self_describing_json.SelfDescribingJson object at 0x000001EB038AFB80>]}
[0m02:54:05.828565 [info ] [MainThread]: dbt_crypto.marts.fct_asset_daily_analytics
[0m02:54:05.829566 [info ] [MainThread]: dbt_crypto.intermediate.int_daily_asset_metrics
[0m02:54:05.830565 [info ] [MainThread]: dbt_crypto.staging.stg_crypto_klines
[0m02:54:05.832578 [info ] [MainThread]: source:dbt_crypto.crypto.clean_events
[0m02:54:05.833568 [info ] [MainThread]: dbt_crypto.not_null_fct_asset_daily_analytics_candle_count
[0m02:54:05.835566 [info ] [MainThread]: dbt_crypto.not_null_fct_asset_daily_analytics_daily_close
[0m02:54:05.836565 [info ] [MainThread]: dbt_crypto.not_null_fct_asset_daily_analytics_symbol
[0m02:54:05.837567 [info ] [MainThread]: dbt_crypto.not_null_fct_asset_daily_analytics_trading_date
[0m02:54:05.839833 [info ] [MainThread]: dbt_crypto.not_null_int_daily_asset_metrics_candle_count
[0m02:54:05.840830 [info ] [MainThread]: dbt_crypto.not_null_int_daily_asset_metrics_daily_close
[0m02:54:05.842829 [info ] [MainThread]: dbt_crypto.not_null_int_daily_asset_metrics_daily_open
[0m02:54:05.842829 [info ] [MainThread]: dbt_crypto.not_null_int_daily_asset_metrics_symbol
[0m02:54:05.843857 [info ] [MainThread]: dbt_crypto.not_null_int_daily_asset_metrics_trading_date
[0m02:54:05.844827 [info ] [MainThread]: dbt_crypto.not_null_stg_crypto_klines_close
[0m02:54:05.845829 [info ] [MainThread]: dbt_crypto.not_null_stg_crypto_klines_close_time
[0m02:54:05.846828 [info ] [MainThread]: dbt_crypto.not_null_stg_crypto_klines_high
[0m02:54:05.847832 [info ] [MainThread]: dbt_crypto.not_null_stg_crypto_klines_interval
[0m02:54:05.848827 [info ] [MainThread]: dbt_crypto.not_null_stg_crypto_klines_low
[0m02:54:05.850827 [info ] [MainThread]: dbt_crypto.not_null_stg_crypto_klines_open
[0m02:54:05.851830 [info ] [MainThread]: dbt_crypto.not_null_stg_crypto_klines_open_time
[0m02:54:05.853825 [info ] [MainThread]: dbt_crypto.not_null_stg_crypto_klines_symbol
[0m02:54:05.854339 [info ] [MainThread]: dbt_crypto.not_null_stg_crypto_klines_volume
[0m02:54:05.854339 [debug] [MainThread]: Command `dbt ls` succeeded at 02:54:05.854339 after 2.07 seconds
[0m02:54:05.854339 [debug] [MainThread]: Sending event: {'category': 'dbt', 'action': 'invocation', 'label': 'end', 'context': [<snowplow_tracker.self_describing_json.SelfDescribingJson object at 0x000001EB7F82B580>, <snowplow_tracker.self_describing_json.SelfDescribingJson object at 0x000001EB0385D630>, <snowplow_tracker.self_describing_json.SelfDescribingJson object at 0x000001EB7ECFCD30>]}
[0m02:54:05.854339 [debug] [MainThread]: Flushing usage events
[0m02:54:06.912070 [debug] [MainThread]: An error was encountered while trying to flush usage events
[0m02:54:41.889471 [debug] [MainThread]: Sending event: {'category': 'dbt', 'action': 'invocation', 'label': 'start', 'context': [<snowplow_tracker.self_describing_json.SelfDescribingJson object at 0x000001C92D4BB5E0>, <snowplow_tracker.self_describing_json.SelfDescribingJson object at 0x000001C92FCF4AF0>, <snowplow_tracker.self_describing_json.SelfDescribingJson object at 0x000001C92FCF4910>]}


============================== 02:54:41.895459 | 0f2e08c7-e299-4e28-af82-36e95ed77fa8 ==============================
[0m02:54:41.895459 [info ] [MainThread]: Running with dbt=1.12.3
[0m02:54:41.897456 [debug] [MainThread]: running dbt with arguments {'version_check': 'True', 'no_print': 'None', 'static_parser': 'True', 'warn_error_options': 'WarnErrorOptionsV2(error=[], warn=[], silence=[])', 'target_path': 'None', 'maximum_seed_size_mib': '1', 'printer_width': '80', 'write_json': 'True', 'introspect': 'True', 'log_cache_events': 'False', 'empty': 'False', 'cache_selected_only': 'False', 'fail_fast': 'False', 'debug': 'False', 'log_format': 'default', 'profiles_dir': 'C:\\Users\\eknmeeu\\.dbt', 'send_anonymous_usage_stats': 'True', 'quiet': 'False', 'warn_error': 'None', 'partial_parse': 'True', 'use_colors': 'True', 'hints_enabled': 'True', 'invocation_command': 'dbt run', 'use_experimental_parser': 'False', 'indirect_selection': 'eager', 'log_path': 'C:\\Users\\eknmeeu\\Downloads\\Py_Neeraj\\DE_P\\dbt\\dbt_crypto\\logs'}
[0m02:54:42.176020 [debug] [MainThread]: Sending event: {'category': 'dbt', 'action': 'project_id', 'label': '0f2e08c7-e299-4e28-af82-36e95ed77fa8', 'context': [<snowplow_tracker.self_describing_json.SelfDescribingJson object at 0x000001C92B84A590>]}
[0m02:54:42.297197 [debug] [MainThread]: Sending event: {'category': 'dbt', 'action': 'adapter_info', 'label': '0f2e08c7-e299-4e28-af82-36e95ed77fa8', 'context': [<snowplow_tracker.self_describing_json.SelfDescribingJson object at 0x000001C92E962860>]}
[0m02:54:42.300197 [info ] [MainThread]: Registered adapter: postgres=1.11.0
[0m02:54:42.761559 [debug] [MainThread]: checksum: 15b6814c27264d0629857aab4d824ec3aa97fd3d23a0ccfc8ec203ae2aba15df, vars: {}, profile: dbt_crypto, target: dev, version: 1.12.3
[0m02:54:43.081704 [debug] [MainThread]: Partial parsing enabled: 0 files deleted, 0 files added, 0 files changed.
[0m02:54:43.081704 [debug] [MainThread]: Nothing changed, skipping partial parsing.
[0m02:54:43.081704 [debug] [MainThread]: Partial parsing enabled, no changes found, skipping parsing
[0m02:54:43.081704 [debug] [MainThread]: Sending event: {'category': 'dbt', 'action': 'load_project', 'label': '0f2e08c7-e299-4e28-af82-36e95ed77fa8', 'context': [<snowplow_tracker.self_describing_json.SelfDescribingJson object at 0x000001C9314995D0>]}
[0m02:54:43.298620 [debug] [MainThread]: Wrote artifact WritableManifest to C:\Users\eknmeeu\Downloads\Py_Neeraj\DE_P\dbt\dbt_crypto\target\manifest.json
[0m02:54:43.310135 [debug] [MainThread]: Wrote artifact SemanticManifest to C:\Users\eknmeeu\Downloads\Py_Neeraj\DE_P\dbt\dbt_crypto\target\semantic_manifest.json
[0m02:54:43.371863 [debug] [MainThread]: Wrote artifact OsiDocument to C:\Users\eknmeeu\Downloads\Py_Neeraj\DE_P\dbt\dbt_crypto\target\osi_document.json
[0m02:54:43.397954 [debug] [MainThread]: Sending event: {'category': 'dbt', 'action': 'resource_counts', 'label': '0f2e08c7-e299-4e28-af82-36e95ed77fa8', 'context': [<snowplow_tracker.self_describing_json.SelfDescribingJson object at 0x000001C9314CB1F0>]}
[0m02:54:43.398865 [info ] [MainThread]: Found 3 models, 18 data tests, 1 source, 477 macros
[0m02:54:43.398865 [debug] [MainThread]: Sending event: {'category': 'dbt', 'action': 'runnable_timing', 'label': '0f2e08c7-e299-4e28-af82-36e95ed77fa8', 'context': [<snowplow_tracker.self_describing_json.SelfDescribingJson object at 0x000001C9314CA170>]}
[0m02:54:43.403953 [info ] [MainThread]: 
[0m02:54:43.403953 [info ] [MainThread]: Concurrency: 4 threads (target='dev')
[0m02:54:43.405962 [info ] [MainThread]: 
[0m02:54:43.405962 [debug] [MainThread]: Acquiring new postgres connection 'master'
[0m02:54:43.405962 [debug] [ThreadPool]: Acquiring new postgres connection 'list_neondb'
[0m02:54:43.761033 [debug] [ThreadPool]: Using postgres connection "list_neondb"
[0m02:54:43.762037 [debug] [ThreadPool]: On list_neondb: /* {"app": "dbt", "dbt_version": "1.12.3", "profile_name": "dbt_crypto", "target_name": "dev", "connection_name": "list_neondb"} */

    select distinct nspname from pg_namespace
  
[0m02:54:43.763022 [debug] [ThreadPool]: Opening a new connection, currently in state init
[0m02:54:47.921668 [debug] [ThreadPool]: SQL status: SELECT 5 in 4.159 seconds
[0m02:54:47.924666 [debug] [ThreadPool]: On list_neondb: Close
[0m02:54:47.928668 [debug] [ThreadPool]: Acquiring new postgres connection 'list_neondb_analytics'
[0m02:54:47.937176 [debug] [ThreadPool]: Using postgres connection "list_neondb_analytics"
[0m02:54:47.937176 [debug] [ThreadPool]: On list_neondb_analytics: /* {"app": "dbt", "dbt_version": "1.12.3", "profile_name": "dbt_crypto", "target_name": "dev", "connection_name": "list_neondb_analytics"} */
select
      'neondb' as database,
      tablename as name,
      schemaname as schema,
      'table' as type
    from pg_tables
    where schemaname ilike 'analytics'
    union all
    select
      'neondb' as database,
      viewname as name,
      schemaname as schema,
      'view' as type
    from pg_views
    where schemaname ilike 'analytics'
    union all
    select
      'neondb' as database,
      matviewname as name,
      schemaname as schema,
      'materialized_view' as type
    from pg_matviews
    where schemaname ilike 'analytics'
    union all
    select distinct
     'neondb' as database,
     proname as name,
     ns.nspname as schema,
     'function' as type
    from pg_proc
     join pg_namespace as ns on pronamespace = ns.oid
    where ns.nspname ilike 'analytics'
  
[0m02:54:47.937176 [debug] [ThreadPool]: Opening a new connection, currently in state init
[0m02:54:49.958454 [debug] [ThreadPool]: SQL status: SELECT 3 in 2.019 seconds
[0m02:54:49.960573 [debug] [ThreadPool]: On list_neondb_analytics: ROLLBACK
[0m02:54:50.200578 [debug] [ThreadPool]: On list_neondb_analytics: Close
[0m02:54:50.206419 [debug] [MainThread]: Using postgres connection "master"
[0m02:54:50.207418 [debug] [MainThread]: On master: /* {"app": "dbt", "dbt_version": "1.12.3", "profile_name": "dbt_crypto", "target_name": "dev", "connection_name": "master"} */
select distinct
        dependent_namespace.nspname as dependent_schema,
        dependent_class.relname as dependent_name,
        referenced_namespace.nspname as referenced_schema,
        referenced_class.relname as referenced_name

    -- Query for views: views are entries in pg_class with an entry in pg_rewrite, but we avoid
    -- a seq scan on pg_rewrite by leveraging the fact there is an "internal" row in pg_depend for
    -- the view...
    from pg_class as dependent_class
    join pg_namespace as dependent_namespace on dependent_namespace.oid = dependent_class.relnamespace
    join pg_depend as dependent_depend on dependent_depend.refobjid = dependent_class.oid
        and dependent_depend.classid = 'pg_rewrite'::regclass
        and dependent_depend.refclassid = 'pg_class'::regclass
        and dependent_depend.deptype = 'i'

    -- ... and via pg_depend (that has a row per column, hence the need for "distinct" above, and
    -- making sure to exclude the internal row to avoid a view appearing to depend on itself)...
    join pg_depend as joining_depend on joining_depend.objid = dependent_depend.objid
        and joining_depend.classid = 'pg_rewrite'::regclass
        and joining_depend.refclassid = 'pg_class'::regclass
        and joining_depend.refobjid != dependent_depend.refobjid

    -- ... we can find the tables they query from in pg_class, but excluding system tables. Note we
    -- don't need need to exclude _dependent_ system tables, because they only query from other
    -- system tables, and so are automatically excluded by excluding _referenced_ system tables
    join pg_class as referenced_class on referenced_class.oid = joining_depend.refobjid
    join pg_namespace as referenced_namespace on referenced_namespace.oid = referenced_class.relnamespace
        and referenced_namespace.nspname != 'information_schema'
        and referenced_namespace.nspname not like 'pg\_%'

    order by
        dependent_schema, dependent_name, referenced_schema, referenced_name;
[0m02:54:50.208418 [debug] [MainThread]: Opening a new connection, currently in state init
[0m02:54:52.198313 [debug] [MainThread]: SQL status: SELECT 3 in 1.991 seconds
[0m02:54:52.201494 [debug] [MainThread]: Sending event: {'category': 'dbt', 'action': 'runnable_timing', 'label': '0f2e08c7-e299-4e28-af82-36e95ed77fa8', 'context': [<snowplow_tracker.self_describing_json.SelfDescribingJson object at 0x000001C9314264D0>]}
[0m02:54:52.201494 [debug] [MainThread]: On master: ROLLBACK
[0m02:54:52.447666 [debug] [MainThread]: On master: COMMIT
[0m02:54:52.449681 [debug] [MainThread]: Using postgres connection "master"
[0m02:54:52.451675 [debug] [MainThread]: On master: COMMIT
[0m02:54:52.937272 [debug] [MainThread]: SQL status: COMMIT in 0.484 seconds
[0m02:54:52.938429 [debug] [MainThread]: On master: Close
[0m02:54:52.948312 [debug] [Thread-1 (]: Began running node model.dbt_crypto.stg_crypto_klines
[0m02:54:52.949309 [info ] [Thread-1 (]: 1 of 3 START sql view model analytics.stg_crypto_klines ........................ [RUN]
[0m02:54:52.951696 [debug] [Thread-1 (]: Acquiring new postgres connection 'model.dbt_crypto.stg_crypto_klines'
[0m02:54:52.952706 [debug] [Thread-1 (]: Began compiling node model.dbt_crypto.stg_crypto_klines
[0m02:54:52.962133 [debug] [Thread-1 (]: Writing injected SQL for node "model.dbt_crypto.stg_crypto_klines"
[0m02:54:52.968988 [debug] [Thread-1 (]: Began executing node model.dbt_crypto.stg_crypto_klines
[0m02:54:53.014357 [debug] [Thread-1 (]: Writing runtime sql for node "model.dbt_crypto.stg_crypto_klines"
[0m02:54:53.018362 [debug] [Thread-1 (]: Using postgres connection "model.dbt_crypto.stg_crypto_klines"
[0m02:54:53.019359 [debug] [Thread-1 (]: On model.dbt_crypto.stg_crypto_klines: /* {"app": "dbt", "dbt_version": "1.12.3", "profile_name": "dbt_crypto", "target_name": "dev", "node_id": "model.dbt_crypto.stg_crypto_klines"} */

  create view "neondb"."analytics"."stg_crypto_klines__dbt_tmp"
    
    
  as (
    SELECT
    symbol,
    interval,
    open_time,
    close_time,
    open,
    high,
    low,
    close,
    volume,
    source,
    batch_id,
    ingested_at

FROM public.clean_events
  );
[0m02:54:53.020361 [debug] [Thread-1 (]: Opening a new connection, currently in state init
[0m02:54:55.129651 [debug] [Thread-1 (]: SQL status: CREATE VIEW in 2.118 seconds
[0m02:54:55.145583 [debug] [Thread-1 (]: Using postgres connection "model.dbt_crypto.stg_crypto_klines"
[0m02:54:55.145583 [debug] [Thread-1 (]: On model.dbt_crypto.stg_crypto_klines: /* {"app": "dbt", "dbt_version": "1.12.3", "profile_name": "dbt_crypto", "target_name": "dev", "node_id": "model.dbt_crypto.stg_crypto_klines"} */
alter table "neondb"."analytics"."stg_crypto_klines" rename to "stg_crypto_klines__dbt_backup"
[0m02:54:55.395205 [debug] [Thread-1 (]: SQL status: ALTER TABLE in 0.254 seconds
[0m02:54:55.395205 [debug] [Thread-1 (]: Using postgres connection "model.dbt_crypto.stg_crypto_klines"
[0m02:54:55.395205 [debug] [Thread-1 (]: On model.dbt_crypto.stg_crypto_klines: /* {"app": "dbt", "dbt_version": "1.12.3", "profile_name": "dbt_crypto", "target_name": "dev", "node_id": "model.dbt_crypto.stg_crypto_klines"} */
alter table "neondb"."analytics"."stg_crypto_klines__dbt_tmp" rename to "stg_crypto_klines"
[0m02:54:55.646792 [debug] [Thread-1 (]: SQL status: ALTER TABLE in 0.253 seconds
[0m02:54:55.678488 [debug] [Thread-1 (]: On model.dbt_crypto.stg_crypto_klines: COMMIT
[0m02:54:55.678488 [debug] [Thread-1 (]: Using postgres connection "model.dbt_crypto.stg_crypto_klines"
[0m02:54:55.678488 [debug] [Thread-1 (]: On model.dbt_crypto.stg_crypto_klines: COMMIT
[0m02:54:55.940363 [debug] [Thread-1 (]: SQL status: COMMIT in 0.253 seconds
[0m02:54:55.948521 [debug] [Thread-1 (]: Applying DROP to: "neondb"."analytics"."stg_crypto_klines__dbt_backup"
[0m02:54:55.955638 [debug] [Thread-1 (]: Using postgres connection "model.dbt_crypto.stg_crypto_klines"
[0m02:54:55.957576 [debug] [Thread-1 (]: On model.dbt_crypto.stg_crypto_klines: /* {"app": "dbt", "dbt_version": "1.12.3", "profile_name": "dbt_crypto", "target_name": "dev", "node_id": "model.dbt_crypto.stg_crypto_klines"} */
drop view if exists "neondb"."analytics"."stg_crypto_klines__dbt_backup" cascade
[0m02:54:56.220535 [debug] [Thread-1 (]: SQL status: DROP VIEW in 0.262 seconds
[0m02:54:56.223680 [debug] [Thread-1 (]: On model.dbt_crypto.stg_crypto_klines: Close
[0m02:54:56.232156 [debug] [Thread-1 (]: Sending event: {'category': 'dbt', 'action': 'run_model', 'label': '0f2e08c7-e299-4e28-af82-36e95ed77fa8', 'context': [<snowplow_tracker.self_describing_json.SelfDescribingJson object at 0x000001C92B9B6D10>]}
[0m02:54:56.233647 [info ] [Thread-1 (]: 1 of 3 OK created sql view model analytics.stg_crypto_klines ................... [[32mCREATE VIEW[0m in 3.28s]
[0m02:54:56.236011 [debug] [Thread-1 (]: Finished running node model.dbt_crypto.stg_crypto_klines
[0m02:54:56.238370 [debug] [Thread-3 (]: Began running node model.dbt_crypto.int_daily_asset_metrics
[0m02:54:56.240380 [info ] [Thread-3 (]: 2 of 3 START sql view model analytics.int_daily_asset_metrics .................. [RUN]
[0m02:54:56.243889 [debug] [Thread-3 (]: Acquiring new postgres connection 'model.dbt_crypto.int_daily_asset_metrics'
[0m02:54:56.244889 [debug] [Thread-3 (]: Began compiling node model.dbt_crypto.int_daily_asset_metrics
[0m02:54:56.248890 [debug] [Thread-3 (]: Writing injected SQL for node "model.dbt_crypto.int_daily_asset_metrics"
[0m02:54:56.251887 [debug] [Thread-3 (]: Began executing node model.dbt_crypto.int_daily_asset_metrics
[0m02:54:56.259242 [debug] [Thread-3 (]: Writing runtime sql for node "model.dbt_crypto.int_daily_asset_metrics"
[0m02:54:56.263242 [debug] [Thread-3 (]: Using postgres connection "model.dbt_crypto.int_daily_asset_metrics"
[0m02:54:56.264203 [debug] [Thread-3 (]: On model.dbt_crypto.int_daily_asset_metrics: /* {"app": "dbt", "dbt_version": "1.12.3", "profile_name": "dbt_crypto", "target_name": "dev", "node_id": "model.dbt_crypto.int_daily_asset_metrics"} */

  create view "neondb"."analytics"."int_daily_asset_metrics__dbt_tmp"
    
    
  as (
    SELECT
    symbol,
    DATE(open_time) AS trading_date,

    MIN(open_time) AS first_candle_time,
    MAX(open_time) AS last_candle_time,

    (ARRAY_AGG(open ORDER BY open_time))[1] AS daily_open,
    MAX(high) AS daily_high,
    MIN(low) AS daily_low,
    (ARRAY_AGG(close ORDER BY open_time DESC))[1] AS daily_close,

    SUM(volume) AS total_volume,
    COUNT(*) AS candle_count,

    ROUND(
        (
            (
                (ARRAY_AGG(close ORDER BY open_time DESC))[1]
                -
                (ARRAY_AGG(open ORDER BY open_time))[1]
            )
            /
            NULLIF(
                (ARRAY_AGG(open ORDER BY open_time))[1],
                0
            )
        ) * 100,
        4
    ) AS daily_return_pct,

    ROUND(
        (
            (MAX(high) - MIN(low))
            /
            NULLIF(MIN(low), 0)
        ) * 100,
        4
    ) AS daily_range_pct

FROM "neondb"."analytics"."stg_crypto_klines"

GROUP BY
    symbol,
    DATE(open_time)
  );
[0m02:54:56.266213 [debug] [Thread-3 (]: Opening a new connection, currently in state init
[0m02:54:58.208952 [debug] [Thread-3 (]: SQL status: CREATE VIEW in 1.948 seconds
[0m02:54:58.208952 [debug] [Thread-3 (]: Using postgres connection "model.dbt_crypto.int_daily_asset_metrics"
[0m02:54:58.208952 [debug] [Thread-3 (]: On model.dbt_crypto.int_daily_asset_metrics: /* {"app": "dbt", "dbt_version": "1.12.3", "profile_name": "dbt_crypto", "target_name": "dev", "node_id": "model.dbt_crypto.int_daily_asset_metrics"} */
alter table "neondb"."analytics"."int_daily_asset_metrics__dbt_tmp" rename to "int_daily_asset_metrics"
[0m02:54:58.447397 [debug] [Thread-3 (]: SQL status: ALTER TABLE in 0.237 seconds
[0m02:54:58.462802 [debug] [Thread-3 (]: On model.dbt_crypto.int_daily_asset_metrics: COMMIT
[0m02:54:58.462802 [debug] [Thread-3 (]: Using postgres connection "model.dbt_crypto.int_daily_asset_metrics"
[0m02:54:58.462802 [debug] [Thread-3 (]: On model.dbt_crypto.int_daily_asset_metrics: COMMIT
[0m02:54:58.697108 [debug] [Thread-3 (]: SQL status: COMMIT in 0.238 seconds
[0m02:54:58.709743 [debug] [Thread-3 (]: Applying DROP to: "neondb"."analytics"."int_daily_asset_metrics__dbt_backup"
[0m02:54:58.709743 [debug] [Thread-3 (]: Using postgres connection "model.dbt_crypto.int_daily_asset_metrics"
[0m02:54:58.709743 [debug] [Thread-3 (]: On model.dbt_crypto.int_daily_asset_metrics: /* {"app": "dbt", "dbt_version": "1.12.3", "profile_name": "dbt_crypto", "target_name": "dev", "node_id": "model.dbt_crypto.int_daily_asset_metrics"} */
drop view if exists "neondb"."analytics"."int_daily_asset_metrics__dbt_backup" cascade
[0m02:54:58.951717 [debug] [Thread-3 (]: SQL status: DROP VIEW in 0.238 seconds
[0m02:54:58.955799 [debug] [Thread-3 (]: On model.dbt_crypto.int_daily_asset_metrics: Close
[0m02:54:58.958707 [debug] [Thread-3 (]: Sending event: {'category': 'dbt', 'action': 'run_model', 'label': '0f2e08c7-e299-4e28-af82-36e95ed77fa8', 'context': [<snowplow_tracker.self_describing_json.SelfDescribingJson object at 0x000001C931426A40>]}
[0m02:54:58.959712 [info ] [Thread-3 (]: 2 of 3 OK created sql view model analytics.int_daily_asset_metrics ............. [[32mCREATE VIEW[0m in 2.71s]
[0m02:54:58.960707 [debug] [Thread-3 (]: Finished running node model.dbt_crypto.int_daily_asset_metrics
[0m02:54:58.961766 [debug] [Thread-2 (]: Began running node model.dbt_crypto.fct_asset_daily_analytics
[0m02:54:58.962794 [info ] [Thread-2 (]: 3 of 3 START sql view model analytics.fct_asset_daily_analytics ................ [RUN]
[0m02:54:58.964011 [debug] [Thread-2 (]: Acquiring new postgres connection 'model.dbt_crypto.fct_asset_daily_analytics'
[0m02:54:58.965383 [debug] [Thread-2 (]: Began compiling node model.dbt_crypto.fct_asset_daily_analytics
[0m02:54:58.968930 [debug] [Thread-2 (]: Writing injected SQL for node "model.dbt_crypto.fct_asset_daily_analytics"
[0m02:54:58.971986 [debug] [Thread-2 (]: Began executing node model.dbt_crypto.fct_asset_daily_analytics
[0m02:54:58.971986 [debug] [Thread-2 (]: Writing runtime sql for node "model.dbt_crypto.fct_asset_daily_analytics"
[0m02:54:58.980847 [debug] [Thread-2 (]: Using postgres connection "model.dbt_crypto.fct_asset_daily_analytics"
[0m02:54:58.981856 [debug] [Thread-2 (]: On model.dbt_crypto.fct_asset_daily_analytics: /* {"app": "dbt", "dbt_version": "1.12.3", "profile_name": "dbt_crypto", "target_name": "dev", "node_id": "model.dbt_crypto.fct_asset_daily_analytics"} */

  create view "neondb"."analytics"."fct_asset_daily_analytics__dbt_tmp"
    
    
  as (
    WITH daily_metrics AS (

    SELECT *
    FROM "neondb"."analytics"."int_daily_asset_metrics"

),

analytics AS (

    SELECT
        symbol,
        trading_date,
        first_candle_time,
        last_candle_time,
        daily_open,
        daily_high,
        daily_low,
        daily_close,
        total_volume,
        candle_count,
        daily_return_pct,
        daily_range_pct,

        LAG(daily_close) OVER (
            PARTITION BY symbol
            ORDER BY trading_date
        ) AS previous_daily_close,

        RANK() OVER (
            PARTITION BY trading_date
            ORDER BY daily_return_pct DESC
        ) AS performance_rank,

        RANK() OVER (
            PARTITION BY trading_date
            ORDER BY daily_range_pct DESC
        ) AS volatility_rank

    FROM daily_metrics

)

SELECT
    symbol,
    trading_date,
    first_candle_time,
    last_candle_time,
    daily_open,
    daily_high,
    daily_low,
    daily_close,
    total_volume,
    candle_count,
    daily_return_pct,
    daily_range_pct,
    previous_daily_close,

    ROUND(
        (
            (daily_close - previous_daily_close)
            / NULLIF(previous_daily_close, 0)
        ) * 100,
        4
    ) AS day_over_day_return_pct,

    performance_rank,
    volatility_rank

FROM analytics
  );
[0m02:54:58.981856 [debug] [Thread-2 (]: Opening a new connection, currently in state init
[0m02:55:00.912413 [debug] [Thread-2 (]: SQL status: CREATE VIEW in 1.936 seconds
[0m02:55:00.912413 [debug] [Thread-2 (]: Using postgres connection "model.dbt_crypto.fct_asset_daily_analytics"
[0m02:55:00.912413 [debug] [Thread-2 (]: On model.dbt_crypto.fct_asset_daily_analytics: /* {"app": "dbt", "dbt_version": "1.12.3", "profile_name": "dbt_crypto", "target_name": "dev", "node_id": "model.dbt_crypto.fct_asset_daily_analytics"} */
alter table "neondb"."analytics"."fct_asset_daily_analytics__dbt_tmp" rename to "fct_asset_daily_analytics"
[0m02:55:01.163746 [debug] [Thread-2 (]: SQL status: ALTER TABLE in 0.237 seconds
[0m02:55:01.163746 [debug] [Thread-2 (]: On model.dbt_crypto.fct_asset_daily_analytics: COMMIT
[0m02:55:01.163746 [debug] [Thread-2 (]: Using postgres connection "model.dbt_crypto.fct_asset_daily_analytics"
[0m02:55:01.163746 [debug] [Thread-2 (]: On model.dbt_crypto.fct_asset_daily_analytics: COMMIT
[0m02:55:01.410062 [debug] [Thread-2 (]: SQL status: COMMIT in 0.238 seconds
[0m02:55:01.414553 [debug] [Thread-2 (]: Applying DROP to: "neondb"."analytics"."fct_asset_daily_analytics__dbt_backup"
[0m02:55:01.414553 [debug] [Thread-2 (]: Using postgres connection "model.dbt_crypto.fct_asset_daily_analytics"
[0m02:55:01.414553 [debug] [Thread-2 (]: On model.dbt_crypto.fct_asset_daily_analytics: /* {"app": "dbt", "dbt_version": "1.12.3", "profile_name": "dbt_crypto", "target_name": "dev", "node_id": "model.dbt_crypto.fct_asset_daily_analytics"} */
drop view if exists "neondb"."analytics"."fct_asset_daily_analytics__dbt_backup" cascade
[0m02:55:01.644558 [debug] [Thread-2 (]: SQL status: DROP VIEW in 0.237 seconds
[0m02:55:01.660426 [debug] [Thread-2 (]: On model.dbt_crypto.fct_asset_daily_analytics: Close
[0m02:55:01.660426 [debug] [Thread-2 (]: Sending event: {'category': 'dbt', 'action': 'run_model', 'label': '0f2e08c7-e299-4e28-af82-36e95ed77fa8', 'context': [<snowplow_tracker.self_describing_json.SelfDescribingJson object at 0x000001C92B9B6D10>]}
[0m02:55:01.660426 [info ] [Thread-2 (]: 3 of 3 OK created sql view model analytics.fct_asset_daily_analytics ........... [[32mCREATE VIEW[0m in 2.70s]
[0m02:55:01.660426 [debug] [Thread-2 (]: Finished running node model.dbt_crypto.fct_asset_daily_analytics
[0m02:55:01.660426 [debug] [MainThread]: On master: COMMIT
[0m02:55:01.660426 [debug] [MainThread]: Using postgres connection "master"
[0m02:55:01.667957 [debug] [MainThread]: On master: COMMIT
[0m02:55:01.667957 [debug] [MainThread]: Opening a new connection, currently in state closed
[0m02:55:03.745313 [debug] [MainThread]: SQL status: COMMIT in 2.077 seconds
[0m02:55:03.745313 [debug] [MainThread]: On master: Close
[0m02:55:03.745313 [debug] [MainThread]: Connection 'master' was properly closed.
[0m02:55:03.751865 [debug] [MainThread]: Connection 'list_neondb' was properly closed.
[0m02:55:03.751865 [debug] [MainThread]: Connection 'list_neondb_analytics' was properly closed.
[0m02:55:03.751865 [debug] [MainThread]: Connection 'model.dbt_crypto.stg_crypto_klines' was properly closed.
[0m02:55:03.751865 [debug] [MainThread]: Connection 'model.dbt_crypto.int_daily_asset_metrics' was properly closed.
[0m02:55:03.751865 [debug] [MainThread]: Connection 'model.dbt_crypto.fct_asset_daily_analytics' was properly closed.
[0m02:55:03.751865 [info ] [MainThread]: 
[0m02:55:03.751865 [info ] [MainThread]: Finished running 3 view models in 0 hours 0 minutes and 20.35 seconds (20.35s).
[0m02:55:03.751865 [debug] [MainThread]: Command end result
[0m02:55:03.807754 [debug] [MainThread]: Wrote artifact WritableManifest to C:\Users\eknmeeu\Downloads\Py_Neeraj\DE_P\dbt\dbt_crypto\target\manifest.json
[0m02:55:03.814180 [debug] [MainThread]: Wrote artifact SemanticManifest to C:\Users\eknmeeu\Downloads\Py_Neeraj\DE_P\dbt\dbt_crypto\target\semantic_manifest.json
[0m02:55:03.820269 [debug] [MainThread]: Wrote artifact OsiDocument to C:\Users\eknmeeu\Downloads\Py_Neeraj\DE_P\dbt\dbt_crypto\target\osi_document.json
[0m02:55:03.828300 [debug] [MainThread]: Wrote artifact RunExecutionResult to C:\Users\eknmeeu\Downloads\Py_Neeraj\DE_P\dbt\dbt_crypto\target\run_results.json
[0m02:55:03.830213 [info ] [MainThread]: 
[0m02:55:03.831211 [info ] [MainThread]: [32mCompleted successfully[0m
[0m02:55:03.832213 [info ] [MainThread]: 
[0m02:55:03.833212 [info ] [MainThread]: Done. PASS=3 WARN=0 ERROR=0 SKIP=0 NO-OP=0 REUSED=0 TOTAL=3
[0m02:55:03.834212 [debug] [MainThread]: Command `dbt run` succeeded at 02:55:03.834212 after 22.39 seconds
[0m02:55:03.835212 [debug] [MainThread]: Sending event: {'category': 'dbt', 'action': 'invocation', 'label': 'end', 'context': [<snowplow_tracker.self_describing_json.SelfDescribingJson object at 0x000001C92D4BB5E0>, <snowplow_tracker.self_describing_json.SelfDescribingJson object at 0x000001C93149BCA0>, <snowplow_tracker.self_describing_json.SelfDescribingJson object at 0x000001C92C91EF50>]}
[0m02:55:03.836212 [debug] [MainThread]: Flushing usage events
[0m02:55:05.381418 [debug] [MainThread]: An error was encountered while trying to flush usage events
[0m02:57:04.907943 [debug] [MainThread]: Sending event: {'category': 'dbt', 'action': 'invocation', 'label': 'start', 'context': [<snowplow_tracker.self_describing_json.SelfDescribingJson object at 0x000002AE5751B5B0>, <snowplow_tracker.self_describing_json.SelfDescribingJson object at 0x000002AE59D54CD0>, <snowplow_tracker.self_describing_json.SelfDescribingJson object at 0x000002AE59D54AF0>]}


============================== 02:57:04.914718 | 2c6819f6-ebca-4dd8-80a0-87927c23d6d4 ==============================
[0m02:57:04.914718 [info ] [MainThread]: Running with dbt=1.12.3
[0m02:57:04.914718 [debug] [MainThread]: running dbt with arguments {'static_parser': 'True', 'no_print': 'None', 'version_check': 'True', 'target_path': 'None', 'warn_error_options': 'WarnErrorOptionsV2(error=[], warn=[], silence=[])', 'maximum_seed_size_mib': '1', 'printer_width': '80', 'write_json': 'True', 'empty': 'None', 'log_cache_events': 'False', 'introspect': 'True', 'cache_selected_only': 'False', 'log_format': 'default', 'debug': 'False', 'fail_fast': 'False', 'partial_parse': 'True', 'send_anonymous_usage_stats': 'True', 'quiet': 'False', 'warn_error': 'None', 'profiles_dir': 'C:\\Users\\eknmeeu\\.dbt', 'use_colors': 'True', 'hints_enabled': 'True', 'indirect_selection': 'eager', 'use_experimental_parser': 'False', 'invocation_command': 'dbt test --select assert_high_gte_open', 'log_path': 'C:\\Users\\eknmeeu\\Downloads\\Py_Neeraj\\DE_P\\dbt\\dbt_crypto\\logs'}
[0m02:57:05.211108 [debug] [MainThread]: Sending event: {'category': 'dbt', 'action': 'project_id', 'label': '2c6819f6-ebca-4dd8-80a0-87927c23d6d4', 'context': [<snowplow_tracker.self_describing_json.SelfDescribingJson object at 0x000002AE59C5AB60>]}
[0m02:57:05.326198 [debug] [MainThread]: Sending event: {'category': 'dbt', 'action': 'adapter_info', 'label': '2c6819f6-ebca-4dd8-80a0-87927c23d6d4', 'context': [<snowplow_tracker.self_describing_json.SelfDescribingJson object at 0x000002AE589C6830>]}
[0m02:57:05.326198 [info ] [MainThread]: Registered adapter: postgres=1.11.0
[0m02:57:05.719625 [debug] [MainThread]: checksum: 15b6814c27264d0629857aab4d824ec3aa97fd3d23a0ccfc8ec203ae2aba15df, vars: {}, profile: dbt_crypto, target: dev, version: 1.12.3
[0m02:57:06.005587 [debug] [MainThread]: Partial parsing enabled: 0 files deleted, 0 files added, 0 files changed.
[0m02:57:06.006588 [debug] [MainThread]: Nothing changed, skipping partial parsing.
[0m02:57:06.006588 [debug] [MainThread]: Partial parsing enabled, no changes found, skipping parsing
[0m02:57:06.016314 [debug] [MainThread]: Sending event: {'category': 'dbt', 'action': 'load_project', 'label': '2c6819f6-ebca-4dd8-80a0-87927c23d6d4', 'context': [<snowplow_tracker.self_describing_json.SelfDescribingJson object at 0x000002AE5B4F9780>]}
[0m02:57:06.257701 [debug] [MainThread]: Wrote artifact WritableManifest to C:\Users\eknmeeu\Downloads\Py_Neeraj\DE_P\dbt\dbt_crypto\target\manifest.json
[0m02:57:06.268609 [debug] [MainThread]: Wrote artifact SemanticManifest to C:\Users\eknmeeu\Downloads\Py_Neeraj\DE_P\dbt\dbt_crypto\target\semantic_manifest.json
[0m02:57:06.318244 [debug] [MainThread]: Wrote artifact OsiDocument to C:\Users\eknmeeu\Downloads\Py_Neeraj\DE_P\dbt\dbt_crypto\target\osi_document.json
[0m02:57:06.350564 [debug] [MainThread]: Sending event: {'category': 'dbt', 'action': 'resource_counts', 'label': '2c6819f6-ebca-4dd8-80a0-87927c23d6d4', 'context': [<snowplow_tracker.self_describing_json.SelfDescribingJson object at 0x000002AE5B48A3E0>]}
[0m02:57:06.351565 [info ] [MainThread]: Found 3 models, 18 data tests, 1 source, 477 macros
[0m02:57:06.352574 [debug] [MainThread]: Sending event: {'category': 'dbt', 'action': 'runnable_timing', 'label': '2c6819f6-ebca-4dd8-80a0-87927c23d6d4', 'context': [<snowplow_tracker.self_describing_json.SelfDescribingJson object at 0x000002AE5B48A950>]}
[0m02:57:06.353565 [warn ] [MainThread]: [[33mWARNING[0m]: The selection criterion 'assert_high_gte_open' does not match any enabled nodes
[0m02:57:06.355567 [warn ] [MainThread]: [[33mWARNING[0m]: Nothing to do. Try checking your model configs and model specification args
[0m02:57:06.358567 [debug] [MainThread]: Command end result
[0m02:57:06.405225 [debug] [MainThread]: Wrote artifact WritableManifest to C:\Users\eknmeeu\Downloads\Py_Neeraj\DE_P\dbt\dbt_crypto\target\manifest.json
[0m02:57:06.412402 [debug] [MainThread]: Wrote artifact SemanticManifest to C:\Users\eknmeeu\Downloads\Py_Neeraj\DE_P\dbt\dbt_crypto\target\semantic_manifest.json
[0m02:57:06.418437 [debug] [MainThread]: Wrote artifact OsiDocument to C:\Users\eknmeeu\Downloads\Py_Neeraj\DE_P\dbt\dbt_crypto\target\osi_document.json
[0m02:57:06.424402 [debug] [MainThread]: Wrote artifact RunExecutionResult to C:\Users\eknmeeu\Downloads\Py_Neeraj\DE_P\dbt\dbt_crypto\target\run_results.json
[0m02:57:06.425705 [debug] [MainThread]: Command `dbt test` succeeded at 02:57:06.425705 after 2.01 seconds
[0m02:57:06.427118 [debug] [MainThread]: Sending event: {'category': 'dbt', 'action': 'invocation', 'label': 'end', 'context': [<snowplow_tracker.self_describing_json.SelfDescribingJson object at 0x000002AE5751B5B0>, <snowplow_tracker.self_describing_json.SelfDescribingJson object at 0x000002AE58889360>, <snowplow_tracker.self_describing_json.SelfDescribingJson object at 0x000002AE5B4D1000>]}
[0m02:57:06.427118 [debug] [MainThread]: Flushing usage events
[0m02:57:08.772085 [debug] [MainThread]: An error was encountered while trying to flush usage events
[0m02:59:59.228075 [debug] [MainThread]: Sending event: {'category': 'dbt', 'action': 'invocation', 'label': 'start', 'context': [<snowplow_tracker.self_describing_json.SelfDescribingJson object at 0x000001EF063DB640>, <snowplow_tracker.self_describing_json.SelfDescribingJson object at 0x000001EF08BBB9D0>, <snowplow_tracker.self_describing_json.SelfDescribingJson object at 0x000001EF08BBB7F0>]}


============================== 02:59:59.234079 | 96c2ee41-febf-4aeb-9244-b6a5dc47ed66 ==============================
[0m02:59:59.234079 [info ] [MainThread]: Running with dbt=1.12.3
[0m02:59:59.236079 [debug] [MainThread]: running dbt with arguments {'version_check': 'True', 'no_print': 'None', 'static_parser': 'True', 'warn_error_options': 'WarnErrorOptionsV2(error=[], warn=[], silence=[])', 'target_path': 'None', 'maximum_seed_size_mib': '1', 'printer_width': '80', 'write_json': 'True', 'introspect': 'True', 'log_cache_events': 'False', 'empty': 'None', 'cache_selected_only': 'False', 'log_format': 'default', 'debug': 'False', 'fail_fast': 'False', 'partial_parse': 'True', 'send_anonymous_usage_stats': 'True', 'quiet': 'False', 'warn_error': 'None', 'profiles_dir': 'C:\\Users\\eknmeeu\\.dbt', 'invocation_command': 'dbt ls --select assert_high_gte_open', 'hints_enabled': 'True', 'use_colors': 'True', 'use_experimental_parser': 'False', 'indirect_selection': 'eager', 'log_path': 'C:\\Users\\eknmeeu\\Downloads\\Py_Neeraj\\DE_P\\dbt\\dbt_crypto\\logs'}
[0m02:59:59.522553 [debug] [MainThread]: Sending event: {'category': 'dbt', 'action': 'project_id', 'label': '96c2ee41-febf-4aeb-9244-b6a5dc47ed66', 'context': [<snowplow_tracker.self_describing_json.SelfDescribingJson object at 0x000001EF08BBB790>]}
[0m02:59:59.643066 [debug] [MainThread]: Sending event: {'category': 'dbt', 'action': 'adapter_info', 'label': '96c2ee41-febf-4aeb-9244-b6a5dc47ed66', 'context': [<snowplow_tracker.self_describing_json.SelfDescribingJson object at 0x000001EF07EAF250>]}
[0m02:59:59.643066 [info ] [MainThread]: Registered adapter: postgres=1.11.0
[0m03:00:00.107513 [debug] [MainThread]: checksum: 15b6814c27264d0629857aab4d824ec3aa97fd3d23a0ccfc8ec203ae2aba15df, vars: {}, profile: dbt_crypto, target: dev, version: 1.12.3
[0m03:00:00.405218 [debug] [MainThread]: Partial parsing enabled: 0 files deleted, 1 files added, 0 files changed.
[0m03:00:00.405561 [debug] [MainThread]: Partial parsing: added file: dbt_crypto://tests\assert_high_gte_open.sql
[0m03:00:00.698562 [debug] [MainThread]: Sending event: {'category': 'dbt', 'action': 'load_project', 'label': '96c2ee41-febf-4aeb-9244-b6a5dc47ed66', 'context': [<snowplow_tracker.self_describing_json.SelfDescribingJson object at 0x000001EF0A442EF0>]}
[0m03:00:00.884876 [debug] [MainThread]: Wrote artifact WritableManifest to C:\Users\eknmeeu\Downloads\Py_Neeraj\DE_P\dbt\dbt_crypto\target\manifest.json
[0m03:00:00.884876 [debug] [MainThread]: Wrote artifact SemanticManifest to C:\Users\eknmeeu\Downloads\Py_Neeraj\DE_P\dbt\dbt_crypto\target\semantic_manifest.json
[0m03:00:00.936361 [debug] [MainThread]: Wrote artifact OsiDocument to C:\Users\eknmeeu\Downloads\Py_Neeraj\DE_P\dbt\dbt_crypto\target\osi_document.json
[0m03:00:00.985677 [debug] [MainThread]: Sending event: {'category': 'dbt', 'action': 'resource_counts', 'label': '96c2ee41-febf-4aeb-9244-b6a5dc47ed66', 'context': [<snowplow_tracker.self_describing_json.SelfDescribingJson object at 0x000001EF0A4FDB10>]}
[0m03:00:00.986653 [info ] [MainThread]: Found 3 models, 19 data tests, 1 source, 477 macros
[0m03:00:00.987941 [debug] [MainThread]: Sending event: {'category': 'dbt', 'action': 'runnable_timing', 'label': '96c2ee41-febf-4aeb-9244-b6a5dc47ed66', 'context': [<snowplow_tracker.self_describing_json.SelfDescribingJson object at 0x000001EF0A4FDB70>]}
[0m03:00:00.989234 [info ] [MainThread]: dbt_crypto.assert_high_gte_open
[0m03:00:00.991235 [debug] [MainThread]: Command `dbt ls` succeeded at 03:00:00.991235 after 2.22 seconds
[0m03:00:00.992235 [debug] [MainThread]: Sending event: {'category': 'dbt', 'action': 'invocation', 'label': 'end', 'context': [<snowplow_tracker.self_describing_json.SelfDescribingJson object at 0x000001EF063DB640>, <snowplow_tracker.self_describing_json.SelfDescribingJson object at 0x000001EF0A2C11B0>, <snowplow_tracker.self_describing_json.SelfDescribingJson object at 0x000001EF0A20A710>]}
[0m03:00:00.992235 [debug] [MainThread]: Flushing usage events
[0m03:00:02.377902 [debug] [MainThread]: An error was encountered while trying to flush usage events
[0m03:00:33.450012 [debug] [MainThread]: Sending event: {'category': 'dbt', 'action': 'invocation', 'label': 'start', 'context': [<snowplow_tracker.self_describing_json.SelfDescribingJson object at 0x000002375E12B640>, <snowplow_tracker.self_describing_json.SelfDescribingJson object at 0x0000023760964D60>, <snowplow_tracker.self_describing_json.SelfDescribingJson object at 0x0000023760964B80>]}


============================== 03:00:33.456726 | 0e687208-8a70-460c-afcb-b161e0f3578e ==============================
[0m03:00:33.456726 [info ] [MainThread]: Running with dbt=1.12.3
[0m03:00:33.457724 [debug] [MainThread]: running dbt with arguments {'maximum_seed_size_mib': '1', 'no_print': 'None', 'static_parser': 'True', 'warn_error_options': 'WarnErrorOptionsV2(error=[], warn=[], silence=[])', 'target_path': 'None', 'version_check': 'True', 'printer_width': '80', 'write_json': 'True', 'empty': 'None', 'log_cache_events': 'False', 'introspect': 'True', 'cache_selected_only': 'False', 'fail_fast': 'False', 'debug': 'False', 'log_format': 'default', 'profiles_dir': 'C:\\Users\\eknmeeu\\.dbt', 'send_anonymous_usage_stats': 'True', 'quiet': 'False', 'warn_error': 'None', 'partial_parse': 'True', 'use_colors': 'True', 'hints_enabled': 'True', 'invocation_command': 'dbt test --select assert_high_gte_open', 'use_experimental_parser': 'False', 'indirect_selection': 'eager', 'log_path': 'C:\\Users\\eknmeeu\\Downloads\\Py_Neeraj\\DE_P\\dbt\\dbt_crypto\\logs'}
[0m03:00:33.755517 [debug] [MainThread]: Sending event: {'category': 'dbt', 'action': 'project_id', 'label': '0e687208-8a70-460c-afcb-b161e0f3578e', 'context': [<snowplow_tracker.self_describing_json.SelfDescribingJson object at 0x0000023760965870>]}
[0m03:00:33.898043 [debug] [MainThread]: Sending event: {'category': 'dbt', 'action': 'adapter_info', 'label': '0e687208-8a70-460c-afcb-b161e0f3578e', 'context': [<snowplow_tracker.self_describing_json.SelfDescribingJson object at 0x000002375F4A2800>]}
[0m03:00:33.901142 [info ] [MainThread]: Registered adapter: postgres=1.11.0
[0m03:00:34.349573 [debug] [MainThread]: checksum: 15b6814c27264d0629857aab4d824ec3aa97fd3d23a0ccfc8ec203ae2aba15df, vars: {}, profile: dbt_crypto, target: dev, version: 1.12.3
[0m03:00:34.638895 [debug] [MainThread]: Partial parsing enabled: 0 files deleted, 0 files added, 0 files changed.
[0m03:00:34.639919 [debug] [MainThread]: Nothing changed, skipping partial parsing.
[0m03:00:34.640814 [debug] [MainThread]: Partial parsing enabled, no changes found, skipping parsing
[0m03:00:34.650900 [debug] [MainThread]: Sending event: {'category': 'dbt', 'action': 'load_project', 'label': '0e687208-8a70-460c-afcb-b161e0f3578e', 'context': [<snowplow_tracker.self_describing_json.SelfDescribingJson object at 0x0000023762116590>]}
[0m03:00:34.866164 [debug] [MainThread]: Wrote artifact WritableManifest to C:\Users\eknmeeu\Downloads\Py_Neeraj\DE_P\dbt\dbt_crypto\target\manifest.json
[0m03:00:34.881819 [debug] [MainThread]: Wrote artifact SemanticManifest to C:\Users\eknmeeu\Downloads\Py_Neeraj\DE_P\dbt\dbt_crypto\target\semantic_manifest.json
[0m03:00:34.913553 [debug] [MainThread]: Wrote artifact OsiDocument to C:\Users\eknmeeu\Downloads\Py_Neeraj\DE_P\dbt\dbt_crypto\target\osi_document.json
[0m03:00:34.955736 [debug] [MainThread]: Sending event: {'category': 'dbt', 'action': 'resource_counts', 'label': '0e687208-8a70-460c-afcb-b161e0f3578e', 'context': [<snowplow_tracker.self_describing_json.SelfDescribingJson object at 0x000002376206A8C0>]}
[0m03:00:34.955736 [info ] [MainThread]: Found 3 models, 19 data tests, 1 source, 477 macros
[0m03:00:34.957738 [debug] [MainThread]: Sending event: {'category': 'dbt', 'action': 'runnable_timing', 'label': '0e687208-8a70-460c-afcb-b161e0f3578e', 'context': [<snowplow_tracker.self_describing_json.SelfDescribingJson object at 0x000002376206BB50>]}
[0m03:00:34.958812 [info ] [MainThread]: 
[0m03:00:34.960737 [info ] [MainThread]: Concurrency: 4 threads (target='dev')
[0m03:00:34.960737 [info ] [MainThread]: 
[0m03:00:34.961738 [debug] [MainThread]: Acquiring new postgres connection 'master'
[0m03:00:34.969745 [debug] [ThreadPool]: Acquiring new postgres connection 'list_neondb_analytics'
[0m03:00:35.243246 [debug] [ThreadPool]: Using postgres connection "list_neondb_analytics"
[0m03:00:35.245253 [debug] [ThreadPool]: On list_neondb_analytics: /* {"app": "dbt", "dbt_version": "1.12.3", "profile_name": "dbt_crypto", "target_name": "dev", "connection_name": "list_neondb_analytics"} */
select
      'neondb' as database,
      tablename as name,
      schemaname as schema,
      'table' as type
    from pg_tables
    where schemaname ilike 'analytics'
    union all
    select
      'neondb' as database,
      viewname as name,
      schemaname as schema,
      'view' as type
    from pg_views
    where schemaname ilike 'analytics'
    union all
    select
      'neondb' as database,
      matviewname as name,
      schemaname as schema,
      'materialized_view' as type
    from pg_matviews
    where schemaname ilike 'analytics'
    union all
    select distinct
     'neondb' as database,
     proname as name,
     ns.nspname as schema,
     'function' as type
    from pg_proc
     join pg_namespace as ns on pronamespace = ns.oid
    where ns.nspname ilike 'analytics'
  
[0m03:00:35.246260 [debug] [ThreadPool]: Opening a new connection, currently in state init
[0m03:00:38.836055 [debug] [ThreadPool]: SQL status: SELECT 3 in 3.592 seconds
[0m03:00:38.842155 [debug] [ThreadPool]: On list_neondb_analytics: ROLLBACK
[0m03:00:39.084164 [debug] [ThreadPool]: On list_neondb_analytics: Close
[0m03:00:39.100302 [debug] [MainThread]: Using postgres connection "master"
[0m03:00:39.100302 [debug] [MainThread]: On master: /* {"app": "dbt", "dbt_version": "1.12.3", "profile_name": "dbt_crypto", "target_name": "dev", "connection_name": "master"} */
select distinct
        dependent_namespace.nspname as dependent_schema,
        dependent_class.relname as dependent_name,
        referenced_namespace.nspname as referenced_schema,
        referenced_class.relname as referenced_name

    -- Query for views: views are entries in pg_class with an entry in pg_rewrite, but we avoid
    -- a seq scan on pg_rewrite by leveraging the fact there is an "internal" row in pg_depend for
    -- the view...
    from pg_class as dependent_class
    join pg_namespace as dependent_namespace on dependent_namespace.oid = dependent_class.relnamespace
    join pg_depend as dependent_depend on dependent_depend.refobjid = dependent_class.oid
        and dependent_depend.classid = 'pg_rewrite'::regclass
        and dependent_depend.refclassid = 'pg_class'::regclass
        and dependent_depend.deptype = 'i'

    -- ... and via pg_depend (that has a row per column, hence the need for "distinct" above, and
    -- making sure to exclude the internal row to avoid a view appearing to depend on itself)...
    join pg_depend as joining_depend on joining_depend.objid = dependent_depend.objid
        and joining_depend.classid = 'pg_rewrite'::regclass
        and joining_depend.refclassid = 'pg_class'::regclass
        and joining_depend.refobjid != dependent_depend.refobjid

    -- ... we can find the tables they query from in pg_class, but excluding system tables. Note we
    -- don't need need to exclude _dependent_ system tables, because they only query from other
    -- system tables, and so are automatically excluded by excluding _referenced_ system tables
    join pg_class as referenced_class on referenced_class.oid = joining_depend.refobjid
    join pg_namespace as referenced_namespace on referenced_namespace.oid = referenced_class.relnamespace
        and referenced_namespace.nspname != 'information_schema'
        and referenced_namespace.nspname not like 'pg\_%'

    order by
        dependent_schema, dependent_name, referenced_schema, referenced_name;
[0m03:00:39.100302 [debug] [MainThread]: Opening a new connection, currently in state init
[0m03:00:41.572259 [debug] [MainThread]: SQL status: SELECT 3 in 2.469 seconds
[0m03:00:41.573633 [debug] [MainThread]: Sending event: {'category': 'dbt', 'action': 'runnable_timing', 'label': '0e687208-8a70-460c-afcb-b161e0f3578e', 'context': [<snowplow_tracker.self_describing_json.SelfDescribingJson object at 0x0000023762069570>]}
[0m03:00:41.573633 [debug] [MainThread]: On master: ROLLBACK
[0m03:00:41.834766 [debug] [MainThread]: On master: COMMIT
[0m03:00:41.837765 [debug] [MainThread]: Using postgres connection "master"
[0m03:00:41.839901 [debug] [MainThread]: On master: COMMIT
[0m03:00:42.353747 [debug] [MainThread]: SQL status: COMMIT in 0.519 seconds
[0m03:00:42.353747 [debug] [MainThread]: On master: Close
[0m03:00:42.369397 [debug] [Thread-1 (]: Began running node test.dbt_crypto.assert_high_gte_open
[0m03:00:42.370784 [info ] [Thread-1 (]: 1 of 1 START test assert_high_gte_open ......................................... [RUN]
[0m03:00:42.371379 [debug] [Thread-1 (]: Acquiring new postgres connection 'test.dbt_crypto.assert_high_gte_open'
[0m03:00:42.371379 [debug] [Thread-1 (]: Began compiling node test.dbt_crypto.assert_high_gte_open
[0m03:00:42.371379 [debug] [Thread-1 (]: Writing injected SQL for node "test.dbt_crypto.assert_high_gte_open"
[0m03:00:42.371379 [debug] [Thread-1 (]: Began executing node test.dbt_crypto.assert_high_gte_open
[0m03:00:42.406025 [debug] [Thread-1 (]: Writing runtime sql for node "test.dbt_crypto.assert_high_gte_open"
[0m03:00:42.406025 [debug] [Thread-1 (]: Using postgres connection "test.dbt_crypto.assert_high_gte_open"
[0m03:00:42.406025 [debug] [Thread-1 (]: On test.dbt_crypto.assert_high_gte_open: /* {"app": "dbt", "dbt_version": "1.12.3", "profile_name": "dbt_crypto", "target_name": "dev", "node_id": "test.dbt_crypto.assert_high_gte_open"} */

    
    select
      count(*) as failures,
      count(*) != 0 as should_warn,
      count(*) != 0 as should_error
    from (
      
    
  SELECT
    symbol,
    interval,
    open_time,
    open,
    high

FROM "neondb"."analytics"."stg_crypto_klines"

WHERE high < open
  
  
      
    ) dbt_internal_test
[0m03:00:42.415024 [debug] [Thread-1 (]: Opening a new connection, currently in state init
[0m03:00:44.505976 [debug] [Thread-1 (]: SQL status: SELECT 1 in 2.091 seconds
[0m03:00:44.514072 [debug] [Thread-1 (]: On test.dbt_crypto.assert_high_gte_open: ROLLBACK
[0m03:00:44.771024 [debug] [Thread-1 (]: On test.dbt_crypto.assert_high_gte_open: Close
[0m03:00:44.773143 [info ] [Thread-1 (]: 1 of 1 PASS assert_high_gte_open ............................................... [[32mPASS[0m in 2.40s]
[0m03:00:44.774192 [debug] [Thread-1 (]: Finished running node test.dbt_crypto.assert_high_gte_open
[0m03:00:44.777153 [debug] [MainThread]: On master: COMMIT
[0m03:00:44.777153 [debug] [MainThread]: Using postgres connection "master"
[0m03:00:44.777153 [debug] [MainThread]: On master: COMMIT
[0m03:00:44.777153 [debug] [MainThread]: Opening a new connection, currently in state closed
[0m03:00:46.621069 [debug] [MainThread]: SQL status: COMMIT in 1.852 seconds
[0m03:00:46.621069 [debug] [MainThread]: On master: Close
[0m03:00:46.633572 [debug] [MainThread]: Connection 'master' was properly closed.
[0m03:00:46.635582 [debug] [MainThread]: Connection 'list_neondb_analytics' was properly closed.
[0m03:00:46.635582 [debug] [MainThread]: Connection 'test.dbt_crypto.assert_high_gte_open' was properly closed.
[0m03:00:46.636678 [info ] [MainThread]: 
[0m03:00:46.637831 [info ] [MainThread]: Finished running 1 test in 0 hours 0 minutes and 11.67 seconds (11.67s).
[0m03:00:46.637831 [debug] [MainThread]: Command end result
[0m03:00:46.681546 [debug] [MainThread]: Wrote artifact WritableManifest to C:\Users\eknmeeu\Downloads\Py_Neeraj\DE_P\dbt\dbt_crypto\target\manifest.json
[0m03:00:46.687030 [debug] [MainThread]: Wrote artifact SemanticManifest to C:\Users\eknmeeu\Downloads\Py_Neeraj\DE_P\dbt\dbt_crypto\target\semantic_manifest.json
[0m03:00:46.687030 [debug] [MainThread]: Wrote artifact OsiDocument to C:\Users\eknmeeu\Downloads\Py_Neeraj\DE_P\dbt\dbt_crypto\target\osi_document.json
[0m03:00:46.704182 [debug] [MainThread]: Wrote artifact RunExecutionResult to C:\Users\eknmeeu\Downloads\Py_Neeraj\DE_P\dbt\dbt_crypto\target\run_results.json
[0m03:00:46.704182 [info ] [MainThread]: 
[0m03:00:46.704182 [info ] [MainThread]: [32mCompleted successfully[0m
[0m03:00:46.704182 [info ] [MainThread]: 
[0m03:00:46.704182 [info ] [MainThread]: Done. PASS=1 WARN=0 ERROR=0 SKIP=0 NO-OP=0 REUSED=0 TOTAL=1
[0m03:00:46.704182 [debug] [MainThread]: Command `dbt test` succeeded at 03:00:46.704182 after 13.90 seconds
[0m03:00:46.704182 [debug] [MainThread]: Sending event: {'category': 'dbt', 'action': 'invocation', 'label': 'end', 'context': [<snowplow_tracker.self_describing_json.SelfDescribingJson object at 0x000002375E12B640>, <snowplow_tracker.self_describing_json.SelfDescribingJson object at 0x000002376206ACE0>, <snowplow_tracker.self_describing_json.SelfDescribingJson object at 0x0000023762068430>]}
[0m03:00:46.704182 [debug] [MainThread]: Flushing usage events
[0m03:00:47.694978 [debug] [MainThread]: An error was encountered while trying to flush usage events
[0m03:01:47.393543 [debug] [MainThread]: Sending event: {'category': 'dbt', 'action': 'invocation', 'label': 'start', 'context': [<snowplow_tracker.self_describing_json.SelfDescribingJson object at 0x000001A4B363B640>, <snowplow_tracker.self_describing_json.SelfDescribingJson object at 0x000001A4B4EA4D60>, <snowplow_tracker.self_describing_json.SelfDescribingJson object at 0x000001A4B4EA4B80>]}


============================== 03:01:47.399550 | 9422c6ea-d8f4-4fc0-ad2c-e878d8af2a72 ==============================
[0m03:01:47.399550 [info ] [MainThread]: Running with dbt=1.12.3
[0m03:01:47.401162 [debug] [MainThread]: running dbt with arguments {'maximum_seed_size_mib': '1', 'no_print': 'None', 'version_check': 'True', 'target_path': 'None', 'static_parser': 'True', 'warn_error_options': 'WarnErrorOptionsV2(error=[], warn=[], silence=[])', 'printer_width': '80', 'write_json': 'True', 'introspect': 'True', 'log_cache_events': 'False', 'empty': 'None', 'cache_selected_only': 'False', 'fail_fast': 'False', 'debug': 'False', 'log_format': 'default', 'profiles_dir': 'C:\\Users\\eknmeeu\\.dbt', 'send_anonymous_usage_stats': 'True', 'quiet': 'False', 'warn_error': 'None', 'partial_parse': 'True', 'indirect_selection': 'eager', 'hints_enabled': 'True', 'invocation_command': 'dbt test --select assert_high_gte_close', 'use_experimental_parser': 'False', 'use_colors': 'True', 'log_path': 'C:\\Users\\eknmeeu\\Downloads\\Py_Neeraj\\DE_P\\dbt\\dbt_crypto\\logs'}
[0m03:01:47.711474 [debug] [MainThread]: Sending event: {'category': 'dbt', 'action': 'project_id', 'label': '9422c6ea-d8f4-4fc0-ad2c-e878d8af2a72', 'context': [<snowplow_tracker.self_describing_json.SelfDescribingJson object at 0x000001A4B4EA5870>]}
[0m03:01:47.818717 [debug] [MainThread]: Sending event: {'category': 'dbt', 'action': 'adapter_info', 'label': '9422c6ea-d8f4-4fc0-ad2c-e878d8af2a72', 'context': [<snowplow_tracker.self_describing_json.SelfDescribingJson object at 0x000001A4B39E2800>]}
[0m03:01:47.818717 [info ] [MainThread]: Registered adapter: postgres=1.11.0
[0m03:01:48.233128 [debug] [MainThread]: checksum: 15b6814c27264d0629857aab4d824ec3aa97fd3d23a0ccfc8ec203ae2aba15df, vars: {}, profile: dbt_crypto, target: dev, version: 1.12.3
[0m03:01:48.518918 [debug] [MainThread]: Partial parsing enabled: 0 files deleted, 0 files added, 0 files changed.
[0m03:01:48.519989 [debug] [MainThread]: Nothing changed, skipping partial parsing.
[0m03:01:48.520958 [debug] [MainThread]: Partial parsing enabled, no changes found, skipping parsing
[0m03:01:48.530260 [debug] [MainThread]: Sending event: {'category': 'dbt', 'action': 'load_project', 'label': '9422c6ea-d8f4-4fc0-ad2c-e878d8af2a72', 'context': [<snowplow_tracker.self_describing_json.SelfDescribingJson object at 0x000001A4B6656590>]}
[0m03:01:48.770008 [debug] [MainThread]: Wrote artifact WritableManifest to C:\Users\eknmeeu\Downloads\Py_Neeraj\DE_P\dbt\dbt_crypto\target\manifest.json
[0m03:01:48.770008 [debug] [MainThread]: Wrote artifact SemanticManifest to C:\Users\eknmeeu\Downloads\Py_Neeraj\DE_P\dbt\dbt_crypto\target\semantic_manifest.json
[0m03:01:48.823871 [debug] [MainThread]: Wrote artifact OsiDocument to C:\Users\eknmeeu\Downloads\Py_Neeraj\DE_P\dbt\dbt_crypto\target\osi_document.json
[0m03:01:48.853084 [debug] [MainThread]: Sending event: {'category': 'dbt', 'action': 'resource_counts', 'label': '9422c6ea-d8f4-4fc0-ad2c-e878d8af2a72', 'context': [<snowplow_tracker.self_describing_json.SelfDescribingJson object at 0x000001A4B65AA8C0>]}
[0m03:01:48.853084 [info ] [MainThread]: Found 3 models, 19 data tests, 1 source, 477 macros
[0m03:01:48.853084 [debug] [MainThread]: Sending event: {'category': 'dbt', 'action': 'runnable_timing', 'label': '9422c6ea-d8f4-4fc0-ad2c-e878d8af2a72', 'context': [<snowplow_tracker.self_describing_json.SelfDescribingJson object at 0x000001A4B65ABB50>]}
[0m03:01:48.853084 [warn ] [MainThread]: [[33mWARNING[0m]: The selection criterion 'assert_high_gte_close' does not match any enabled nodes
[0m03:01:48.853084 [warn ] [MainThread]: [[33mWARNING[0m]: Nothing to do. Try checking your model configs and model specification args
[0m03:01:48.864876 [debug] [MainThread]: Command end result
[0m03:01:48.903327 [debug] [MainThread]: Wrote artifact WritableManifest to C:\Users\eknmeeu\Downloads\Py_Neeraj\DE_P\dbt\dbt_crypto\target\manifest.json
[0m03:01:48.915061 [debug] [MainThread]: Wrote artifact SemanticManifest to C:\Users\eknmeeu\Downloads\Py_Neeraj\DE_P\dbt\dbt_crypto\target\semantic_manifest.json
[0m03:01:48.919552 [debug] [MainThread]: Wrote artifact OsiDocument to C:\Users\eknmeeu\Downloads\Py_Neeraj\DE_P\dbt\dbt_crypto\target\osi_document.json
[0m03:01:48.919552 [debug] [MainThread]: Wrote artifact RunExecutionResult to C:\Users\eknmeeu\Downloads\Py_Neeraj\DE_P\dbt\dbt_crypto\target\run_results.json
[0m03:01:48.919552 [debug] [MainThread]: Command `dbt test` succeeded at 03:01:48.919552 after 2.00 seconds
[0m03:01:48.919552 [debug] [MainThread]: Sending event: {'category': 'dbt', 'action': 'invocation', 'label': 'end', 'context': [<snowplow_tracker.self_describing_json.SelfDescribingJson object at 0x000001A4B363B640>, <snowplow_tracker.self_describing_json.SelfDescribingJson object at 0x000001A4B504F220>, <snowplow_tracker.self_describing_json.SelfDescribingJson object at 0x000001A4B65AA290>]}
[0m03:01:48.919552 [debug] [MainThread]: Flushing usage events
[0m03:01:50.723142 [debug] [MainThread]: An error was encountered while trying to flush usage events
[0m03:03:01.389943 [debug] [MainThread]: Sending event: {'category': 'dbt', 'action': 'invocation', 'label': 'start', 'context': [<snowplow_tracker.self_describing_json.SelfDescribingJson object at 0x000001E66FDEB670>, <snowplow_tracker.self_describing_json.SelfDescribingJson object at 0x000001E6715A4220>, <snowplow_tracker.self_describing_json.SelfDescribingJson object at 0x000001E6715A7880>]}


============================== 03:03:01.401150 | 9080b7fa-6f81-4b8b-bdf8-0c0cbf7131e3 ==============================
[0m03:03:01.401150 [info ] [MainThread]: Running with dbt=1.12.3
[0m03:03:01.403152 [debug] [MainThread]: running dbt with arguments {'maximum_seed_size_mib': '1', 'no_print': 'None', 'static_parser': 'True', 'warn_error_options': 'WarnErrorOptionsV2(error=[], warn=[], silence=[])', 'target_path': 'None', 'version_check': 'True', 'printer_width': '80', 'write_json': 'True', 'introspect': 'True', 'log_cache_events': 'False', 'empty': 'None', 'cache_selected_only': 'False', 'log_format': 'default', 'debug': 'False', 'fail_fast': 'False', 'profiles_dir': 'C:\\Users\\eknmeeu\\.dbt', 'send_anonymous_usage_stats': 'True', 'quiet': 'False', 'warn_error': 'None', 'partial_parse': 'True', 'use_colors': 'True', 'hints_enabled': 'True', 'indirect_selection': 'eager', 'use_experimental_parser': 'False', 'invocation_command': 'dbt test --select assert_high_gte_close', 'log_path': 'C:\\Users\\eknmeeu\\Downloads\\Py_Neeraj\\DE_P\\dbt\\dbt_crypto\\logs'}
[0m03:03:01.807969 [debug] [MainThread]: Sending event: {'category': 'dbt', 'action': 'project_id', 'label': '9080b7fa-6f81-4b8b-bdf8-0c0cbf7131e3', 'context': [<snowplow_tracker.self_describing_json.SelfDescribingJson object at 0x000001E6715A7880>]}
[0m03:03:01.959155 [debug] [MainThread]: Sending event: {'category': 'dbt', 'action': 'adapter_info', 'label': '9080b7fa-6f81-4b8b-bdf8-0c0cbf7131e3', 'context': [<snowplow_tracker.self_describing_json.SelfDescribingJson object at 0x000001E670171BA0>]}
[0m03:03:01.962158 [info ] [MainThread]: Registered adapter: postgres=1.11.0
[0m03:03:02.426836 [debug] [MainThread]: checksum: 15b6814c27264d0629857aab4d824ec3aa97fd3d23a0ccfc8ec203ae2aba15df, vars: {}, profile: dbt_crypto, target: dev, version: 1.12.3
[0m03:03:02.847595 [debug] [MainThread]: Partial parsing enabled: 0 files deleted, 1 files added, 0 files changed.
[0m03:03:02.847595 [debug] [MainThread]: Partial parsing: added file: dbt_crypto://tests\assert_high_gte_close.sql
[0m03:03:03.171855 [debug] [MainThread]: Sending event: {'category': 'dbt', 'action': 'load_project', 'label': '9080b7fa-6f81-4b8b-bdf8-0c0cbf7131e3', 'context': [<snowplow_tracker.self_describing_json.SelfDescribingJson object at 0x000001E6714DEB00>]}
[0m03:03:03.347901 [debug] [MainThread]: Wrote artifact WritableManifest to C:\Users\eknmeeu\Downloads\Py_Neeraj\DE_P\dbt\dbt_crypto\target\manifest.json
[0m03:03:03.354649 [debug] [MainThread]: Wrote artifact SemanticManifest to C:\Users\eknmeeu\Downloads\Py_Neeraj\DE_P\dbt\dbt_crypto\target\semantic_manifest.json
[0m03:03:03.397019 [debug] [MainThread]: Wrote artifact OsiDocument to C:\Users\eknmeeu\Downloads\Py_Neeraj\DE_P\dbt\dbt_crypto\target\osi_document.json
[0m03:03:03.430059 [debug] [MainThread]: Sending event: {'category': 'dbt', 'action': 'resource_counts', 'label': '9080b7fa-6f81-4b8b-bdf8-0c0cbf7131e3', 'context': [<snowplow_tracker.self_describing_json.SelfDescribingJson object at 0x000001E672EC1180>]}
[0m03:03:03.430979 [info ] [MainThread]: Found 3 models, 20 data tests, 1 source, 477 macros
[0m03:03:03.432396 [debug] [MainThread]: Sending event: {'category': 'dbt', 'action': 'runnable_timing', 'label': '9080b7fa-6f81-4b8b-bdf8-0c0cbf7131e3', 'context': [<snowplow_tracker.self_describing_json.SelfDescribingJson object at 0x000001E672EC1540>]}
[0m03:03:03.434197 [info ] [MainThread]: 
[0m03:03:03.435190 [info ] [MainThread]: Concurrency: 4 threads (target='dev')
[0m03:03:03.436197 [info ] [MainThread]: 
[0m03:03:03.437197 [debug] [MainThread]: Acquiring new postgres connection 'master'
[0m03:03:03.441887 [debug] [ThreadPool]: Acquiring new postgres connection 'list_neondb_analytics'
[0m03:03:03.719683 [debug] [ThreadPool]: Using postgres connection "list_neondb_analytics"
[0m03:03:03.719683 [debug] [ThreadPool]: On list_neondb_analytics: /* {"app": "dbt", "dbt_version": "1.12.3", "profile_name": "dbt_crypto", "target_name": "dev", "connection_name": "list_neondb_analytics"} */
select
      'neondb' as database,
      tablename as name,
      schemaname as schema,
      'table' as type
    from pg_tables
    where schemaname ilike 'analytics'
    union all
    select
      'neondb' as database,
      viewname as name,
      schemaname as schema,
      'view' as type
    from pg_views
    where schemaname ilike 'analytics'
    union all
    select
      'neondb' as database,
      matviewname as name,
      schemaname as schema,
      'materialized_view' as type
    from pg_matviews
    where schemaname ilike 'analytics'
    union all
    select distinct
     'neondb' as database,
     proname as name,
     ns.nspname as schema,
     'function' as type
    from pg_proc
     join pg_namespace as ns on pronamespace = ns.oid
    where ns.nspname ilike 'analytics'
  
[0m03:03:03.720680 [debug] [ThreadPool]: Opening a new connection, currently in state init
[0m03:03:05.789292 [debug] [ThreadPool]: SQL status: SELECT 3 in 2.068 seconds
[0m03:03:05.791390 [debug] [ThreadPool]: On list_neondb_analytics: ROLLBACK
[0m03:03:06.034365 [debug] [ThreadPool]: On list_neondb_analytics: Close
[0m03:03:06.039852 [debug] [MainThread]: Using postgres connection "master"
[0m03:03:06.040852 [debug] [MainThread]: On master: /* {"app": "dbt", "dbt_version": "1.12.3", "profile_name": "dbt_crypto", "target_name": "dev", "connection_name": "master"} */
select distinct
        dependent_namespace.nspname as dependent_schema,
        dependent_class.relname as dependent_name,
        referenced_namespace.nspname as referenced_schema,
        referenced_class.relname as referenced_name

    -- Query for views: views are entries in pg_class with an entry in pg_rewrite, but we avoid
    -- a seq scan on pg_rewrite by leveraging the fact there is an "internal" row in pg_depend for
    -- the view...
    from pg_class as dependent_class
    join pg_namespace as dependent_namespace on dependent_namespace.oid = dependent_class.relnamespace
    join pg_depend as dependent_depend on dependent_depend.refobjid = dependent_class.oid
        and dependent_depend.classid = 'pg_rewrite'::regclass
        and dependent_depend.refclassid = 'pg_class'::regclass
        and dependent_depend.deptype = 'i'

    -- ... and via pg_depend (that has a row per column, hence the need for "distinct" above, and
    -- making sure to exclude the internal row to avoid a view appearing to depend on itself)...
    join pg_depend as joining_depend on joining_depend.objid = dependent_depend.objid
        and joining_depend.classid = 'pg_rewrite'::regclass
        and joining_depend.refclassid = 'pg_class'::regclass
        and joining_depend.refobjid != dependent_depend.refobjid

    -- ... we can find the tables they query from in pg_class, but excluding system tables. Note we
    -- don't need need to exclude _dependent_ system tables, because they only query from other
    -- system tables, and so are automatically excluded by excluding _referenced_ system tables
    join pg_class as referenced_class on referenced_class.oid = joining_depend.refobjid
    join pg_namespace as referenced_namespace on referenced_namespace.oid = referenced_class.relnamespace
        and referenced_namespace.nspname != 'information_schema'
        and referenced_namespace.nspname not like 'pg\_%'

    order by
        dependent_schema, dependent_name, referenced_schema, referenced_name;
[0m03:03:06.040852 [debug] [MainThread]: Opening a new connection, currently in state init
[0m03:03:07.997972 [debug] [MainThread]: SQL status: SELECT 3 in 1.957 seconds
[0m03:03:08.002226 [debug] [MainThread]: Sending event: {'category': 'dbt', 'action': 'runnable_timing', 'label': '9080b7fa-6f81-4b8b-bdf8-0c0cbf7131e3', 'context': [<snowplow_tracker.self_describing_json.SelfDescribingJson object at 0x000001E66DC30760>]}
[0m03:03:08.003234 [debug] [MainThread]: On master: ROLLBACK
[0m03:03:08.244295 [debug] [MainThread]: On master: COMMIT
[0m03:03:08.246310 [debug] [MainThread]: Using postgres connection "master"
[0m03:03:08.248682 [debug] [MainThread]: On master: COMMIT
[0m03:03:08.737156 [debug] [MainThread]: SQL status: COMMIT in 0.487 seconds
[0m03:03:08.738282 [debug] [MainThread]: On master: Close
[0m03:03:08.747168 [debug] [Thread-1 (]: Began running node test.dbt_crypto.assert_high_gte_close
[0m03:03:08.748223 [info ] [Thread-1 (]: 1 of 1 START test assert_high_gte_close ........................................ [RUN]
[0m03:03:08.749173 [debug] [Thread-1 (]: Acquiring new postgres connection 'test.dbt_crypto.assert_high_gte_close'
[0m03:03:08.750267 [debug] [Thread-1 (]: Began compiling node test.dbt_crypto.assert_high_gte_close
[0m03:03:08.756264 [debug] [Thread-1 (]: Writing injected SQL for node "test.dbt_crypto.assert_high_gte_close"
[0m03:03:08.759203 [debug] [Thread-1 (]: Began executing node test.dbt_crypto.assert_high_gte_close
[0m03:03:08.778296 [debug] [Thread-1 (]: Writing runtime sql for node "test.dbt_crypto.assert_high_gte_close"
[0m03:03:08.783096 [debug] [Thread-1 (]: Using postgres connection "test.dbt_crypto.assert_high_gte_close"
[0m03:03:08.783096 [debug] [Thread-1 (]: On test.dbt_crypto.assert_high_gte_close: /* {"app": "dbt", "dbt_version": "1.12.3", "profile_name": "dbt_crypto", "target_name": "dev", "node_id": "test.dbt_crypto.assert_high_gte_close"} */

    
    select
      count(*) as failures,
      count(*) != 0 as should_warn,
      count(*) != 0 as should_error
    from (
      
    
  SELECT
    symbol,
    interval,
    open_time,
    open,
    high,
    close

FROM "neondb"."analytics"."stg_crypto_klines"

WHERE high < close
  
  
      
    ) dbt_internal_test
[0m03:03:08.783096 [debug] [Thread-1 (]: Opening a new connection, currently in state init
[0m03:03:10.765962 [debug] [Thread-1 (]: SQL status: SELECT 1 in 1.980 seconds
[0m03:03:10.765962 [debug] [Thread-1 (]: On test.dbt_crypto.assert_high_gte_close: ROLLBACK
[0m03:03:11.010687 [debug] [Thread-1 (]: On test.dbt_crypto.assert_high_gte_close: Close
[0m03:03:11.010687 [info ] [Thread-1 (]: 1 of 1 PASS assert_high_gte_close .............................................. [[32mPASS[0m in 2.26s]
[0m03:03:11.020533 [debug] [Thread-1 (]: Finished running node test.dbt_crypto.assert_high_gte_close
[0m03:03:11.026621 [debug] [MainThread]: On master: COMMIT
[0m03:03:11.028276 [debug] [MainThread]: Using postgres connection "master"
[0m03:03:11.029195 [debug] [MainThread]: On master: COMMIT
[0m03:03:11.029613 [debug] [MainThread]: Opening a new connection, currently in state closed
[0m03:03:12.885361 [debug] [MainThread]: SQL status: COMMIT in 1.861 seconds
[0m03:03:12.885361 [debug] [MainThread]: On master: Close
[0m03:03:12.885361 [debug] [MainThread]: Connection 'master' was properly closed.
[0m03:03:12.885361 [debug] [MainThread]: Connection 'list_neondb_analytics' was properly closed.
[0m03:03:12.885361 [debug] [MainThread]: Connection 'test.dbt_crypto.assert_high_gte_close' was properly closed.
[0m03:03:12.894382 [info ] [MainThread]: 
[0m03:03:12.894382 [info ] [MainThread]: Finished running 1 test in 0 hours 0 minutes and 9.46 seconds (9.46s).
[0m03:03:12.894382 [debug] [MainThread]: Command end result
[0m03:03:12.963545 [debug] [MainThread]: Wrote artifact WritableManifest to C:\Users\eknmeeu\Downloads\Py_Neeraj\DE_P\dbt\dbt_crypto\target\manifest.json
[0m03:03:12.976471 [debug] [MainThread]: Wrote artifact SemanticManifest to C:\Users\eknmeeu\Downloads\Py_Neeraj\DE_P\dbt\dbt_crypto\target\semantic_manifest.json
[0m03:03:12.982502 [debug] [MainThread]: Wrote artifact OsiDocument to C:\Users\eknmeeu\Downloads\Py_Neeraj\DE_P\dbt\dbt_crypto\target\osi_document.json
[0m03:03:12.982502 [debug] [MainThread]: Wrote artifact RunExecutionResult to C:\Users\eknmeeu\Downloads\Py_Neeraj\DE_P\dbt\dbt_crypto\target\run_results.json
[0m03:03:12.982502 [info ] [MainThread]: 
[0m03:03:12.982502 [info ] [MainThread]: [32mCompleted successfully[0m
[0m03:03:12.982502 [info ] [MainThread]: 
[0m03:03:12.998471 [info ] [MainThread]: Done. PASS=1 WARN=0 ERROR=0 SKIP=0 NO-OP=0 REUSED=0 TOTAL=1
[0m03:03:12.998471 [debug] [MainThread]: Command `dbt test` succeeded at 03:03:12.998471 after 12.04 seconds
[0m03:03:12.998471 [debug] [MainThread]: Sending event: {'category': 'dbt', 'action': 'invocation', 'label': 'end', 'context': [<snowplow_tracker.self_describing_json.SelfDescribingJson object at 0x000001E66FDEB670>, <snowplow_tracker.self_describing_json.SelfDescribingJson object at 0x000001E6716F18D0>, <snowplow_tracker.self_describing_json.SelfDescribingJson object at 0x000001E66E239330>]}
[0m03:03:12.998471 [debug] [MainThread]: Flushing usage events
[0m03:03:14.523242 [debug] [MainThread]: An error was encountered while trying to flush usage events
[0m03:04:26.604906 [debug] [MainThread]: Sending event: {'category': 'dbt', 'action': 'invocation', 'label': 'start', 'context': [<snowplow_tracker.self_describing_json.SelfDescribingJson object at 0x0000017D9B37B5E0>, <snowplow_tracker.self_describing_json.SelfDescribingJson object at 0x0000017D9DBB4D00>, <snowplow_tracker.self_describing_json.SelfDescribingJson object at 0x0000017D9DBB4B20>]}


============================== 03:04:26.613052 | 1d50ed08-b964-4526-bce9-6390119aac26 ==============================
[0m03:04:26.613052 [info ] [MainThread]: Running with dbt=1.12.3
[0m03:04:26.615061 [debug] [MainThread]: running dbt with arguments {'maximum_seed_size_mib': '1', 'no_print': 'None', 'static_parser': 'True', 'target_path': 'None', 'warn_error_options': 'WarnErrorOptionsV2(error=[], warn=[], silence=[])', 'version_check': 'True', 'printer_width': '80', 'write_json': 'True', 'introspect': 'True', 'log_cache_events': 'False', 'empty': 'None', 'cache_selected_only': 'False', 'log_format': 'default', 'debug': 'False', 'fail_fast': 'False', 'partial_parse': 'True', 'send_anonymous_usage_stats': 'True', 'quiet': 'False', 'warn_error': 'None', 'profiles_dir': 'C:\\Users\\eknmeeu\\.dbt', 'use_colors': 'True', 'hints_enabled': 'True', 'indirect_selection': 'eager', 'use_experimental_parser': 'False', 'invocation_command': 'dbt test --select assert_low_lte_open', 'log_path': 'C:\\Users\\eknmeeu\\Downloads\\Py_Neeraj\\DE_P\\dbt\\dbt_crypto\\logs'}
[0m03:04:26.882281 [debug] [MainThread]: Sending event: {'category': 'dbt', 'action': 'project_id', 'label': '1d50ed08-b964-4526-bce9-6390119aac26', 'context': [<snowplow_tracker.self_describing_json.SelfDescribingJson object at 0x0000017D996FA590>]}
[0m03:04:26.992659 [debug] [MainThread]: Sending event: {'category': 'dbt', 'action': 'adapter_info', 'label': '1d50ed08-b964-4526-bce9-6390119aac26', 'context': [<snowplow_tracker.self_describing_json.SelfDescribingJson object at 0x0000017D9C822860>]}
[0m03:04:26.994661 [info ] [MainThread]: Registered adapter: postgres=1.11.0
[0m03:04:27.397219 [debug] [MainThread]: checksum: 15b6814c27264d0629857aab4d824ec3aa97fd3d23a0ccfc8ec203ae2aba15df, vars: {}, profile: dbt_crypto, target: dev, version: 1.12.3
[0m03:04:27.686680 [debug] [MainThread]: Partial parsing enabled: 0 files deleted, 0 files added, 0 files changed.
[0m03:04:27.687679 [debug] [MainThread]: Nothing changed, skipping partial parsing.
[0m03:04:27.688683 [debug] [MainThread]: Partial parsing enabled, no changes found, skipping parsing
[0m03:04:27.699008 [debug] [MainThread]: Sending event: {'category': 'dbt', 'action': 'load_project', 'label': '1d50ed08-b964-4526-bce9-6390119aac26', 'context': [<snowplow_tracker.self_describing_json.SelfDescribingJson object at 0x0000017D9F366950>]}
[0m03:04:27.913470 [debug] [MainThread]: Wrote artifact WritableManifest to C:\Users\eknmeeu\Downloads\Py_Neeraj\DE_P\dbt\dbt_crypto\target\manifest.json
[0m03:04:27.913470 [debug] [MainThread]: Wrote artifact SemanticManifest to C:\Users\eknmeeu\Downloads\Py_Neeraj\DE_P\dbt\dbt_crypto\target\semantic_manifest.json
[0m03:04:27.947651 [debug] [MainThread]: Wrote artifact OsiDocument to C:\Users\eknmeeu\Downloads\Py_Neeraj\DE_P\dbt\dbt_crypto\target\osi_document.json
[0m03:04:27.992054 [debug] [MainThread]: Sending event: {'category': 'dbt', 'action': 'resource_counts', 'label': '1d50ed08-b964-4526-bce9-6390119aac26', 'context': [<snowplow_tracker.self_describing_json.SelfDescribingJson object at 0x0000017D9F2D1540>]}
[0m03:04:27.992054 [info ] [MainThread]: Found 3 models, 20 data tests, 1 source, 477 macros
[0m03:04:27.992054 [debug] [MainThread]: Sending event: {'category': 'dbt', 'action': 'runnable_timing', 'label': '1d50ed08-b964-4526-bce9-6390119aac26', 'context': [<snowplow_tracker.self_describing_json.SelfDescribingJson object at 0x0000017D9F2D30A0>]}
[0m03:04:27.996687 [warn ] [MainThread]: [[33mWARNING[0m]: The selection criterion 'assert_low_lte_open' does not match any enabled nodes
[0m03:04:27.998195 [warn ] [MainThread]: [[33mWARNING[0m]: Nothing to do. Try checking your model configs and model specification args
[0m03:04:28.003239 [debug] [MainThread]: Command end result
[0m03:04:28.051294 [debug] [MainThread]: Wrote artifact WritableManifest to C:\Users\eknmeeu\Downloads\Py_Neeraj\DE_P\dbt\dbt_crypto\target\manifest.json
[0m03:04:28.058291 [debug] [MainThread]: Wrote artifact SemanticManifest to C:\Users\eknmeeu\Downloads\Py_Neeraj\DE_P\dbt\dbt_crypto\target\semantic_manifest.json
[0m03:04:28.065903 [debug] [MainThread]: Wrote artifact OsiDocument to C:\Users\eknmeeu\Downloads\Py_Neeraj\DE_P\dbt\dbt_crypto\target\osi_document.json
[0m03:04:28.067660 [debug] [MainThread]: Wrote artifact RunExecutionResult to C:\Users\eknmeeu\Downloads\Py_Neeraj\DE_P\dbt\dbt_crypto\target\run_results.json
[0m03:04:28.067660 [debug] [MainThread]: Command `dbt test` succeeded at 03:04:28.067660 after 1.86 seconds
[0m03:04:28.067660 [debug] [MainThread]: Sending event: {'category': 'dbt', 'action': 'invocation', 'label': 'end', 'context': [<snowplow_tracker.self_describing_json.SelfDescribingJson object at 0x0000017D9B37B5E0>, <snowplow_tracker.self_describing_json.SelfDescribingJson object at 0x0000017D9C822860>, <snowplow_tracker.self_describing_json.SelfDescribingJson object at 0x0000017D9F2FCC40>]}
[0m03:04:28.067660 [debug] [MainThread]: Flushing usage events
[0m03:04:29.542535 [debug] [MainThread]: An error was encountered while trying to flush usage events
[0m03:05:22.836350 [debug] [MainThread]: Sending event: {'category': 'dbt', 'action': 'invocation', 'label': 'start', 'context': [<snowplow_tracker.self_describing_json.SelfDescribingJson object at 0x00000255840BB550>, <snowplow_tracker.self_describing_json.SelfDescribingJson object at 0x0000025585924C70>, <snowplow_tracker.self_describing_json.SelfDescribingJson object at 0x0000025585924A90>]}


============================== 03:05:22.843367 | cb76671c-9242-4f68-97e3-fea30b59ad60 ==============================
[0m03:05:22.843367 [info ] [MainThread]: Running with dbt=1.12.3
[0m03:05:22.845098 [debug] [MainThread]: running dbt with arguments {'version_check': 'True', 'no_print': 'None', 'maximum_seed_size_mib': '1', 'warn_error_options': 'WarnErrorOptionsV2(error=[], warn=[], silence=[])', 'target_path': 'None', 'static_parser': 'True', 'printer_width': '80', 'write_json': 'True', 'introspect': 'True', 'log_cache_events': 'False', 'empty': 'None', 'cache_selected_only': 'False', 'fail_fast': 'False', 'debug': 'False', 'log_format': 'default', 'partial_parse': 'True', 'send_anonymous_usage_stats': 'True', 'quiet': 'False', 'warn_error': 'None', 'profiles_dir': 'C:\\Users\\eknmeeu\\.dbt', 'use_colors': 'True', 'hints_enabled': 'True', 'invocation_command': 'dbt test --select assert_low_lte_open', 'use_experimental_parser': 'False', 'indirect_selection': 'eager', 'log_path': 'C:\\Users\\eknmeeu\\Downloads\\Py_Neeraj\\DE_P\\dbt\\dbt_crypto\\logs'}
[0m03:05:23.167173 [debug] [MainThread]: Sending event: {'category': 'dbt', 'action': 'project_id', 'label': 'cb76671c-9242-4f68-97e3-fea30b59ad60', 'context': [<snowplow_tracker.self_describing_json.SelfDescribingJson object at 0x0000025585874C40>]}
[0m03:05:23.317254 [debug] [MainThread]: Sending event: {'category': 'dbt', 'action': 'adapter_info', 'label': 'cb76671c-9242-4f68-97e3-fea30b59ad60', 'context': [<snowplow_tracker.self_describing_json.SelfDescribingJson object at 0x0000025585925630>]}
[0m03:05:23.330958 [info ] [MainThread]: Registered adapter: postgres=1.11.0
[0m03:05:23.721271 [debug] [MainThread]: checksum: 15b6814c27264d0629857aab4d824ec3aa97fd3d23a0ccfc8ec203ae2aba15df, vars: {}, profile: dbt_crypto, target: dev, version: 1.12.3
[0m03:05:24.020648 [debug] [MainThread]: Partial parsing enabled: 0 files deleted, 1 files added, 0 files changed.
[0m03:05:24.020648 [debug] [MainThread]: Partial parsing: added file: dbt_crypto://tests\assert_low_lte_open.sql
[0m03:05:24.283916 [debug] [MainThread]: Sending event: {'category': 'dbt', 'action': 'load_project', 'label': 'cb76671c-9242-4f68-97e3-fea30b59ad60', 'context': [<snowplow_tracker.self_describing_json.SelfDescribingJson object at 0x00000255871224D0>]}
[0m03:05:24.466404 [debug] [MainThread]: Wrote artifact WritableManifest to C:\Users\eknmeeu\Downloads\Py_Neeraj\DE_P\dbt\dbt_crypto\target\manifest.json
[0m03:05:24.474448 [debug] [MainThread]: Wrote artifact SemanticManifest to C:\Users\eknmeeu\Downloads\Py_Neeraj\DE_P\dbt\dbt_crypto\target\semantic_manifest.json
[0m03:05:24.528833 [debug] [MainThread]: Wrote artifact OsiDocument to C:\Users\eknmeeu\Downloads\Py_Neeraj\DE_P\dbt\dbt_crypto\target\osi_document.json
[0m03:05:24.564299 [debug] [MainThread]: Sending event: {'category': 'dbt', 'action': 'resource_counts', 'label': 'cb76671c-9242-4f68-97e3-fea30b59ad60', 'context': [<snowplow_tracker.self_describing_json.SelfDescribingJson object at 0x0000025587159B10>]}
[0m03:05:24.565287 [info ] [MainThread]: Found 3 models, 21 data tests, 1 source, 477 macros
[0m03:05:24.566260 [debug] [MainThread]: Sending event: {'category': 'dbt', 'action': 'runnable_timing', 'label': 'cb76671c-9242-4f68-97e3-fea30b59ad60', 'context': [<snowplow_tracker.self_describing_json.SelfDescribingJson object at 0x000002558715BD90>]}
[0m03:05:24.568208 [info ] [MainThread]: 
[0m03:05:24.570210 [info ] [MainThread]: Concurrency: 4 threads (target='dev')
[0m03:05:24.572207 [info ] [MainThread]: 
[0m03:05:24.573235 [debug] [MainThread]: Acquiring new postgres connection 'master'
[0m03:05:24.583261 [debug] [ThreadPool]: Acquiring new postgres connection 'list_neondb_analytics'
[0m03:05:25.845087 [debug] [ThreadPool]: Using postgres connection "list_neondb_analytics"
[0m03:05:25.846125 [debug] [ThreadPool]: On list_neondb_analytics: /* {"app": "dbt", "dbt_version": "1.12.3", "profile_name": "dbt_crypto", "target_name": "dev", "connection_name": "list_neondb_analytics"} */
select
      'neondb' as database,
      tablename as name,
      schemaname as schema,
      'table' as type
    from pg_tables
    where schemaname ilike 'analytics'
    union all
    select
      'neondb' as database,
      viewname as name,
      schemaname as schema,
      'view' as type
    from pg_views
    where schemaname ilike 'analytics'
    union all
    select
      'neondb' as database,
      matviewname as name,
      schemaname as schema,
      'materialized_view' as type
    from pg_matviews
    where schemaname ilike 'analytics'
    union all
    select distinct
     'neondb' as database,
     proname as name,
     ns.nspname as schema,
     'function' as type
    from pg_proc
     join pg_namespace as ns on pronamespace = ns.oid
    where ns.nspname ilike 'analytics'
  
[0m03:05:25.850299 [debug] [ThreadPool]: Opening a new connection, currently in state init
[0m03:05:27.912051 [debug] [ThreadPool]: SQL status: SELECT 3 in 2.062 seconds
[0m03:05:27.915070 [debug] [ThreadPool]: On list_neondb_analytics: ROLLBACK
[0m03:05:28.153203 [debug] [ThreadPool]: On list_neondb_analytics: Close
[0m03:05:28.159914 [debug] [MainThread]: Using postgres connection "master"
[0m03:05:28.161144 [debug] [MainThread]: On master: /* {"app": "dbt", "dbt_version": "1.12.3", "profile_name": "dbt_crypto", "target_name": "dev", "connection_name": "master"} */
select distinct
        dependent_namespace.nspname as dependent_schema,
        dependent_class.relname as dependent_name,
        referenced_namespace.nspname as referenced_schema,
        referenced_class.relname as referenced_name

    -- Query for views: views are entries in pg_class with an entry in pg_rewrite, but we avoid
    -- a seq scan on pg_rewrite by leveraging the fact there is an "internal" row in pg_depend for
    -- the view...
    from pg_class as dependent_class
    join pg_namespace as dependent_namespace on dependent_namespace.oid = dependent_class.relnamespace
    join pg_depend as dependent_depend on dependent_depend.refobjid = dependent_class.oid
        and dependent_depend.classid = 'pg_rewrite'::regclass
        and dependent_depend.refclassid = 'pg_class'::regclass
        and dependent_depend.deptype = 'i'

    -- ... and via pg_depend (that has a row per column, hence the need for "distinct" above, and
    -- making sure to exclude the internal row to avoid a view appearing to depend on itself)...
    join pg_depend as joining_depend on joining_depend.objid = dependent_depend.objid
        and joining_depend.classid = 'pg_rewrite'::regclass
        and joining_depend.refclassid = 'pg_class'::regclass
        and joining_depend.refobjid != dependent_depend.refobjid

    -- ... we can find the tables they query from in pg_class, but excluding system tables. Note we
    -- don't need need to exclude _dependent_ system tables, because they only query from other
    -- system tables, and so are automatically excluded by excluding _referenced_ system tables
    join pg_class as referenced_class on referenced_class.oid = joining_depend.refobjid
    join pg_namespace as referenced_namespace on referenced_namespace.oid = referenced_class.relnamespace
        and referenced_namespace.nspname != 'information_schema'
        and referenced_namespace.nspname not like 'pg\_%'

    order by
        dependent_schema, dependent_name, referenced_schema, referenced_name;
[0m03:05:28.161144 [debug] [MainThread]: Opening a new connection, currently in state init
[0m03:05:30.170661 [debug] [MainThread]: SQL status: SELECT 3 in 2.009 seconds
[0m03:05:30.172648 [debug] [MainThread]: Sending event: {'category': 'dbt', 'action': 'runnable_timing', 'label': 'cb76671c-9242-4f68-97e3-fea30b59ad60', 'context': [<snowplow_tracker.self_describing_json.SelfDescribingJson object at 0x00000255870955A0>]}
[0m03:05:30.173668 [debug] [MainThread]: On master: ROLLBACK
[0m03:05:30.411071 [debug] [MainThread]: On master: COMMIT
[0m03:05:30.411071 [debug] [MainThread]: Using postgres connection "master"
[0m03:05:30.411071 [debug] [MainThread]: On master: COMMIT
[0m03:05:30.916691 [debug] [MainThread]: SQL status: COMMIT in 0.492 seconds
[0m03:05:30.917705 [debug] [MainThread]: On master: Close
[0m03:05:30.925702 [debug] [Thread-1 (]: Began running node test.dbt_crypto.assert_low_lte_open
[0m03:05:30.925702 [info ] [Thread-1 (]: 1 of 1 START test assert_low_lte_open .......................................... [RUN]
[0m03:05:30.927702 [debug] [Thread-1 (]: Acquiring new postgres connection 'test.dbt_crypto.assert_low_lte_open'
[0m03:05:30.927702 [debug] [Thread-1 (]: Began compiling node test.dbt_crypto.assert_low_lte_open
[0m03:05:30.928781 [debug] [Thread-1 (]: Writing injected SQL for node "test.dbt_crypto.assert_low_lte_open"
[0m03:05:30.945990 [debug] [Thread-1 (]: Began executing node test.dbt_crypto.assert_low_lte_open
[0m03:05:30.962450 [debug] [Thread-1 (]: Writing runtime sql for node "test.dbt_crypto.assert_low_lte_open"
[0m03:05:30.962450 [debug] [Thread-1 (]: Using postgres connection "test.dbt_crypto.assert_low_lte_open"
[0m03:05:30.962450 [debug] [Thread-1 (]: On test.dbt_crypto.assert_low_lte_open: /* {"app": "dbt", "dbt_version": "1.12.3", "profile_name": "dbt_crypto", "target_name": "dev", "node_id": "test.dbt_crypto.assert_low_lte_open"} */

    
    select
      count(*) as failures,
      count(*) != 0 as should_warn,
      count(*) != 0 as should_error
    from (
      
    
  SELECT
    symbol,
    interval,
    open_time,
    open,
    low

FROM "neondb"."analytics"."stg_crypto_klines"

WHERE low > open
  
  
      
    ) dbt_internal_test
[0m03:05:30.962450 [debug] [Thread-1 (]: Opening a new connection, currently in state init
[0m03:05:32.908800 [debug] [Thread-1 (]: SQL status: SELECT 1 in 1.946 seconds
[0m03:05:32.924511 [debug] [Thread-1 (]: On test.dbt_crypto.assert_low_lte_open: ROLLBACK
[0m03:05:33.165815 [debug] [Thread-1 (]: On test.dbt_crypto.assert_low_lte_open: Close
[0m03:05:33.165815 [info ] [Thread-1 (]: 1 of 1 PASS assert_low_lte_open ................................................ [[32mPASS[0m in 2.24s]
[0m03:05:33.165815 [debug] [Thread-1 (]: Finished running node test.dbt_crypto.assert_low_lte_open
[0m03:05:33.176918 [debug] [MainThread]: On master: COMMIT
[0m03:05:33.176918 [debug] [MainThread]: Using postgres connection "master"
[0m03:05:33.176918 [debug] [MainThread]: On master: COMMIT
[0m03:05:33.176918 [debug] [MainThread]: Opening a new connection, currently in state closed
[0m03:05:35.201996 [debug] [MainThread]: SQL status: COMMIT in 2.022 seconds
[0m03:05:35.201996 [debug] [MainThread]: On master: Close
[0m03:05:35.206019 [debug] [MainThread]: Connection 'master' was properly closed.
[0m03:05:35.206019 [debug] [MainThread]: Connection 'list_neondb_analytics' was properly closed.
[0m03:05:35.206019 [debug] [MainThread]: Connection 'test.dbt_crypto.assert_low_lte_open' was properly closed.
[0m03:05:35.208026 [info ] [MainThread]: 
[0m03:05:35.208026 [info ] [MainThread]: Finished running 1 test in 0 hours 0 minutes and 10.63 seconds (10.63s).
[0m03:05:35.208026 [debug] [MainThread]: Command end result
[0m03:05:35.254387 [debug] [MainThread]: Wrote artifact WritableManifest to C:\Users\eknmeeu\Downloads\Py_Neeraj\DE_P\dbt\dbt_crypto\target\manifest.json
[0m03:05:35.260701 [debug] [MainThread]: Wrote artifact SemanticManifest to C:\Users\eknmeeu\Downloads\Py_Neeraj\DE_P\dbt\dbt_crypto\target\semantic_manifest.json
[0m03:05:35.266861 [debug] [MainThread]: Wrote artifact OsiDocument to C:\Users\eknmeeu\Downloads\Py_Neeraj\DE_P\dbt\dbt_crypto\target\osi_document.json
[0m03:05:35.277805 [debug] [MainThread]: Wrote artifact RunExecutionResult to C:\Users\eknmeeu\Downloads\Py_Neeraj\DE_P\dbt\dbt_crypto\target\run_results.json
[0m03:05:35.277805 [info ] [MainThread]: 
[0m03:05:35.278805 [info ] [MainThread]: [32mCompleted successfully[0m
[0m03:05:35.279805 [info ] [MainThread]: 
[0m03:05:35.280907 [info ] [MainThread]: Done. PASS=1 WARN=0 ERROR=0 SKIP=0 NO-OP=0 REUSED=0 TOTAL=1
[0m03:05:35.282897 [debug] [MainThread]: Command `dbt test` succeeded at 03:05:35.282897 after 12.84 seconds
[0m03:05:35.283816 [debug] [MainThread]: Sending event: {'category': 'dbt', 'action': 'invocation', 'label': 'end', 'context': [<snowplow_tracker.self_describing_json.SelfDescribingJson object at 0x00000255840BB550>, <snowplow_tracker.self_describing_json.SelfDescribingJson object at 0x0000025584BEE590>, <snowplow_tracker.self_describing_json.SelfDescribingJson object at 0x00000255858E3700>]}
[0m03:05:35.284805 [debug] [MainThread]: Flushing usage events
[0m03:05:37.435536 [debug] [MainThread]: An error was encountered while trying to flush usage events
[0m03:06:17.876198 [debug] [MainThread]: Sending event: {'category': 'dbt', 'action': 'invocation', 'label': 'start', 'context': [<snowplow_tracker.self_describing_json.SelfDescribingJson object at 0x000001AD7FDEB610>, <snowplow_tracker.self_describing_json.SelfDescribingJson object at 0x000001AD01844D00>, <snowplow_tracker.self_describing_json.SelfDescribingJson object at 0x000001AD01844B20>]}


============================== 03:06:17.884160 | b29b1aad-f134-47d2-b77c-979b5a4672bc ==============================
[0m03:06:17.884160 [info ] [MainThread]: Running with dbt=1.12.3
[0m03:06:17.884160 [debug] [MainThread]: running dbt with arguments {'version_check': 'True', 'no_print': 'None', 'static_parser': 'True', 'warn_error_options': 'WarnErrorOptionsV2(error=[], warn=[], silence=[])', 'maximum_seed_size_mib': '1', 'target_path': 'None', 'printer_width': '80', 'write_json': 'True', 'introspect': 'True', 'log_cache_events': 'False', 'empty': 'None', 'cache_selected_only': 'False', 'fail_fast': 'False', 'debug': 'False', 'log_format': 'default', 'profiles_dir': 'C:\\Users\\eknmeeu\\.dbt', 'send_anonymous_usage_stats': 'True', 'quiet': 'False', 'warn_error': 'None', 'partial_parse': 'True', 'invocation_command': 'dbt test --select assert_low_lte_close', 'hints_enabled': 'True', 'indirect_selection': 'eager', 'use_experimental_parser': 'False', 'use_colors': 'True', 'log_path': 'C:\\Users\\eknmeeu\\Downloads\\Py_Neeraj\\DE_P\\dbt\\dbt_crypto\\logs'}
[0m03:06:18.206752 [debug] [MainThread]: Sending event: {'category': 'dbt', 'action': 'project_id', 'label': 'b29b1aad-f134-47d2-b77c-979b5a4672bc', 'context': [<snowplow_tracker.self_describing_json.SelfDescribingJson object at 0x000001AD00A3DD80>]}
[0m03:06:18.342375 [debug] [MainThread]: Sending event: {'category': 'dbt', 'action': 'adapter_info', 'label': 'b29b1aad-f134-47d2-b77c-979b5a4672bc', 'context': [<snowplow_tracker.self_describing_json.SelfDescribingJson object at 0x000001AD01807CA0>]}
[0m03:06:18.345492 [info ] [MainThread]: Registered adapter: postgres=1.11.0
[0m03:06:18.847330 [debug] [MainThread]: checksum: 15b6814c27264d0629857aab4d824ec3aa97fd3d23a0ccfc8ec203ae2aba15df, vars: {}, profile: dbt_crypto, target: dev, version: 1.12.3
[0m03:06:19.142859 [debug] [MainThread]: Partial parsing enabled: 0 files deleted, 0 files added, 0 files changed.
[0m03:06:19.142859 [debug] [MainThread]: Nothing changed, skipping partial parsing.
[0m03:06:19.142859 [debug] [MainThread]: Partial parsing enabled, no changes found, skipping parsing
[0m03:06:19.150216 [debug] [MainThread]: Sending event: {'category': 'dbt', 'action': 'load_project', 'label': 'b29b1aad-f134-47d2-b77c-979b5a4672bc', 'context': [<snowplow_tracker.self_describing_json.SelfDescribingJson object at 0x000001AD02EF8130>]}
[0m03:06:19.383314 [debug] [MainThread]: Wrote artifact WritableManifest to C:\Users\eknmeeu\Downloads\Py_Neeraj\DE_P\dbt\dbt_crypto\target\manifest.json
[0m03:06:19.390092 [debug] [MainThread]: Wrote artifact SemanticManifest to C:\Users\eknmeeu\Downloads\Py_Neeraj\DE_P\dbt\dbt_crypto\target\semantic_manifest.json
[0m03:06:19.429786 [debug] [MainThread]: Wrote artifact OsiDocument to C:\Users\eknmeeu\Downloads\Py_Neeraj\DE_P\dbt\dbt_crypto\target\osi_document.json
[0m03:06:19.460929 [debug] [MainThread]: Sending event: {'category': 'dbt', 'action': 'resource_counts', 'label': 'b29b1aad-f134-47d2-b77c-979b5a4672bc', 'context': [<snowplow_tracker.self_describing_json.SelfDescribingJson object at 0x000001AD02F29AE0>]}
[0m03:06:19.460929 [info ] [MainThread]: Found 3 models, 21 data tests, 1 source, 477 macros
[0m03:06:19.460929 [debug] [MainThread]: Sending event: {'category': 'dbt', 'action': 'runnable_timing', 'label': 'b29b1aad-f134-47d2-b77c-979b5a4672bc', 'context': [<snowplow_tracker.self_describing_json.SelfDescribingJson object at 0x000001AD02F29E10>]}
[0m03:06:19.460929 [warn ] [MainThread]: [[33mWARNING[0m]: The selection criterion 'assert_low_lte_close' does not match any enabled nodes
[0m03:06:19.460929 [warn ] [MainThread]: [[33mWARNING[0m]: Nothing to do. Try checking your model configs and model specification args
[0m03:06:19.470756 [debug] [MainThread]: Command end result
[0m03:06:19.518538 [debug] [MainThread]: Wrote artifact WritableManifest to C:\Users\eknmeeu\Downloads\Py_Neeraj\DE_P\dbt\dbt_crypto\target\manifest.json
[0m03:06:19.525547 [debug] [MainThread]: Wrote artifact SemanticManifest to C:\Users\eknmeeu\Downloads\Py_Neeraj\DE_P\dbt\dbt_crypto\target\semantic_manifest.json
[0m03:06:19.531248 [debug] [MainThread]: Wrote artifact OsiDocument to C:\Users\eknmeeu\Downloads\Py_Neeraj\DE_P\dbt\dbt_crypto\target\osi_document.json
[0m03:06:19.537254 [debug] [MainThread]: Wrote artifact RunExecutionResult to C:\Users\eknmeeu\Downloads\Py_Neeraj\DE_P\dbt\dbt_crypto\target\run_results.json
[0m03:06:19.538352 [debug] [MainThread]: Command `dbt test` succeeded at 03:06:19.538352 after 2.36 seconds
[0m03:06:19.539354 [debug] [MainThread]: Sending event: {'category': 'dbt', 'action': 'invocation', 'label': 'end', 'context': [<snowplow_tracker.self_describing_json.SelfDescribingJson object at 0x000001AD7FDEB610>, <snowplow_tracker.self_describing_json.SelfDescribingJson object at 0x000001AD02E61300>, <snowplow_tracker.self_describing_json.SelfDescribingJson object at 0x000001AD018EECE0>]}
[0m03:06:19.540288 [debug] [MainThread]: Flushing usage events
[0m03:06:20.514458 [debug] [MainThread]: An error was encountered while trying to flush usage events
[0m03:07:21.750381 [debug] [MainThread]: Sending event: {'category': 'dbt', 'action': 'invocation', 'label': 'start', 'context': [<snowplow_tracker.self_describing_json.SelfDescribingJson object at 0x000001EE18C5B5E0>, <snowplow_tracker.self_describing_json.SelfDescribingJson object at 0x000001EE1B494D00>, <snowplow_tracker.self_describing_json.SelfDescribingJson object at 0x000001EE1B494B20>]}


============================== 03:07:21.752124 | af7e30f0-44d2-4510-81bd-a030fa13af92 ==============================
[0m03:07:21.752124 [info ] [MainThread]: Running with dbt=1.12.3
[0m03:07:21.760055 [debug] [MainThread]: running dbt with arguments {'maximum_seed_size_mib': '1', 'no_print': 'None', 'static_parser': 'True', 'target_path': 'None', 'version_check': 'True', 'warn_error_options': 'WarnErrorOptionsV2(error=[], warn=[], silence=[])', 'printer_width': '80', 'write_json': 'True', 'empty': 'None', 'log_cache_events': 'False', 'introspect': 'True', 'cache_selected_only': 'False', 'log_format': 'default', 'debug': 'False', 'fail_fast': 'False', 'partial_parse': 'True', 'send_anonymous_usage_stats': 'True', 'quiet': 'False', 'warn_error': 'None', 'profiles_dir': 'C:\\Users\\eknmeeu\\.dbt', 'use_colors': 'True', 'hints_enabled': 'True', 'indirect_selection': 'eager', 'use_experimental_parser': 'False', 'invocation_command': 'dbt test --select assert_low_lte_close', 'log_path': 'C:\\Users\\eknmeeu\\Downloads\\Py_Neeraj\\DE_P\\dbt\\dbt_crypto\\logs'}
[0m03:07:22.087684 [debug] [MainThread]: Sending event: {'category': 'dbt', 'action': 'project_id', 'label': 'af7e30f0-44d2-4510-81bd-a030fa13af92', 'context': [<snowplow_tracker.self_describing_json.SelfDescribingJson object at 0x000001EE1701A590>]}
[0m03:07:22.266270 [debug] [MainThread]: Sending event: {'category': 'dbt', 'action': 'adapter_info', 'label': 'af7e30f0-44d2-4510-81bd-a030fa13af92', 'context': [<snowplow_tracker.self_describing_json.SelfDescribingJson object at 0x000001EE1A106860>]}
[0m03:07:22.268279 [info ] [MainThread]: Registered adapter: postgres=1.11.0
[0m03:07:22.689237 [debug] [MainThread]: checksum: 15b6814c27264d0629857aab4d824ec3aa97fd3d23a0ccfc8ec203ae2aba15df, vars: {}, profile: dbt_crypto, target: dev, version: 1.12.3
[0m03:07:22.974627 [debug] [MainThread]: Partial parsing enabled: 0 files deleted, 1 files added, 0 files changed.
[0m03:07:22.974964 [debug] [MainThread]: Partial parsing: added file: dbt_crypto://tests\assert_low_lte_close.sql
[0m03:07:23.229280 [debug] [MainThread]: Sending event: {'category': 'dbt', 'action': 'load_project', 'label': 'af7e30f0-44d2-4510-81bd-a030fa13af92', 'context': [<snowplow_tracker.self_describing_json.SelfDescribingJson object at 0x000001EE1CCE7B80>]}
[0m03:07:23.386221 [debug] [MainThread]: Wrote artifact WritableManifest to C:\Users\eknmeeu\Downloads\Py_Neeraj\DE_P\dbt\dbt_crypto\target\manifest.json
[0m03:07:23.392990 [debug] [MainThread]: Wrote artifact SemanticManifest to C:\Users\eknmeeu\Downloads\Py_Neeraj\DE_P\dbt\dbt_crypto\target\semantic_manifest.json
[0m03:07:23.432481 [debug] [MainThread]: Wrote artifact OsiDocument to C:\Users\eknmeeu\Downloads\Py_Neeraj\DE_P\dbt\dbt_crypto\target\osi_document.json
[0m03:07:23.456475 [debug] [MainThread]: Sending event: {'category': 'dbt', 'action': 'resource_counts', 'label': 'af7e30f0-44d2-4510-81bd-a030fa13af92', 'context': [<snowplow_tracker.self_describing_json.SelfDescribingJson object at 0x000001EE1CD0C160>]}
[0m03:07:23.463582 [info ] [MainThread]: Found 3 models, 22 data tests, 1 source, 477 macros
[0m03:07:23.463582 [debug] [MainThread]: Sending event: {'category': 'dbt', 'action': 'runnable_timing', 'label': 'af7e30f0-44d2-4510-81bd-a030fa13af92', 'context': [<snowplow_tracker.self_describing_json.SelfDescribingJson object at 0x000001EE1CD0E2F0>]}
[0m03:07:23.463582 [info ] [MainThread]: 
[0m03:07:23.463582 [info ] [MainThread]: Concurrency: 4 threads (target='dev')
[0m03:07:23.463582 [info ] [MainThread]: 
[0m03:07:23.463582 [debug] [MainThread]: Acquiring new postgres connection 'master'
[0m03:07:23.475406 [debug] [ThreadPool]: Acquiring new postgres connection 'list_neondb_analytics'
[0m03:07:23.751966 [debug] [ThreadPool]: Using postgres connection "list_neondb_analytics"
[0m03:07:23.751966 [debug] [ThreadPool]: On list_neondb_analytics: /* {"app": "dbt", "dbt_version": "1.12.3", "profile_name": "dbt_crypto", "target_name": "dev", "connection_name": "list_neondb_analytics"} */
select
      'neondb' as database,
      tablename as name,
      schemaname as schema,
      'table' as type
    from pg_tables
    where schemaname ilike 'analytics'
    union all
    select
      'neondb' as database,
      viewname as name,
      schemaname as schema,
      'view' as type
    from pg_views
    where schemaname ilike 'analytics'
    union all
    select
      'neondb' as database,
      matviewname as name,
      schemaname as schema,
      'materialized_view' as type
    from pg_matviews
    where schemaname ilike 'analytics'
    union all
    select distinct
     'neondb' as database,
     proname as name,
     ns.nspname as schema,
     'function' as type
    from pg_proc
     join pg_namespace as ns on pronamespace = ns.oid
    where ns.nspname ilike 'analytics'
  
[0m03:07:23.752961 [debug] [ThreadPool]: Opening a new connection, currently in state init
[0m03:07:26.623270 [debug] [ThreadPool]: SQL status: SELECT 3 in 2.870 seconds
[0m03:07:26.628180 [debug] [ThreadPool]: On list_neondb_analytics: ROLLBACK
[0m03:07:26.868063 [debug] [ThreadPool]: On list_neondb_analytics: Close
[0m03:07:26.874071 [debug] [MainThread]: Using postgres connection "master"
[0m03:07:26.875061 [debug] [MainThread]: On master: /* {"app": "dbt", "dbt_version": "1.12.3", "profile_name": "dbt_crypto", "target_name": "dev", "connection_name": "master"} */
select distinct
        dependent_namespace.nspname as dependent_schema,
        dependent_class.relname as dependent_name,
        referenced_namespace.nspname as referenced_schema,
        referenced_class.relname as referenced_name

    -- Query for views: views are entries in pg_class with an entry in pg_rewrite, but we avoid
    -- a seq scan on pg_rewrite by leveraging the fact there is an "internal" row in pg_depend for
    -- the view...
    from pg_class as dependent_class
    join pg_namespace as dependent_namespace on dependent_namespace.oid = dependent_class.relnamespace
    join pg_depend as dependent_depend on dependent_depend.refobjid = dependent_class.oid
        and dependent_depend.classid = 'pg_rewrite'::regclass
        and dependent_depend.refclassid = 'pg_class'::regclass
        and dependent_depend.deptype = 'i'

    -- ... and via pg_depend (that has a row per column, hence the need for "distinct" above, and
    -- making sure to exclude the internal row to avoid a view appearing to depend on itself)...
    join pg_depend as joining_depend on joining_depend.objid = dependent_depend.objid
        and joining_depend.classid = 'pg_rewrite'::regclass
        and joining_depend.refclassid = 'pg_class'::regclass
        and joining_depend.refobjid != dependent_depend.refobjid

    -- ... we can find the tables they query from in pg_class, but excluding system tables. Note we
    -- don't need need to exclude _dependent_ system tables, because they only query from other
    -- system tables, and so are automatically excluded by excluding _referenced_ system tables
    join pg_class as referenced_class on referenced_class.oid = joining_depend.refobjid
    join pg_namespace as referenced_namespace on referenced_namespace.oid = referenced_class.relnamespace
        and referenced_namespace.nspname != 'information_schema'
        and referenced_namespace.nspname not like 'pg\_%'

    order by
        dependent_schema, dependent_name, referenced_schema, referenced_name;
[0m03:07:26.876067 [debug] [MainThread]: Opening a new connection, currently in state init
[0m03:07:28.890222 [debug] [MainThread]: SQL status: SELECT 3 in 2.025 seconds
[0m03:07:28.906093 [debug] [MainThread]: Sending event: {'category': 'dbt', 'action': 'runnable_timing', 'label': 'af7e30f0-44d2-4510-81bd-a030fa13af92', 'context': [<snowplow_tracker.self_describing_json.SelfDescribingJson object at 0x000001EE1CE25990>]}
[0m03:07:28.906093 [debug] [MainThread]: On master: ROLLBACK
[0m03:07:29.157714 [debug] [MainThread]: On master: COMMIT
[0m03:07:29.159805 [debug] [MainThread]: Using postgres connection "master"
[0m03:07:29.160805 [debug] [MainThread]: On master: COMMIT
[0m03:07:29.672381 [debug] [MainThread]: SQL status: COMMIT in 0.511 seconds
[0m03:07:29.675386 [debug] [MainThread]: On master: Close
[0m03:07:29.687385 [debug] [Thread-1 (]: Began running node test.dbt_crypto.assert_low_lte_close
[0m03:07:29.689385 [info ] [Thread-1 (]: 1 of 1 START test assert_low_lte_close ......................................... [RUN]
[0m03:07:29.692384 [debug] [Thread-1 (]: Acquiring new postgres connection 'test.dbt_crypto.assert_low_lte_close'
[0m03:07:29.694385 [debug] [Thread-1 (]: Began compiling node test.dbt_crypto.assert_low_lte_close
[0m03:07:29.701385 [debug] [Thread-1 (]: Writing injected SQL for node "test.dbt_crypto.assert_low_lte_close"
[0m03:07:29.706383 [debug] [Thread-1 (]: Began executing node test.dbt_crypto.assert_low_lte_close
[0m03:07:29.749445 [debug] [Thread-1 (]: Writing runtime sql for node "test.dbt_crypto.assert_low_lte_close"
[0m03:07:29.751456 [debug] [Thread-1 (]: Using postgres connection "test.dbt_crypto.assert_low_lte_close"
[0m03:07:29.757152 [debug] [Thread-1 (]: On test.dbt_crypto.assert_low_lte_close: /* {"app": "dbt", "dbt_version": "1.12.3", "profile_name": "dbt_crypto", "target_name": "dev", "node_id": "test.dbt_crypto.assert_low_lte_close"} */

    
    select
      count(*) as failures,
      count(*) != 0 as should_warn,
      count(*) != 0 as should_error
    from (
      
    
  SELECT
    symbol,
    interval,
    open_time,
    low,
    close

FROM "neondb"."analytics"."stg_crypto_klines"

WHERE low > close
  
  
      
    ) dbt_internal_test
[0m03:07:29.757840 [debug] [Thread-1 (]: Opening a new connection, currently in state init
[0m03:07:31.703662 [debug] [Thread-1 (]: SQL status: SELECT 1 in 1.946 seconds
[0m03:07:31.703662 [debug] [Thread-1 (]: On test.dbt_crypto.assert_low_lte_close: ROLLBACK
[0m03:07:31.949833 [debug] [Thread-1 (]: On test.dbt_crypto.assert_low_lte_close: Close
[0m03:07:31.949833 [info ] [Thread-1 (]: 1 of 1 PASS assert_low_lte_close ............................................... [[32mPASS[0m in 2.26s]
[0m03:07:31.951841 [debug] [Thread-1 (]: Finished running node test.dbt_crypto.assert_low_lte_close
[0m03:07:31.953850 [debug] [MainThread]: On master: COMMIT
[0m03:07:31.955857 [debug] [MainThread]: Using postgres connection "master"
[0m03:07:31.955857 [debug] [MainThread]: On master: COMMIT
[0m03:07:31.957067 [debug] [MainThread]: Opening a new connection, currently in state closed
[0m03:07:33.905227 [debug] [MainThread]: SQL status: COMMIT in 1.947 seconds
[0m03:07:33.905227 [debug] [MainThread]: On master: Close
[0m03:07:33.907188 [debug] [MainThread]: Connection 'master' was properly closed.
[0m03:07:33.908184 [debug] [MainThread]: Connection 'list_neondb_analytics' was properly closed.
[0m03:07:33.908184 [debug] [MainThread]: Connection 'test.dbt_crypto.assert_low_lte_close' was properly closed.
[0m03:07:33.908184 [info ] [MainThread]: 
[0m03:07:33.908184 [info ] [MainThread]: Finished running 1 test in 0 hours 0 minutes and 10.44 seconds (10.44s).
[0m03:07:33.908184 [debug] [MainThread]: Command end result
[0m03:07:33.954953 [debug] [MainThread]: Wrote artifact WritableManifest to C:\Users\eknmeeu\Downloads\Py_Neeraj\DE_P\dbt\dbt_crypto\target\manifest.json
[0m03:07:33.961241 [debug] [MainThread]: Wrote artifact SemanticManifest to C:\Users\eknmeeu\Downloads\Py_Neeraj\DE_P\dbt\dbt_crypto\target\semantic_manifest.json
[0m03:07:33.962976 [debug] [MainThread]: Wrote artifact OsiDocument to C:\Users\eknmeeu\Downloads\Py_Neeraj\DE_P\dbt\dbt_crypto\target\osi_document.json
[0m03:07:33.978251 [debug] [MainThread]: Wrote artifact RunExecutionResult to C:\Users\eknmeeu\Downloads\Py_Neeraj\DE_P\dbt\dbt_crypto\target\run_results.json
[0m03:07:33.978251 [info ] [MainThread]: 
[0m03:07:33.978251 [info ] [MainThread]: [32mCompleted successfully[0m
[0m03:07:33.978251 [info ] [MainThread]: 
[0m03:07:33.978251 [info ] [MainThread]: Done. PASS=1 WARN=0 ERROR=0 SKIP=0 NO-OP=0 REUSED=0 TOTAL=1
[0m03:07:33.978251 [debug] [MainThread]: Command `dbt test` succeeded at 03:07:33.978251 after 12.72 seconds
[0m03:07:33.978251 [debug] [MainThread]: Sending event: {'category': 'dbt', 'action': 'invocation', 'label': 'end', 'context': [<snowplow_tracker.self_describing_json.SelfDescribingJson object at 0x000001EE18C5B5E0>, <snowplow_tracker.self_describing_json.SelfDescribingJson object at 0x000001EE19FFFC10>, <snowplow_tracker.self_describing_json.SelfDescribingJson object at 0x000001EE1B31E470>]}
[0m03:07:33.978251 [debug] [MainThread]: Flushing usage events
[0m03:07:35.989392 [debug] [MainThread]: An error was encountered while trying to flush usage events
[0m03:08:32.733204 [debug] [MainThread]: Sending event: {'category': 'dbt', 'action': 'invocation', 'label': 'start', 'context': [<snowplow_tracker.self_describing_json.SelfDescribingJson object at 0x000002B990CBB640>, <snowplow_tracker.self_describing_json.SelfDescribingJson object at 0x000002B992524D60>, <snowplow_tracker.self_describing_json.SelfDescribingJson object at 0x000002B992524B80>]}


============================== 03:08:32.740205 | 5690bb00-8d78-4fe4-a533-67ad7891b4b8 ==============================
[0m03:08:32.740205 [info ] [MainThread]: Running with dbt=1.12.3
[0m03:08:32.742204 [debug] [MainThread]: running dbt with arguments {'static_parser': 'True', 'no_print': 'None', 'maximum_seed_size_mib': '1', 'warn_error_options': 'WarnErrorOptionsV2(error=[], warn=[], silence=[])', 'target_path': 'None', 'version_check': 'True', 'printer_width': '80', 'write_json': 'True', 'introspect': 'True', 'log_cache_events': 'False', 'empty': 'None', 'cache_selected_only': 'False', 'fail_fast': 'False', 'debug': 'False', 'log_format': 'default', 'profiles_dir': 'C:\\Users\\eknmeeu\\.dbt', 'send_anonymous_usage_stats': 'True', 'quiet': 'False', 'warn_error': 'None', 'partial_parse': 'True', 'invocation_command': 'dbt test --select assert_high_gte_low', 'hints_enabled': 'True', 'use_colors': 'True', 'use_experimental_parser': 'False', 'indirect_selection': 'eager', 'log_path': 'C:\\Users\\eknmeeu\\Downloads\\Py_Neeraj\\DE_P\\dbt\\dbt_crypto\\logs'}
[0m03:08:33.087778 [debug] [MainThread]: Sending event: {'category': 'dbt', 'action': 'project_id', 'label': '5690bb00-8d78-4fe4-a533-67ad7891b4b8', 'context': [<snowplow_tracker.self_describing_json.SelfDescribingJson object at 0x000002B992525870>]}
[0m03:08:33.197706 [debug] [MainThread]: Sending event: {'category': 'dbt', 'action': 'adapter_info', 'label': '5690bb00-8d78-4fe4-a533-67ad7891b4b8', 'context': [<snowplow_tracker.self_describing_json.SelfDescribingJson object at 0x000002B991062800>]}
[0m03:08:33.197706 [info ] [MainThread]: Registered adapter: postgres=1.11.0
[0m03:08:33.588457 [debug] [MainThread]: checksum: 15b6814c27264d0629857aab4d824ec3aa97fd3d23a0ccfc8ec203ae2aba15df, vars: {}, profile: dbt_crypto, target: dev, version: 1.12.3
[0m03:08:33.947861 [debug] [MainThread]: Partial parsing enabled: 0 files deleted, 1 files added, 0 files changed.
[0m03:08:33.947861 [debug] [MainThread]: Partial parsing: added file: dbt_crypto://tests\assert_high_gte_low.sql
[0m03:08:34.268637 [debug] [MainThread]: Sending event: {'category': 'dbt', 'action': 'load_project', 'label': '5690bb00-8d78-4fe4-a533-67ad7891b4b8', 'context': [<snowplow_tracker.self_describing_json.SelfDescribingJson object at 0x000002B993D48610>]}
[0m03:08:34.639200 [debug] [MainThread]: Wrote artifact WritableManifest to C:\Users\eknmeeu\Downloads\Py_Neeraj\DE_P\dbt\dbt_crypto\target\manifest.json
[0m03:08:34.645611 [debug] [MainThread]: Wrote artifact SemanticManifest to C:\Users\eknmeeu\Downloads\Py_Neeraj\DE_P\dbt\dbt_crypto\target\semantic_manifest.json
[0m03:08:34.704749 [debug] [MainThread]: Wrote artifact OsiDocument to C:\Users\eknmeeu\Downloads\Py_Neeraj\DE_P\dbt\dbt_crypto\target\osi_document.json
[0m03:08:34.740477 [debug] [MainThread]: Sending event: {'category': 'dbt', 'action': 'resource_counts', 'label': '5690bb00-8d78-4fe4-a533-67ad7891b4b8', 'context': [<snowplow_tracker.self_describing_json.SelfDescribingJson object at 0x000002B993EC3280>]}
[0m03:08:34.740477 [info ] [MainThread]: Found 3 models, 23 data tests, 1 source, 477 macros
[0m03:08:34.740477 [debug] [MainThread]: Sending event: {'category': 'dbt', 'action': 'runnable_timing', 'label': '5690bb00-8d78-4fe4-a533-67ad7891b4b8', 'context': [<snowplow_tracker.self_describing_json.SelfDescribingJson object at 0x000002B993EC1180>]}
[0m03:08:34.740477 [info ] [MainThread]: 
[0m03:08:34.740477 [info ] [MainThread]: Concurrency: 4 threads (target='dev')
[0m03:08:34.740477 [info ] [MainThread]: 
[0m03:08:34.740477 [debug] [MainThread]: Acquiring new postgres connection 'master'
[0m03:08:34.756480 [debug] [ThreadPool]: Acquiring new postgres connection 'list_neondb_analytics'
[0m03:08:35.082491 [debug] [ThreadPool]: Using postgres connection "list_neondb_analytics"
[0m03:08:35.083769 [debug] [ThreadPool]: On list_neondb_analytics: /* {"app": "dbt", "dbt_version": "1.12.3", "profile_name": "dbt_crypto", "target_name": "dev", "connection_name": "list_neondb_analytics"} */
select
      'neondb' as database,
      tablename as name,
      schemaname as schema,
      'table' as type
    from pg_tables
    where schemaname ilike 'analytics'
    union all
    select
      'neondb' as database,
      viewname as name,
      schemaname as schema,
      'view' as type
    from pg_views
    where schemaname ilike 'analytics'
    union all
    select
      'neondb' as database,
      matviewname as name,
      schemaname as schema,
      'materialized_view' as type
    from pg_matviews
    where schemaname ilike 'analytics'
    union all
    select distinct
     'neondb' as database,
     proname as name,
     ns.nspname as schema,
     'function' as type
    from pg_proc
     join pg_namespace as ns on pronamespace = ns.oid
    where ns.nspname ilike 'analytics'
  
[0m03:08:35.085768 [debug] [ThreadPool]: Opening a new connection, currently in state init
[0m03:08:37.056422 [debug] [ThreadPool]: SQL status: SELECT 3 in 1.971 seconds
[0m03:08:37.058508 [debug] [ThreadPool]: On list_neondb_analytics: ROLLBACK
[0m03:08:37.288808 [debug] [ThreadPool]: On list_neondb_analytics: Close
[0m03:08:37.288808 [debug] [MainThread]: Using postgres connection "master"
[0m03:08:37.304184 [debug] [MainThread]: On master: /* {"app": "dbt", "dbt_version": "1.12.3", "profile_name": "dbt_crypto", "target_name": "dev", "connection_name": "master"} */
select distinct
        dependent_namespace.nspname as dependent_schema,
        dependent_class.relname as dependent_name,
        referenced_namespace.nspname as referenced_schema,
        referenced_class.relname as referenced_name

    -- Query for views: views are entries in pg_class with an entry in pg_rewrite, but we avoid
    -- a seq scan on pg_rewrite by leveraging the fact there is an "internal" row in pg_depend for
    -- the view...
    from pg_class as dependent_class
    join pg_namespace as dependent_namespace on dependent_namespace.oid = dependent_class.relnamespace
    join pg_depend as dependent_depend on dependent_depend.refobjid = dependent_class.oid
        and dependent_depend.classid = 'pg_rewrite'::regclass
        and dependent_depend.refclassid = 'pg_class'::regclass
        and dependent_depend.deptype = 'i'

    -- ... and via pg_depend (that has a row per column, hence the need for "distinct" above, and
    -- making sure to exclude the internal row to avoid a view appearing to depend on itself)...
    join pg_depend as joining_depend on joining_depend.objid = dependent_depend.objid
        and joining_depend.classid = 'pg_rewrite'::regclass
        and joining_depend.refclassid = 'pg_class'::regclass
        and joining_depend.refobjid != dependent_depend.refobjid

    -- ... we can find the tables they query from in pg_class, but excluding system tables. Note we
    -- don't need need to exclude _dependent_ system tables, because they only query from other
    -- system tables, and so are automatically excluded by excluding _referenced_ system tables
    join pg_class as referenced_class on referenced_class.oid = joining_depend.refobjid
    join pg_namespace as referenced_namespace on referenced_namespace.oid = referenced_class.relnamespace
        and referenced_namespace.nspname != 'information_schema'
        and referenced_namespace.nspname not like 'pg\_%'

    order by
        dependent_schema, dependent_name, referenced_schema, referenced_name;
[0m03:08:37.304184 [debug] [MainThread]: Opening a new connection, currently in state init
[0m03:08:39.229740 [debug] [MainThread]: SQL status: SELECT 3 in 1.925 seconds
[0m03:08:39.234850 [debug] [MainThread]: Sending event: {'category': 'dbt', 'action': 'runnable_timing', 'label': '5690bb00-8d78-4fe4-a533-67ad7891b4b8', 'context': [<snowplow_tracker.self_describing_json.SelfDescribingJson object at 0x000002B993EC3EE0>]}
[0m03:08:39.236762 [debug] [MainThread]: On master: ROLLBACK
[0m03:08:39.467315 [debug] [MainThread]: On master: COMMIT
[0m03:08:39.467315 [debug] [MainThread]: Using postgres connection "master"
[0m03:08:39.467315 [debug] [MainThread]: On master: COMMIT
[0m03:08:39.967380 [debug] [MainThread]: SQL status: COMMIT in 0.484 seconds
[0m03:08:39.968758 [debug] [MainThread]: On master: Close
[0m03:08:39.978617 [debug] [Thread-1 (]: Began running node test.dbt_crypto.assert_high_gte_low
[0m03:08:39.978617 [info ] [Thread-1 (]: 1 of 1 START test assert_high_gte_low .......................................... [RUN]
[0m03:08:39.978617 [debug] [Thread-1 (]: Acquiring new postgres connection 'test.dbt_crypto.assert_high_gte_low'
[0m03:08:39.984330 [debug] [Thread-1 (]: Began compiling node test.dbt_crypto.assert_high_gte_low
[0m03:08:39.996917 [debug] [Thread-1 (]: Writing injected SQL for node "test.dbt_crypto.assert_high_gte_low"
[0m03:08:40.002841 [debug] [Thread-1 (]: Began executing node test.dbt_crypto.assert_high_gte_low
[0m03:08:40.028037 [debug] [Thread-1 (]: Writing runtime sql for node "test.dbt_crypto.assert_high_gte_low"
[0m03:08:40.033017 [debug] [Thread-1 (]: Using postgres connection "test.dbt_crypto.assert_high_gte_low"
[0m03:08:40.034014 [debug] [Thread-1 (]: On test.dbt_crypto.assert_high_gte_low: /* {"app": "dbt", "dbt_version": "1.12.3", "profile_name": "dbt_crypto", "target_name": "dev", "node_id": "test.dbt_crypto.assert_high_gte_low"} */

    
    select
      count(*) as failures,
      count(*) != 0 as should_warn,
      count(*) != 0 as should_error
    from (
      
    
  SELECT
    symbol,
    interval,
    open_time,
    high,
    low

FROM "neondb"."analytics"."stg_crypto_klines"

WHERE high < low
  
  
      
    ) dbt_internal_test
[0m03:08:40.035017 [debug] [Thread-1 (]: Opening a new connection, currently in state init
[0m03:08:41.901310 [debug] [Thread-1 (]: SQL status: SELECT 1 in 1.867 seconds
[0m03:08:41.901310 [debug] [Thread-1 (]: On test.dbt_crypto.assert_high_gte_low: ROLLBACK
[0m03:08:42.143885 [debug] [Thread-1 (]: On test.dbt_crypto.assert_high_gte_low: Close
[0m03:08:42.147953 [info ] [Thread-1 (]: 1 of 1 PASS assert_high_gte_low ................................................ [[32mPASS[0m in 2.17s]
[0m03:08:42.150988 [debug] [Thread-1 (]: Finished running node test.dbt_crypto.assert_high_gte_low
[0m03:08:42.153899 [debug] [MainThread]: On master: COMMIT
[0m03:08:42.154812 [debug] [MainThread]: Using postgres connection "master"
[0m03:08:42.156363 [debug] [MainThread]: On master: COMMIT
[0m03:08:42.156965 [debug] [MainThread]: Opening a new connection, currently in state closed
[0m03:08:44.187069 [debug] [MainThread]: SQL status: COMMIT in 2.030 seconds
[0m03:08:44.187069 [debug] [MainThread]: On master: Close
[0m03:08:44.187069 [debug] [MainThread]: Connection 'master' was properly closed.
[0m03:08:44.187069 [debug] [MainThread]: Connection 'list_neondb_analytics' was properly closed.
[0m03:08:44.187069 [debug] [MainThread]: Connection 'test.dbt_crypto.assert_high_gte_low' was properly closed.
[0m03:08:44.187069 [info ] [MainThread]: 
[0m03:08:44.187069 [info ] [MainThread]: Finished running 1 test in 0 hours 0 minutes and 9.45 seconds (9.45s).
[0m03:08:44.187069 [debug] [MainThread]: Command end result
[0m03:08:44.237637 [debug] [MainThread]: Wrote artifact WritableManifest to C:\Users\eknmeeu\Downloads\Py_Neeraj\DE_P\dbt\dbt_crypto\target\manifest.json
[0m03:08:44.246362 [debug] [MainThread]: Wrote artifact SemanticManifest to C:\Users\eknmeeu\Downloads\Py_Neeraj\DE_P\dbt\dbt_crypto\target\semantic_manifest.json
[0m03:08:44.253363 [debug] [MainThread]: Wrote artifact OsiDocument to C:\Users\eknmeeu\Downloads\Py_Neeraj\DE_P\dbt\dbt_crypto\target\osi_document.json
[0m03:08:44.256503 [debug] [MainThread]: Wrote artifact RunExecutionResult to C:\Users\eknmeeu\Downloads\Py_Neeraj\DE_P\dbt\dbt_crypto\target\run_results.json
[0m03:08:44.256503 [info ] [MainThread]: 
[0m03:08:44.256503 [info ] [MainThread]: [32mCompleted successfully[0m
[0m03:08:44.256503 [info ] [MainThread]: 
[0m03:08:44.268947 [info ] [MainThread]: Done. PASS=1 WARN=0 ERROR=0 SKIP=0 NO-OP=0 REUSED=0 TOTAL=1
[0m03:08:44.271519 [debug] [MainThread]: Command `dbt test` succeeded at 03:08:44.271519 after 11.99 seconds
[0m03:08:44.272529 [debug] [MainThread]: Sending event: {'category': 'dbt', 'action': 'invocation', 'label': 'end', 'context': [<snowplow_tracker.self_describing_json.SelfDescribingJson object at 0x000002B990CBB640>, <snowplow_tracker.self_describing_json.SelfDescribingJson object at 0x000002B9926FF9A0>, <snowplow_tracker.self_describing_json.SelfDescribingJson object at 0x000002B99108C5E0>]}
[0m03:08:44.274527 [debug] [MainThread]: Flushing usage events
[0m03:08:45.595921 [debug] [MainThread]: An error was encountered while trying to flush usage events
[0m03:09:43.344986 [debug] [MainThread]: Sending event: {'category': 'dbt', 'action': 'invocation', 'label': 'start', 'context': [<snowplow_tracker.self_describing_json.SelfDescribingJson object at 0x000002B8962AB610>, <snowplow_tracker.self_describing_json.SelfDescribingJson object at 0x000002B898AE4CA0>, <snowplow_tracker.self_describing_json.SelfDescribingJson object at 0x000002B898AE4AC0>]}


============================== 03:09:43.350836 | 8bbf7922-51e5-4528-9716-9de19718ffca ==============================
[0m03:09:43.350836 [info ] [MainThread]: Running with dbt=1.12.3
[0m03:09:43.351839 [debug] [MainThread]: running dbt with arguments {'static_parser': 'True', 'no_print': 'None', 'version_check': 'True', 'target_path': 'None', 'warn_error_options': 'WarnErrorOptionsV2(error=[], warn=[], silence=[])', 'maximum_seed_size_mib': '1', 'printer_width': '80', 'write_json': 'True', 'introspect': 'True', 'log_cache_events': 'False', 'empty': 'None', 'cache_selected_only': 'False', 'log_format': 'default', 'debug': 'False', 'fail_fast': 'False', 'profiles_dir': 'C:\\Users\\eknmeeu\\.dbt', 'send_anonymous_usage_stats': 'True', 'quiet': 'False', 'warn_error': 'None', 'partial_parse': 'True', 'indirect_selection': 'eager', 'hints_enabled': 'True', 'use_colors': 'True', 'use_experimental_parser': 'False', 'invocation_command': 'dbt test --select assert_volume_non_negative', 'log_path': 'C:\\Users\\eknmeeu\\Downloads\\Py_Neeraj\\DE_P\\dbt\\dbt_crypto\\logs'}
[0m03:09:43.604922 [debug] [MainThread]: Sending event: {'category': 'dbt', 'action': 'project_id', 'label': '8bbf7922-51e5-4528-9716-9de19718ffca', 'context': [<snowplow_tracker.self_describing_json.SelfDescribingJson object at 0x000002B894669360>]}
[0m03:09:43.720534 [debug] [MainThread]: Sending event: {'category': 'dbt', 'action': 'adapter_info', 'label': '8bbf7922-51e5-4528-9716-9de19718ffca', 'context': [<snowplow_tracker.self_describing_json.SelfDescribingJson object at 0x000002B898AE4B80>]}
[0m03:09:43.720534 [info ] [MainThread]: Registered adapter: postgres=1.11.0
[0m03:09:44.177192 [debug] [MainThread]: checksum: 15b6814c27264d0629857aab4d824ec3aa97fd3d23a0ccfc8ec203ae2aba15df, vars: {}, profile: dbt_crypto, target: dev, version: 1.12.3
[0m03:09:44.570159 [debug] [MainThread]: Partial parsing enabled: 0 files deleted, 1 files added, 0 files changed.
[0m03:09:44.570159 [debug] [MainThread]: Partial parsing: added file: dbt_crypto://tests\assert_volume_non_negative.sql
[0m03:09:44.810109 [debug] [MainThread]: Sending event: {'category': 'dbt', 'action': 'load_project', 'label': '8bbf7922-51e5-4528-9716-9de19718ffca', 'context': [<snowplow_tracker.self_describing_json.SelfDescribingJson object at 0x000002B89A302800>]}
[0m03:09:44.983101 [debug] [MainThread]: Wrote artifact WritableManifest to C:\Users\eknmeeu\Downloads\Py_Neeraj\DE_P\dbt\dbt_crypto\target\manifest.json
[0m03:09:44.986756 [debug] [MainThread]: Wrote artifact SemanticManifest to C:\Users\eknmeeu\Downloads\Py_Neeraj\DE_P\dbt\dbt_crypto\target\semantic_manifest.json
[0m03:09:45.033566 [debug] [MainThread]: Wrote artifact OsiDocument to C:\Users\eknmeeu\Downloads\Py_Neeraj\DE_P\dbt\dbt_crypto\target\osi_document.json
[0m03:09:45.069738 [debug] [MainThread]: Sending event: {'category': 'dbt', 'action': 'resource_counts', 'label': '8bbf7922-51e5-4528-9716-9de19718ffca', 'context': [<snowplow_tracker.self_describing_json.SelfDescribingJson object at 0x000002B89A472020>]}
[0m03:09:45.070746 [info ] [MainThread]: Found 3 models, 24 data tests, 1 source, 477 macros
[0m03:09:45.071833 [debug] [MainThread]: Sending event: {'category': 'dbt', 'action': 'runnable_timing', 'label': '8bbf7922-51e5-4528-9716-9de19718ffca', 'context': [<snowplow_tracker.self_describing_json.SelfDescribingJson object at 0x000002B89A470B20>]}
[0m03:09:45.073835 [info ] [MainThread]: 
[0m03:09:45.074745 [info ] [MainThread]: Concurrency: 4 threads (target='dev')
[0m03:09:45.075747 [info ] [MainThread]: 
[0m03:09:45.075747 [debug] [MainThread]: Acquiring new postgres connection 'master'
[0m03:09:45.080831 [debug] [ThreadPool]: Acquiring new postgres connection 'list_neondb_analytics'
[0m03:09:45.359281 [debug] [ThreadPool]: Using postgres connection "list_neondb_analytics"
[0m03:09:45.359281 [debug] [ThreadPool]: On list_neondb_analytics: /* {"app": "dbt", "dbt_version": "1.12.3", "profile_name": "dbt_crypto", "target_name": "dev", "connection_name": "list_neondb_analytics"} */
select
      'neondb' as database,
      tablename as name,
      schemaname as schema,
      'table' as type
    from pg_tables
    where schemaname ilike 'analytics'
    union all
    select
      'neondb' as database,
      viewname as name,
      schemaname as schema,
      'view' as type
    from pg_views
    where schemaname ilike 'analytics'
    union all
    select
      'neondb' as database,
      matviewname as name,
      schemaname as schema,
      'materialized_view' as type
    from pg_matviews
    where schemaname ilike 'analytics'
    union all
    select distinct
     'neondb' as database,
     proname as name,
     ns.nspname as schema,
     'function' as type
    from pg_proc
     join pg_namespace as ns on pronamespace = ns.oid
    where ns.nspname ilike 'analytics'
  
[0m03:09:45.367189 [debug] [ThreadPool]: Opening a new connection, currently in state init
[0m03:09:47.516689 [debug] [ThreadPool]: SQL status: SELECT 3 in 2.149 seconds
[0m03:09:47.519667 [debug] [ThreadPool]: On list_neondb_analytics: ROLLBACK
[0m03:09:47.774735 [debug] [ThreadPool]: On list_neondb_analytics: Close
[0m03:09:47.784862 [debug] [MainThread]: Using postgres connection "master"
[0m03:09:47.786262 [debug] [MainThread]: On master: /* {"app": "dbt", "dbt_version": "1.12.3", "profile_name": "dbt_crypto", "target_name": "dev", "connection_name": "master"} */
select distinct
        dependent_namespace.nspname as dependent_schema,
        dependent_class.relname as dependent_name,
        referenced_namespace.nspname as referenced_schema,
        referenced_class.relname as referenced_name

    -- Query for views: views are entries in pg_class with an entry in pg_rewrite, but we avoid
    -- a seq scan on pg_rewrite by leveraging the fact there is an "internal" row in pg_depend for
    -- the view...
    from pg_class as dependent_class
    join pg_namespace as dependent_namespace on dependent_namespace.oid = dependent_class.relnamespace
    join pg_depend as dependent_depend on dependent_depend.refobjid = dependent_class.oid
        and dependent_depend.classid = 'pg_rewrite'::regclass
        and dependent_depend.refclassid = 'pg_class'::regclass
        and dependent_depend.deptype = 'i'

    -- ... and via pg_depend (that has a row per column, hence the need for "distinct" above, and
    -- making sure to exclude the internal row to avoid a view appearing to depend on itself)...
    join pg_depend as joining_depend on joining_depend.objid = dependent_depend.objid
        and joining_depend.classid = 'pg_rewrite'::regclass
        and joining_depend.refclassid = 'pg_class'::regclass
        and joining_depend.refobjid != dependent_depend.refobjid

    -- ... we can find the tables they query from in pg_class, but excluding system tables. Note we
    -- don't need need to exclude _dependent_ system tables, because they only query from other
    -- system tables, and so are automatically excluded by excluding _referenced_ system tables
    join pg_class as referenced_class on referenced_class.oid = joining_depend.refobjid
    join pg_namespace as referenced_namespace on referenced_namespace.oid = referenced_class.relnamespace
        and referenced_namespace.nspname != 'information_schema'
        and referenced_namespace.nspname not like 'pg\_%'

    order by
        dependent_schema, dependent_name, referenced_schema, referenced_name;
[0m03:09:47.786262 [debug] [MainThread]: Opening a new connection, currently in state init
[0m03:09:49.861571 [debug] [MainThread]: SQL status: SELECT 3 in 2.074 seconds
[0m03:09:49.865586 [debug] [MainThread]: Sending event: {'category': 'dbt', 'action': 'runnable_timing', 'label': '8bbf7922-51e5-4528-9716-9de19718ffca', 'context': [<snowplow_tracker.self_describing_json.SelfDescribingJson object at 0x000002B89A470C40>]}
[0m03:09:49.866620 [debug] [MainThread]: On master: ROLLBACK
[0m03:09:50.137964 [debug] [MainThread]: On master: COMMIT
[0m03:09:50.139998 [debug] [MainThread]: Using postgres connection "master"
[0m03:09:50.141997 [debug] [MainThread]: On master: COMMIT
[0m03:09:50.643695 [debug] [MainThread]: SQL status: COMMIT in 0.500 seconds
[0m03:09:50.645719 [debug] [MainThread]: On master: Close
[0m03:09:50.656072 [debug] [Thread-1 (]: Began running node test.dbt_crypto.assert_volume_non_negative
[0m03:09:50.657105 [info ] [Thread-1 (]: 1 of 1 START test assert_volume_non_negative ................................... [RUN]
[0m03:09:50.659078 [debug] [Thread-1 (]: Acquiring new postgres connection 'test.dbt_crypto.assert_volume_non_negative'
[0m03:09:50.659078 [debug] [Thread-1 (]: Began compiling node test.dbt_crypto.assert_volume_non_negative
[0m03:09:50.665077 [debug] [Thread-1 (]: Writing injected SQL for node "test.dbt_crypto.assert_volume_non_negative"
[0m03:09:50.668091 [debug] [Thread-1 (]: Began executing node test.dbt_crypto.assert_volume_non_negative
[0m03:09:50.687622 [debug] [Thread-1 (]: Writing runtime sql for node "test.dbt_crypto.assert_volume_non_negative"
[0m03:09:50.687622 [debug] [Thread-1 (]: Using postgres connection "test.dbt_crypto.assert_volume_non_negative"
[0m03:09:50.687622 [debug] [Thread-1 (]: On test.dbt_crypto.assert_volume_non_negative: /* {"app": "dbt", "dbt_version": "1.12.3", "profile_name": "dbt_crypto", "target_name": "dev", "node_id": "test.dbt_crypto.assert_volume_non_negative"} */

    
    select
      count(*) as failures,
      count(*) != 0 as should_warn,
      count(*) != 0 as should_error
    from (
      
    
  SELECT
    symbol,
    interval,
    open_time,
    volume

FROM "neondb"."analytics"."stg_crypto_klines"

WHERE volume < 0
  
  
      
    ) dbt_internal_test
[0m03:09:50.687622 [debug] [Thread-1 (]: Opening a new connection, currently in state init
[0m03:09:52.598921 [debug] [Thread-1 (]: SQL status: SELECT 1 in 1.912 seconds
[0m03:09:52.598921 [debug] [Thread-1 (]: On test.dbt_crypto.assert_volume_non_negative: ROLLBACK
[0m03:09:52.845549 [debug] [Thread-1 (]: On test.dbt_crypto.assert_volume_non_negative: Close
[0m03:09:52.848550 [info ] [Thread-1 (]: 1 of 1 PASS assert_volume_non_negative ......................................... [[32mPASS[0m in 2.19s]
[0m03:09:52.850540 [debug] [Thread-1 (]: Finished running node test.dbt_crypto.assert_volume_non_negative
[0m03:09:52.852873 [debug] [MainThread]: On master: COMMIT
[0m03:09:52.853906 [debug] [MainThread]: Using postgres connection "master"
[0m03:09:52.854970 [debug] [MainThread]: On master: COMMIT
[0m03:09:52.854970 [debug] [MainThread]: Opening a new connection, currently in state closed
[0m03:09:54.902757 [debug] [MainThread]: SQL status: COMMIT in 2.055 seconds
[0m03:09:54.902757 [debug] [MainThread]: On master: Close
[0m03:09:54.914006 [debug] [MainThread]: Connection 'master' was properly closed.
[0m03:09:54.914006 [debug] [MainThread]: Connection 'list_neondb_analytics' was properly closed.
[0m03:09:54.914006 [debug] [MainThread]: Connection 'test.dbt_crypto.assert_volume_non_negative' was properly closed.
[0m03:09:54.914006 [info ] [MainThread]: 
[0m03:09:54.917909 [info ] [MainThread]: Finished running 1 test in 0 hours 0 minutes and 9.84 seconds (9.84s).
[0m03:09:54.917909 [debug] [MainThread]: Command end result
[0m03:09:54.962660 [debug] [MainThread]: Wrote artifact WritableManifest to C:\Users\eknmeeu\Downloads\Py_Neeraj\DE_P\dbt\dbt_crypto\target\manifest.json
[0m03:09:54.968730 [debug] [MainThread]: Wrote artifact SemanticManifest to C:\Users\eknmeeu\Downloads\Py_Neeraj\DE_P\dbt\dbt_crypto\target\semantic_manifest.json
[0m03:09:54.974630 [debug] [MainThread]: Wrote artifact OsiDocument to C:\Users\eknmeeu\Downloads\Py_Neeraj\DE_P\dbt\dbt_crypto\target\osi_document.json
[0m03:09:54.984704 [debug] [MainThread]: Wrote artifact RunExecutionResult to C:\Users\eknmeeu\Downloads\Py_Neeraj\DE_P\dbt\dbt_crypto\target\run_results.json
[0m03:09:54.985709 [info ] [MainThread]: 
[0m03:09:54.986627 [info ] [MainThread]: [32mCompleted successfully[0m
[0m03:09:54.986627 [info ] [MainThread]: 
[0m03:09:54.986627 [info ] [MainThread]: Done. PASS=1 WARN=0 ERROR=0 SKIP=0 NO-OP=0 REUSED=0 TOTAL=1
[0m03:09:54.986627 [debug] [MainThread]: Command `dbt test` succeeded at 03:09:54.986627 after 12.02 seconds
[0m03:09:54.986627 [debug] [MainThread]: Sending event: {'category': 'dbt', 'action': 'invocation', 'label': 'end', 'context': [<snowplow_tracker.self_describing_json.SelfDescribingJson object at 0x000002B8962AB610>, <snowplow_tracker.self_describing_json.SelfDescribingJson object at 0x000002B89764C850>, <snowplow_tracker.self_describing_json.SelfDescribingJson object at 0x000002B899EEDE10>]}
[0m03:09:54.986627 [debug] [MainThread]: Flushing usage events
[0m03:09:56.424317 [debug] [MainThread]: An error was encountered while trying to flush usage events
[0m03:10:39.739664 [debug] [MainThread]: Sending event: {'category': 'dbt', 'action': 'invocation', 'label': 'start', 'context': [<snowplow_tracker.self_describing_json.SelfDescribingJson object at 0x0000020AD649B610>, <snowplow_tracker.self_describing_json.SelfDescribingJson object at 0x0000020AD8CE4D00>, <snowplow_tracker.self_describing_json.SelfDescribingJson object at 0x0000020AD8CE4B20>]}


============================== 03:10:39.748175 | d41d57aa-7539-4868-a55c-3812d09a5774 ==============================
[0m03:10:39.748175 [info ] [MainThread]: Running with dbt=1.12.3
[0m03:10:39.749175 [debug] [MainThread]: running dbt with arguments {'static_parser': 'True', 'no_print': 'None', 'version_check': 'True', 'target_path': 'None', 'maximum_seed_size_mib': '1', 'warn_error_options': 'WarnErrorOptionsV2(error=[], warn=[], silence=[])', 'printer_width': '80', 'write_json': 'True', 'empty': 'None', 'log_cache_events': 'False', 'introspect': 'True', 'cache_selected_only': 'False', 'log_format': 'default', 'debug': 'False', 'fail_fast': 'False', 'profiles_dir': 'C:\\Users\\eknmeeu\\.dbt', 'send_anonymous_usage_stats': 'True', 'quiet': 'False', 'warn_error': 'None', 'partial_parse': 'True', 'indirect_selection': 'eager', 'hints_enabled': 'True', 'use_colors': 'True', 'use_experimental_parser': 'False', 'invocation_command': 'dbt test --select assert_valid_symbols', 'log_path': 'C:\\Users\\eknmeeu\\Downloads\\Py_Neeraj\\DE_P\\dbt\\dbt_crypto\\logs'}
[0m03:10:39.999346 [debug] [MainThread]: Sending event: {'category': 'dbt', 'action': 'project_id', 'label': 'd41d57aa-7539-4868-a55c-3812d09a5774', 'context': [<snowplow_tracker.self_describing_json.SelfDescribingJson object at 0x0000020AD7FCDD80>]}
[0m03:10:40.099148 [debug] [MainThread]: Sending event: {'category': 'dbt', 'action': 'adapter_info', 'label': 'd41d57aa-7539-4868-a55c-3812d09a5774', 'context': [<snowplow_tracker.self_describing_json.SelfDescribingJson object at 0x0000020AD8CA3CA0>]}
[0m03:10:40.101501 [info ] [MainThread]: Registered adapter: postgres=1.11.0
[0m03:10:40.502787 [debug] [MainThread]: checksum: 15b6814c27264d0629857aab4d824ec3aa97fd3d23a0ccfc8ec203ae2aba15df, vars: {}, profile: dbt_crypto, target: dev, version: 1.12.3
[0m03:10:40.818016 [debug] [MainThread]: Partial parsing enabled: 0 files deleted, 1 files added, 0 files changed.
[0m03:10:40.818016 [debug] [MainThread]: Partial parsing: added file: dbt_crypto://tests\assert_valid_symbols.sql
[0m03:10:41.080011 [debug] [MainThread]: Sending event: {'category': 'dbt', 'action': 'load_project', 'label': 'd41d57aa-7539-4868-a55c-3812d09a5774', 'context': [<snowplow_tracker.self_describing_json.SelfDescribingJson object at 0x0000020ADA5B9E40>]}
[0m03:10:41.243458 [debug] [MainThread]: Wrote artifact WritableManifest to C:\Users\eknmeeu\Downloads\Py_Neeraj\DE_P\dbt\dbt_crypto\target\manifest.json
[0m03:10:41.246726 [debug] [MainThread]: Wrote artifact SemanticManifest to C:\Users\eknmeeu\Downloads\Py_Neeraj\DE_P\dbt\dbt_crypto\target\semantic_manifest.json
[0m03:10:41.293631 [debug] [MainThread]: Wrote artifact OsiDocument to C:\Users\eknmeeu\Downloads\Py_Neeraj\DE_P\dbt\dbt_crypto\target\osi_document.json
[0m03:10:41.326971 [debug] [MainThread]: Sending event: {'category': 'dbt', 'action': 'resource_counts', 'label': 'd41d57aa-7539-4868-a55c-3812d09a5774', 'context': [<snowplow_tracker.self_describing_json.SelfDescribingJson object at 0x0000020ADA6797E0>]}
[0m03:10:41.328980 [info ] [MainThread]: Found 3 models, 25 data tests, 1 source, 477 macros
[0m03:10:41.329979 [debug] [MainThread]: Sending event: {'category': 'dbt', 'action': 'runnable_timing', 'label': 'd41d57aa-7539-4868-a55c-3812d09a5774', 'context': [<snowplow_tracker.self_describing_json.SelfDescribingJson object at 0x0000020ADA67BC70>]}
[0m03:10:41.331974 [info ] [MainThread]: 
[0m03:10:41.332979 [info ] [MainThread]: Concurrency: 4 threads (target='dev')
[0m03:10:41.333983 [info ] [MainThread]: 
[0m03:10:41.334433 [debug] [MainThread]: Acquiring new postgres connection 'master'
[0m03:10:41.341202 [debug] [ThreadPool]: Acquiring new postgres connection 'list_neondb_analytics'
[0m03:10:41.668034 [debug] [ThreadPool]: Using postgres connection "list_neondb_analytics"
[0m03:10:41.669045 [debug] [ThreadPool]: On list_neondb_analytics: /* {"app": "dbt", "dbt_version": "1.12.3", "profile_name": "dbt_crypto", "target_name": "dev", "connection_name": "list_neondb_analytics"} */
select
      'neondb' as database,
      tablename as name,
      schemaname as schema,
      'table' as type
    from pg_tables
    where schemaname ilike 'analytics'
    union all
    select
      'neondb' as database,
      viewname as name,
      schemaname as schema,
      'view' as type
    from pg_views
    where schemaname ilike 'analytics'
    union all
    select
      'neondb' as database,
      matviewname as name,
      schemaname as schema,
      'materialized_view' as type
    from pg_matviews
    where schemaname ilike 'analytics'
    union all
    select distinct
     'neondb' as database,
     proname as name,
     ns.nspname as schema,
     'function' as type
    from pg_proc
     join pg_namespace as ns on pronamespace = ns.oid
    where ns.nspname ilike 'analytics'
  
[0m03:10:41.670044 [debug] [ThreadPool]: Opening a new connection, currently in state init
[0m03:10:43.699663 [debug] [ThreadPool]: SQL status: SELECT 3 in 2.044 seconds
[0m03:10:43.719552 [debug] [ThreadPool]: On list_neondb_analytics: ROLLBACK
[0m03:10:43.959703 [debug] [ThreadPool]: On list_neondb_analytics: Close
[0m03:10:43.964695 [debug] [MainThread]: Using postgres connection "master"
[0m03:10:43.965701 [debug] [MainThread]: On master: /* {"app": "dbt", "dbt_version": "1.12.3", "profile_name": "dbt_crypto", "target_name": "dev", "connection_name": "master"} */
select distinct
        dependent_namespace.nspname as dependent_schema,
        dependent_class.relname as dependent_name,
        referenced_namespace.nspname as referenced_schema,
        referenced_class.relname as referenced_name

    -- Query for views: views are entries in pg_class with an entry in pg_rewrite, but we avoid
    -- a seq scan on pg_rewrite by leveraging the fact there is an "internal" row in pg_depend for
    -- the view...
    from pg_class as dependent_class
    join pg_namespace as dependent_namespace on dependent_namespace.oid = dependent_class.relnamespace
    join pg_depend as dependent_depend on dependent_depend.refobjid = dependent_class.oid
        and dependent_depend.classid = 'pg_rewrite'::regclass
        and dependent_depend.refclassid = 'pg_class'::regclass
        and dependent_depend.deptype = 'i'

    -- ... and via pg_depend (that has a row per column, hence the need for "distinct" above, and
    -- making sure to exclude the internal row to avoid a view appearing to depend on itself)...
    join pg_depend as joining_depend on joining_depend.objid = dependent_depend.objid
        and joining_depend.classid = 'pg_rewrite'::regclass
        and joining_depend.refclassid = 'pg_class'::regclass
        and joining_depend.refobjid != dependent_depend.refobjid

    -- ... we can find the tables they query from in pg_class, but excluding system tables. Note we
    -- don't need need to exclude _dependent_ system tables, because they only query from other
    -- system tables, and so are automatically excluded by excluding _referenced_ system tables
    join pg_class as referenced_class on referenced_class.oid = joining_depend.refobjid
    join pg_namespace as referenced_namespace on referenced_namespace.oid = referenced_class.relnamespace
        and referenced_namespace.nspname != 'information_schema'
        and referenced_namespace.nspname not like 'pg\_%'

    order by
        dependent_schema, dependent_name, referenced_schema, referenced_name;
[0m03:10:43.966687 [debug] [MainThread]: Opening a new connection, currently in state init
[0m03:10:45.904365 [debug] [MainThread]: SQL status: SELECT 3 in 1.938 seconds
[0m03:10:45.906382 [debug] [MainThread]: Sending event: {'category': 'dbt', 'action': 'runnable_timing', 'label': 'd41d57aa-7539-4868-a55c-3812d09a5774', 'context': [<snowplow_tracker.self_describing_json.SelfDescribingJson object at 0x0000020AD8C594E0>]}
[0m03:10:45.907318 [debug] [MainThread]: On master: ROLLBACK
[0m03:10:46.133063 [debug] [MainThread]: On master: COMMIT
[0m03:10:46.148970 [debug] [MainThread]: Using postgres connection "master"
[0m03:10:46.152305 [debug] [MainThread]: On master: COMMIT
[0m03:10:46.629590 [debug] [MainThread]: SQL status: COMMIT in 0.476 seconds
[0m03:10:46.631609 [debug] [MainThread]: On master: Close
[0m03:10:46.640356 [debug] [Thread-1 (]: Began running node test.dbt_crypto.assert_valid_symbols
[0m03:10:46.641360 [info ] [Thread-1 (]: 1 of 1 START test assert_valid_symbols ......................................... [RUN]
[0m03:10:46.641931 [debug] [Thread-1 (]: Acquiring new postgres connection 'test.dbt_crypto.assert_valid_symbols'
[0m03:10:46.643070 [debug] [Thread-1 (]: Began compiling node test.dbt_crypto.assert_valid_symbols
[0m03:10:46.649121 [debug] [Thread-1 (]: Writing injected SQL for node "test.dbt_crypto.assert_valid_symbols"
[0m03:10:46.652760 [debug] [Thread-1 (]: Began executing node test.dbt_crypto.assert_valid_symbols
[0m03:10:46.668870 [debug] [Thread-1 (]: Writing runtime sql for node "test.dbt_crypto.assert_valid_symbols"
[0m03:10:46.674763 [debug] [Thread-1 (]: Using postgres connection "test.dbt_crypto.assert_valid_symbols"
[0m03:10:46.674763 [debug] [Thread-1 (]: On test.dbt_crypto.assert_valid_symbols: /* {"app": "dbt", "dbt_version": "1.12.3", "profile_name": "dbt_crypto", "target_name": "dev", "node_id": "test.dbt_crypto.assert_valid_symbols"} */

    
    select
      count(*) as failures,
      count(*) != 0 as should_warn,
      count(*) != 0 as should_error
    from (
      
    
  SELECT
    symbol,
    interval,
    open_time

FROM "neondb"."analytics"."stg_crypto_klines"

WHERE symbol NOT IN ('BTCUSDT', 'ETHUSDT', 'SOLUSDT')
  
  
      
    ) dbt_internal_test
[0m03:10:46.676771 [debug] [Thread-1 (]: Opening a new connection, currently in state init
[0m03:10:48.645013 [debug] [Thread-1 (]: SQL status: SELECT 1 in 1.968 seconds
[0m03:10:48.650009 [debug] [Thread-1 (]: On test.dbt_crypto.assert_valid_symbols: ROLLBACK
[0m03:10:48.888061 [debug] [Thread-1 (]: On test.dbt_crypto.assert_valid_symbols: Close
[0m03:10:48.888061 [info ] [Thread-1 (]: 1 of 1 PASS assert_valid_symbols ............................................... [[32mPASS[0m in 2.25s]
[0m03:10:48.888061 [debug] [Thread-1 (]: Finished running node test.dbt_crypto.assert_valid_symbols
[0m03:10:48.888061 [debug] [MainThread]: On master: COMMIT
[0m03:10:48.888061 [debug] [MainThread]: Using postgres connection "master"
[0m03:10:48.888061 [debug] [MainThread]: On master: COMMIT
[0m03:10:48.888061 [debug] [MainThread]: Opening a new connection, currently in state closed
[0m03:10:50.983698 [debug] [MainThread]: SQL status: COMMIT in 2.087 seconds
[0m03:10:50.983698 [debug] [MainThread]: On master: Close
[0m03:10:50.983698 [debug] [MainThread]: Connection 'master' was properly closed.
[0m03:10:50.983698 [debug] [MainThread]: Connection 'list_neondb_analytics' was properly closed.
[0m03:10:50.983698 [debug] [MainThread]: Connection 'test.dbt_crypto.assert_valid_symbols' was properly closed.
[0m03:10:50.983698 [info ] [MainThread]: 
[0m03:10:50.983698 [info ] [MainThread]: Finished running 1 test in 0 hours 0 minutes and 9.65 seconds (9.65s).
[0m03:10:50.983698 [debug] [MainThread]: Command end result
[0m03:10:51.018756 [debug] [MainThread]: Wrote artifact WritableManifest to C:\Users\eknmeeu\Downloads\Py_Neeraj\DE_P\dbt\dbt_crypto\target\manifest.json
[0m03:10:51.039585 [debug] [MainThread]: Wrote artifact SemanticManifest to C:\Users\eknmeeu\Downloads\Py_Neeraj\DE_P\dbt\dbt_crypto\target\semantic_manifest.json
[0m03:10:51.045491 [debug] [MainThread]: Wrote artifact OsiDocument to C:\Users\eknmeeu\Downloads\Py_Neeraj\DE_P\dbt\dbt_crypto\target\osi_document.json
[0m03:10:51.055866 [debug] [MainThread]: Wrote artifact RunExecutionResult to C:\Users\eknmeeu\Downloads\Py_Neeraj\DE_P\dbt\dbt_crypto\target\run_results.json
[0m03:10:51.056863 [info ] [MainThread]: 
[0m03:10:51.057771 [info ] [MainThread]: [32mCompleted successfully[0m
[0m03:10:51.058765 [info ] [MainThread]: 
[0m03:10:51.058765 [info ] [MainThread]: Done. PASS=1 WARN=0 ERROR=0 SKIP=0 NO-OP=0 REUSED=0 TOTAL=1
[0m03:10:51.060845 [debug] [MainThread]: Command `dbt test` succeeded at 03:10:51.060845 after 11.70 seconds
[0m03:10:51.061860 [debug] [MainThread]: Sending event: {'category': 'dbt', 'action': 'invocation', 'label': 'end', 'context': [<snowplow_tracker.self_describing_json.SelfDescribingJson object at 0x0000020AD649B610>, <snowplow_tracker.self_describing_json.SelfDescribingJson object at 0x0000020ADA3F2EC0>, <snowplow_tracker.self_describing_json.SelfDescribingJson object at 0x0000020AD58AEDA0>]}
[0m03:10:51.061860 [debug] [MainThread]: Flushing usage events
[0m03:10:52.012081 [debug] [MainThread]: An error was encountered while trying to flush usage events
[0m03:11:24.269658 [debug] [MainThread]: Sending event: {'category': 'dbt', 'action': 'invocation', 'label': 'start', 'context': [<snowplow_tracker.self_describing_json.SelfDescribingJson object at 0x000001E6B361B550>, <snowplow_tracker.self_describing_json.SelfDescribingJson object at 0x000001E6B5E54C70>, <snowplow_tracker.self_describing_json.SelfDescribingJson object at 0x000001E6B5E54A90>]}


============================== 03:11:24.277428 | d864c9b0-e05e-4369-875b-91ab1f7494d9 ==============================
[0m03:11:24.277428 [info ] [MainThread]: Running with dbt=1.12.3
[0m03:11:24.277428 [debug] [MainThread]: running dbt with arguments {'static_parser': 'True', 'no_print': 'None', 'version_check': 'True', 'warn_error_options': 'WarnErrorOptionsV2(error=[], warn=[], silence=[])', 'maximum_seed_size_mib': '1', 'target_path': 'None', 'printer_width': '80', 'write_json': 'True', 'introspect': 'True', 'log_cache_events': 'False', 'empty': 'None', 'cache_selected_only': 'False', 'fail_fast': 'False', 'debug': 'False', 'log_format': 'default', 'profiles_dir': 'C:\\Users\\eknmeeu\\.dbt', 'send_anonymous_usage_stats': 'True', 'quiet': 'False', 'warn_error': 'None', 'partial_parse': 'True', 'invocation_command': 'dbt test --select assert_valid_interval', 'hints_enabled': 'True', 'indirect_selection': 'eager', 'use_experimental_parser': 'False', 'use_colors': 'True', 'log_path': 'C:\\Users\\eknmeeu\\Downloads\\Py_Neeraj\\DE_P\\dbt\\dbt_crypto\\logs'}
[0m03:11:24.617330 [debug] [MainThread]: Sending event: {'category': 'dbt', 'action': 'project_id', 'label': 'd864c9b0-e05e-4369-875b-91ab1f7494d9', 'context': [<snowplow_tracker.self_describing_json.SelfDescribingJson object at 0x000001E6B5DA4C40>]}
[0m03:11:24.740032 [debug] [MainThread]: Sending event: {'category': 'dbt', 'action': 'adapter_info', 'label': 'd864c9b0-e05e-4369-875b-91ab1f7494d9', 'context': [<snowplow_tracker.self_describing_json.SelfDescribingJson object at 0x000001E6B5E55630>]}
[0m03:11:24.740032 [info ] [MainThread]: Registered adapter: postgres=1.11.0
[0m03:11:25.153935 [debug] [MainThread]: checksum: 15b6814c27264d0629857aab4d824ec3aa97fd3d23a0ccfc8ec203ae2aba15df, vars: {}, profile: dbt_crypto, target: dev, version: 1.12.3
[0m03:11:25.451745 [debug] [MainThread]: Partial parsing enabled: 0 files deleted, 1 files added, 0 files changed.
[0m03:11:25.451745 [debug] [MainThread]: Partial parsing: added file: dbt_crypto://tests\assert_valid_interval.sql
[0m03:11:25.702813 [debug] [MainThread]: Sending event: {'category': 'dbt', 'action': 'load_project', 'label': 'd864c9b0-e05e-4369-875b-91ab1f7494d9', 'context': [<snowplow_tracker.self_describing_json.SelfDescribingJson object at 0x000001E6B5E13700>]}
[0m03:11:25.902215 [debug] [MainThread]: Wrote artifact WritableManifest to C:\Users\eknmeeu\Downloads\Py_Neeraj\DE_P\dbt\dbt_crypto\target\manifest.json
[0m03:11:25.925428 [debug] [MainThread]: Wrote artifact SemanticManifest to C:\Users\eknmeeu\Downloads\Py_Neeraj\DE_P\dbt\dbt_crypto\target\semantic_manifest.json
[0m03:11:25.983604 [debug] [MainThread]: Wrote artifact OsiDocument to C:\Users\eknmeeu\Downloads\Py_Neeraj\DE_P\dbt\dbt_crypto\target\osi_document.json
[0m03:11:26.043217 [debug] [MainThread]: Sending event: {'category': 'dbt', 'action': 'resource_counts', 'label': 'd864c9b0-e05e-4369-875b-91ab1f7494d9', 'context': [<snowplow_tracker.self_describing_json.SelfDescribingJson object at 0x000001E6B77F0C40>]}
[0m03:11:26.044213 [info ] [MainThread]: Found 3 models, 26 data tests, 1 source, 477 macros
[0m03:11:26.046760 [debug] [MainThread]: Sending event: {'category': 'dbt', 'action': 'runnable_timing', 'label': 'd864c9b0-e05e-4369-875b-91ab1f7494d9', 'context': [<snowplow_tracker.self_describing_json.SelfDescribingJson object at 0x000001E6B77F2410>]}
[0m03:11:26.049769 [info ] [MainThread]: 
[0m03:11:26.051780 [info ] [MainThread]: Concurrency: 4 threads (target='dev')
[0m03:11:26.052778 [info ] [MainThread]: 
[0m03:11:26.053777 [debug] [MainThread]: Acquiring new postgres connection 'master'
[0m03:11:26.060813 [debug] [ThreadPool]: Acquiring new postgres connection 'list_neondb_analytics'
[0m03:11:26.419488 [debug] [ThreadPool]: Using postgres connection "list_neondb_analytics"
[0m03:11:26.420494 [debug] [ThreadPool]: On list_neondb_analytics: /* {"app": "dbt", "dbt_version": "1.12.3", "profile_name": "dbt_crypto", "target_name": "dev", "connection_name": "list_neondb_analytics"} */
select
      'neondb' as database,
      tablename as name,
      schemaname as schema,
      'table' as type
    from pg_tables
    where schemaname ilike 'analytics'
    union all
    select
      'neondb' as database,
      viewname as name,
      schemaname as schema,
      'view' as type
    from pg_views
    where schemaname ilike 'analytics'
    union all
    select
      'neondb' as database,
      matviewname as name,
      schemaname as schema,
      'materialized_view' as type
    from pg_matviews
    where schemaname ilike 'analytics'
    union all
    select distinct
     'neondb' as database,
     proname as name,
     ns.nspname as schema,
     'function' as type
    from pg_proc
     join pg_namespace as ns on pronamespace = ns.oid
    where ns.nspname ilike 'analytics'
  
[0m03:11:26.421496 [debug] [ThreadPool]: Opening a new connection, currently in state init
[0m03:11:28.465282 [debug] [ThreadPool]: SQL status: SELECT 3 in 2.043 seconds
[0m03:11:28.469305 [debug] [ThreadPool]: On list_neondb_analytics: ROLLBACK
[0m03:11:28.700282 [debug] [ThreadPool]: On list_neondb_analytics: Close
[0m03:11:28.715072 [debug] [MainThread]: Using postgres connection "master"
[0m03:11:28.715072 [debug] [MainThread]: On master: /* {"app": "dbt", "dbt_version": "1.12.3", "profile_name": "dbt_crypto", "target_name": "dev", "connection_name": "master"} */
select distinct
        dependent_namespace.nspname as dependent_schema,
        dependent_class.relname as dependent_name,
        referenced_namespace.nspname as referenced_schema,
        referenced_class.relname as referenced_name

    -- Query for views: views are entries in pg_class with an entry in pg_rewrite, but we avoid
    -- a seq scan on pg_rewrite by leveraging the fact there is an "internal" row in pg_depend for
    -- the view...
    from pg_class as dependent_class
    join pg_namespace as dependent_namespace on dependent_namespace.oid = dependent_class.relnamespace
    join pg_depend as dependent_depend on dependent_depend.refobjid = dependent_class.oid
        and dependent_depend.classid = 'pg_rewrite'::regclass
        and dependent_depend.refclassid = 'pg_class'::regclass
        and dependent_depend.deptype = 'i'

    -- ... and via pg_depend (that has a row per column, hence the need for "distinct" above, and
    -- making sure to exclude the internal row to avoid a view appearing to depend on itself)...
    join pg_depend as joining_depend on joining_depend.objid = dependent_depend.objid
        and joining_depend.classid = 'pg_rewrite'::regclass
        and joining_depend.refclassid = 'pg_class'::regclass
        and joining_depend.refobjid != dependent_depend.refobjid

    -- ... we can find the tables they query from in pg_class, but excluding system tables. Note we
    -- don't need need to exclude _dependent_ system tables, because they only query from other
    -- system tables, and so are automatically excluded by excluding _referenced_ system tables
    join pg_class as referenced_class on referenced_class.oid = joining_depend.refobjid
    join pg_namespace as referenced_namespace on referenced_namespace.oid = referenced_class.relnamespace
        and referenced_namespace.nspname != 'information_schema'
        and referenced_namespace.nspname not like 'pg\_%'

    order by
        dependent_schema, dependent_name, referenced_schema, referenced_name;
[0m03:11:28.715072 [debug] [MainThread]: Opening a new connection, currently in state init
[0m03:11:30.778234 [debug] [MainThread]: SQL status: SELECT 3 in 2.067 seconds
[0m03:11:30.778234 [debug] [MainThread]: Sending event: {'category': 'dbt', 'action': 'runnable_timing', 'label': 'd864c9b0-e05e-4369-875b-91ab1f7494d9', 'context': [<snowplow_tracker.self_describing_json.SelfDescribingJson object at 0x000001E6B5E13640>]}
[0m03:11:30.778234 [debug] [MainThread]: On master: ROLLBACK
[0m03:11:31.032945 [debug] [MainThread]: On master: COMMIT
[0m03:11:31.032945 [debug] [MainThread]: Using postgres connection "master"
[0m03:11:31.048906 [debug] [MainThread]: On master: COMMIT
[0m03:11:31.559313 [debug] [MainThread]: SQL status: COMMIT in 0.509 seconds
[0m03:11:31.561418 [debug] [MainThread]: On master: Close
[0m03:11:31.569977 [debug] [Thread-1 (]: Began running node test.dbt_crypto.assert_valid_interval
[0m03:11:31.569977 [info ] [Thread-1 (]: 1 of 1 START test assert_valid_interval ........................................ [RUN]
[0m03:11:31.572009 [debug] [Thread-1 (]: Acquiring new postgres connection 'test.dbt_crypto.assert_valid_interval'
[0m03:11:31.572009 [debug] [Thread-1 (]: Began compiling node test.dbt_crypto.assert_valid_interval
[0m03:11:31.578063 [debug] [Thread-1 (]: Writing injected SQL for node "test.dbt_crypto.assert_valid_interval"
[0m03:11:31.581977 [debug] [Thread-1 (]: Began executing node test.dbt_crypto.assert_valid_interval
[0m03:11:31.600472 [debug] [Thread-1 (]: Writing runtime sql for node "test.dbt_crypto.assert_valid_interval"
[0m03:11:31.604570 [debug] [Thread-1 (]: Using postgres connection "test.dbt_crypto.assert_valid_interval"
[0m03:11:31.605571 [debug] [Thread-1 (]: On test.dbt_crypto.assert_valid_interval: /* {"app": "dbt", "dbt_version": "1.12.3", "profile_name": "dbt_crypto", "target_name": "dev", "node_id": "test.dbt_crypto.assert_valid_interval"} */

    
    select
      count(*) as failures,
      count(*) != 0 as should_warn,
      count(*) != 0 as should_error
    from (
      
    
  SELECT
    symbol,
    interval,
    open_time

FROM "neondb"."analytics"."stg_crypto_klines"

WHERE interval <> '1m'
  
  
      
    ) dbt_internal_test
[0m03:11:31.606568 [debug] [Thread-1 (]: Opening a new connection, currently in state init
[0m03:11:33.652645 [debug] [Thread-1 (]: SQL status: SELECT 1 in 2.046 seconds
[0m03:11:33.659742 [debug] [Thread-1 (]: On test.dbt_crypto.assert_valid_interval: ROLLBACK
[0m03:11:33.913054 [debug] [Thread-1 (]: On test.dbt_crypto.assert_valid_interval: Close
[0m03:11:33.917094 [info ] [Thread-1 (]: 1 of 1 PASS assert_valid_interval .............................................. [[32mPASS[0m in 2.35s]
[0m03:11:33.917094 [debug] [Thread-1 (]: Finished running node test.dbt_crypto.assert_valid_interval
[0m03:11:33.917094 [debug] [MainThread]: On master: COMMIT
[0m03:11:33.917094 [debug] [MainThread]: Using postgres connection "master"
[0m03:11:33.917094 [debug] [MainThread]: On master: COMMIT
[0m03:11:33.917094 [debug] [MainThread]: Opening a new connection, currently in state closed
[0m03:11:36.197441 [debug] [MainThread]: SQL status: COMMIT in 2.274 seconds
[0m03:11:36.199787 [debug] [MainThread]: On master: Close
[0m03:11:36.199787 [debug] [MainThread]: Connection 'master' was properly closed.
[0m03:11:36.199787 [debug] [MainThread]: Connection 'list_neondb_analytics' was properly closed.
[0m03:11:36.199787 [debug] [MainThread]: Connection 'test.dbt_crypto.assert_valid_interval' was properly closed.
[0m03:11:36.199787 [info ] [MainThread]: 
[0m03:11:36.199787 [info ] [MainThread]: Finished running 1 test in 0 hours 0 minutes and 10.15 seconds (10.15s).
[0m03:11:36.199787 [debug] [MainThread]: Command end result
[0m03:11:36.253232 [debug] [MainThread]: Wrote artifact WritableManifest to C:\Users\eknmeeu\Downloads\Py_Neeraj\DE_P\dbt\dbt_crypto\target\manifest.json
[0m03:11:36.260234 [debug] [MainThread]: Wrote artifact SemanticManifest to C:\Users\eknmeeu\Downloads\Py_Neeraj\DE_P\dbt\dbt_crypto\target\semantic_manifest.json
[0m03:11:36.267234 [debug] [MainThread]: Wrote artifact OsiDocument to C:\Users\eknmeeu\Downloads\Py_Neeraj\DE_P\dbt\dbt_crypto\target\osi_document.json
[0m03:11:36.283233 [debug] [MainThread]: Wrote artifact RunExecutionResult to C:\Users\eknmeeu\Downloads\Py_Neeraj\DE_P\dbt\dbt_crypto\target\run_results.json
[0m03:11:36.283233 [info ] [MainThread]: 
[0m03:11:36.283233 [info ] [MainThread]: [32mCompleted successfully[0m
[0m03:11:36.283233 [info ] [MainThread]: 
[0m03:11:36.283233 [info ] [MainThread]: Done. PASS=1 WARN=0 ERROR=0 SKIP=0 NO-OP=0 REUSED=0 TOTAL=1
[0m03:11:36.283233 [debug] [MainThread]: Command `dbt test` succeeded at 03:11:36.283233 after 12.45 seconds
[0m03:11:36.283233 [debug] [MainThread]: Sending event: {'category': 'dbt', 'action': 'invocation', 'label': 'end', 'context': [<snowplow_tracker.self_describing_json.SelfDescribingJson object at 0x000001E6B361B550>, <snowplow_tracker.self_describing_json.SelfDescribingJson object at 0x000001E6B5E55630>, <snowplow_tracker.self_describing_json.SelfDescribingJson object at 0x000001E6B768ECE0>]}
[0m03:11:36.283233 [debug] [MainThread]: Flushing usage events
[0m03:11:37.845286 [debug] [MainThread]: An error was encountered while trying to flush usage events
[0m03:12:07.129078 [debug] [MainThread]: Sending event: {'category': 'dbt', 'action': 'invocation', 'label': 'start', 'context': [<snowplow_tracker.self_describing_json.SelfDescribingJson object at 0x000001F34CDCB610>, <snowplow_tracker.self_describing_json.SelfDescribingJson object at 0x000001F34E634CA0>, <snowplow_tracker.self_describing_json.SelfDescribingJson object at 0x000001F34E634AC0>]}


============================== 03:12:07.136314 | 3ee3ea50-cc02-439c-987c-17823c5265f8 ==============================
[0m03:12:07.136314 [info ] [MainThread]: Running with dbt=1.12.3
[0m03:12:07.137319 [debug] [MainThread]: running dbt with arguments {'maximum_seed_size_mib': '1', 'no_print': 'None', 'static_parser': 'True', 'warn_error_options': 'WarnErrorOptionsV2(error=[], warn=[], silence=[])', 'version_check': 'True', 'target_path': 'None', 'printer_width': '80', 'write_json': 'True', 'introspect': 'True', 'log_cache_events': 'False', 'empty': 'None', 'cache_selected_only': 'False', 'log_format': 'default', 'debug': 'False', 'fail_fast': 'False', 'partial_parse': 'True', 'send_anonymous_usage_stats': 'True', 'quiet': 'False', 'warn_error': 'None', 'profiles_dir': 'C:\\Users\\eknmeeu\\.dbt', 'indirect_selection': 'eager', 'hints_enabled': 'True', 'invocation_command': 'dbt test --select assert_close_time_gte_open_time\\', 'use_experimental_parser': 'False', 'use_colors': 'True', 'log_path': 'C:\\Users\\eknmeeu\\Downloads\\Py_Neeraj\\DE_P\\dbt\\dbt_crypto\\logs'}
[0m03:12:07.569088 [debug] [MainThread]: Sending event: {'category': 'dbt', 'action': 'project_id', 'label': '3ee3ea50-cc02-439c-987c-17823c5265f8', 'context': [<snowplow_tracker.self_describing_json.SelfDescribingJson object at 0x000001F34A169360>]}
[0m03:12:07.684842 [debug] [MainThread]: Sending event: {'category': 'dbt', 'action': 'adapter_info', 'label': '3ee3ea50-cc02-439c-987c-17823c5265f8', 'context': [<snowplow_tracker.self_describing_json.SelfDescribingJson object at 0x000001F34E634B80>]}
[0m03:12:07.687253 [info ] [MainThread]: Registered adapter: postgres=1.11.0
[0m03:12:08.060908 [debug] [MainThread]: checksum: 15b6814c27264d0629857aab4d824ec3aa97fd3d23a0ccfc8ec203ae2aba15df, vars: {}, profile: dbt_crypto, target: dev, version: 1.12.3
[0m03:12:08.360905 [debug] [MainThread]: Partial parsing enabled: 0 files deleted, 1 files added, 0 files changed.
[0m03:12:08.360905 [debug] [MainThread]: Partial parsing: added file: dbt_crypto://tests\assert_close_time_gte_open_time.sql
[0m03:12:08.593570 [debug] [MainThread]: Sending event: {'category': 'dbt', 'action': 'load_project', 'label': '3ee3ea50-cc02-439c-987c-17823c5265f8', 'context': [<snowplow_tracker.self_describing_json.SelfDescribingJson object at 0x000001F34FE8AAA0>]}
[0m03:12:08.756630 [debug] [MainThread]: Wrote artifact WritableManifest to C:\Users\eknmeeu\Downloads\Py_Neeraj\DE_P\dbt\dbt_crypto\target\manifest.json
[0m03:12:08.763529 [debug] [MainThread]: Wrote artifact SemanticManifest to C:\Users\eknmeeu\Downloads\Py_Neeraj\DE_P\dbt\dbt_crypto\target\semantic_manifest.json
[0m03:12:08.805714 [debug] [MainThread]: Wrote artifact OsiDocument to C:\Users\eknmeeu\Downloads\Py_Neeraj\DE_P\dbt\dbt_crypto\target\osi_document.json
[0m03:12:08.840074 [debug] [MainThread]: Sending event: {'category': 'dbt', 'action': 'resource_counts', 'label': '3ee3ea50-cc02-439c-987c-17823c5265f8', 'context': [<snowplow_tracker.self_describing_json.SelfDescribingJson object at 0x000001F34FFDA830>]}
[0m03:12:08.841585 [info ] [MainThread]: Found 3 models, 27 data tests, 1 source, 477 macros
[0m03:12:08.842690 [debug] [MainThread]: Sending event: {'category': 'dbt', 'action': 'runnable_timing', 'label': '3ee3ea50-cc02-439c-987c-17823c5265f8', 'context': [<snowplow_tracker.self_describing_json.SelfDescribingJson object at 0x000001F34FFDBA90>]}
[0m03:12:08.843691 [warn ] [MainThread]: [[33mWARNING[0m]: The selection criterion 'assert_close_time_gte_open_time\' does not match any enabled nodes
[0m03:12:08.845688 [warn ] [MainThread]: [[33mWARNING[0m]: Nothing to do. Try checking your model configs and model specification args
[0m03:12:08.846684 [debug] [MainThread]: Command end result
[0m03:12:08.893388 [debug] [MainThread]: Wrote artifact WritableManifest to C:\Users\eknmeeu\Downloads\Py_Neeraj\DE_P\dbt\dbt_crypto\target\manifest.json
[0m03:12:08.900367 [debug] [MainThread]: Wrote artifact SemanticManifest to C:\Users\eknmeeu\Downloads\Py_Neeraj\DE_P\dbt\dbt_crypto\target\semantic_manifest.json
[0m03:12:08.907367 [debug] [MainThread]: Wrote artifact OsiDocument to C:\Users\eknmeeu\Downloads\Py_Neeraj\DE_P\dbt\dbt_crypto\target\osi_document.json
[0m03:12:08.913367 [debug] [MainThread]: Wrote artifact RunExecutionResult to C:\Users\eknmeeu\Downloads\Py_Neeraj\DE_P\dbt\dbt_crypto\target\run_results.json
[0m03:12:08.915241 [debug] [MainThread]: Command `dbt test` succeeded at 03:12:08.914366 after 2.19 seconds
[0m03:12:08.916288 [debug] [MainThread]: Sending event: {'category': 'dbt', 'action': 'invocation', 'label': 'end', 'context': [<snowplow_tracker.self_describing_json.SelfDescribingJson object at 0x000001F34CDCB610>, <snowplow_tracker.self_describing_json.SelfDescribingJson object at 0x000001F34FA86E90>, <snowplow_tracker.self_describing_json.SelfDescribingJson object at 0x000001F34D16B160>]}
[0m03:12:08.916288 [debug] [MainThread]: Flushing usage events
[0m03:12:09.964524 [debug] [MainThread]: An error was encountered while trying to flush usage events
[0m03:12:27.007965 [debug] [MainThread]: Sending event: {'category': 'dbt', 'action': 'invocation', 'label': 'start', 'context': [<snowplow_tracker.self_describing_json.SelfDescribingJson object at 0x00000267109BB610>, <snowplow_tracker.self_describing_json.SelfDescribingJson object at 0x0000026712224CA0>, <snowplow_tracker.self_describing_json.SelfDescribingJson object at 0x0000026712224AC0>]}


============================== 03:12:27.014476 | ea994fce-49d9-4c86-baa1-858878a223e3 ==============================
[0m03:12:27.014476 [info ] [MainThread]: Running with dbt=1.12.3
[0m03:12:27.016477 [debug] [MainThread]: running dbt with arguments {'static_parser': 'True', 'no_print': 'None', 'maximum_seed_size_mib': '1', 'warn_error_options': 'WarnErrorOptionsV2(error=[], warn=[], silence=[])', 'target_path': 'None', 'version_check': 'True', 'printer_width': '80', 'write_json': 'True', 'empty': 'None', 'log_cache_events': 'False', 'introspect': 'True', 'cache_selected_only': 'False', 'log_format': 'default', 'debug': 'False', 'fail_fast': 'False', 'partial_parse': 'True', 'send_anonymous_usage_stats': 'True', 'quiet': 'False', 'warn_error': 'None', 'profiles_dir': 'C:\\Users\\eknmeeu\\.dbt', 'use_colors': 'True', 'hints_enabled': 'True', 'invocation_command': 'dbt test --select assert_close_time_gte_open_time', 'use_experimental_parser': 'False', 'indirect_selection': 'eager', 'log_path': 'C:\\Users\\eknmeeu\\Downloads\\Py_Neeraj\\DE_P\\dbt\\dbt_crypto\\logs'}
[0m03:12:27.333179 [debug] [MainThread]: Sending event: {'category': 'dbt', 'action': 'project_id', 'label': 'ea994fce-49d9-4c86-baa1-858878a223e3', 'context': [<snowplow_tracker.self_describing_json.SelfDescribingJson object at 0x000002670DD99360>]}
[0m03:12:27.447919 [debug] [MainThread]: Sending event: {'category': 'dbt', 'action': 'adapter_info', 'label': 'ea994fce-49d9-4c86-baa1-858878a223e3', 'context': [<snowplow_tracker.self_describing_json.SelfDescribingJson object at 0x0000026712224B80>]}
[0m03:12:27.463651 [info ] [MainThread]: Registered adapter: postgres=1.11.0
[0m03:12:27.864598 [debug] [MainThread]: checksum: 15b6814c27264d0629857aab4d824ec3aa97fd3d23a0ccfc8ec203ae2aba15df, vars: {}, profile: dbt_crypto, target: dev, version: 1.12.3
[0m03:12:28.161823 [debug] [MainThread]: Partial parsing enabled: 0 files deleted, 0 files added, 0 files changed.
[0m03:12:28.161823 [debug] [MainThread]: Nothing changed, skipping partial parsing.
[0m03:12:28.161823 [debug] [MainThread]: Partial parsing enabled, no changes found, skipping parsing
[0m03:12:28.183177 [debug] [MainThread]: Sending event: {'category': 'dbt', 'action': 'load_project', 'label': 'ea994fce-49d9-4c86-baa1-858878a223e3', 'context': [<snowplow_tracker.self_describing_json.SelfDescribingJson object at 0x00000267139DC670>]}
[0m03:12:28.416818 [debug] [MainThread]: Wrote artifact WritableManifest to C:\Users\eknmeeu\Downloads\Py_Neeraj\DE_P\dbt\dbt_crypto\target\manifest.json
[0m03:12:28.423769 [debug] [MainThread]: Wrote artifact SemanticManifest to C:\Users\eknmeeu\Downloads\Py_Neeraj\DE_P\dbt\dbt_crypto\target\semantic_manifest.json
[0m03:12:28.462449 [debug] [MainThread]: Wrote artifact OsiDocument to C:\Users\eknmeeu\Downloads\Py_Neeraj\DE_P\dbt\dbt_crypto\target\osi_document.json
[0m03:12:28.494419 [debug] [MainThread]: Sending event: {'category': 'dbt', 'action': 'resource_counts', 'label': 'ea994fce-49d9-4c86-baa1-858878a223e3', 'context': [<snowplow_tracker.self_describing_json.SelfDescribingJson object at 0x00000267139539A0>]}
[0m03:12:28.494419 [info ] [MainThread]: Found 3 models, 27 data tests, 1 source, 477 macros
[0m03:12:28.494419 [debug] [MainThread]: Sending event: {'category': 'dbt', 'action': 'runnable_timing', 'label': 'ea994fce-49d9-4c86-baa1-858878a223e3', 'context': [<snowplow_tracker.self_describing_json.SelfDescribingJson object at 0x0000026713950250>]}
[0m03:12:28.494419 [info ] [MainThread]: 
[0m03:12:28.494419 [info ] [MainThread]: Concurrency: 4 threads (target='dev')
[0m03:12:28.494419 [info ] [MainThread]: 
[0m03:12:28.494419 [debug] [MainThread]: Acquiring new postgres connection 'master'
[0m03:12:28.509410 [debug] [ThreadPool]: Acquiring new postgres connection 'list_neondb_analytics'
[0m03:12:28.781014 [debug] [ThreadPool]: Using postgres connection "list_neondb_analytics"
[0m03:12:28.781014 [debug] [ThreadPool]: On list_neondb_analytics: /* {"app": "dbt", "dbt_version": "1.12.3", "profile_name": "dbt_crypto", "target_name": "dev", "connection_name": "list_neondb_analytics"} */
select
      'neondb' as database,
      tablename as name,
      schemaname as schema,
      'table' as type
    from pg_tables
    where schemaname ilike 'analytics'
    union all
    select
      'neondb' as database,
      viewname as name,
      schemaname as schema,
      'view' as type
    from pg_views
    where schemaname ilike 'analytics'
    union all
    select
      'neondb' as database,
      matviewname as name,
      schemaname as schema,
      'materialized_view' as type
    from pg_matviews
    where schemaname ilike 'analytics'
    union all
    select distinct
     'neondb' as database,
     proname as name,
     ns.nspname as schema,
     'function' as type
    from pg_proc
     join pg_namespace as ns on pronamespace = ns.oid
    where ns.nspname ilike 'analytics'
  
[0m03:12:28.781014 [debug] [ThreadPool]: Opening a new connection, currently in state init
[0m03:12:32.070611 [debug] [ThreadPool]: SQL status: SELECT 3 in 3.283 seconds
[0m03:12:32.073626 [debug] [ThreadPool]: On list_neondb_analytics: ROLLBACK
[0m03:12:32.314767 [debug] [ThreadPool]: On list_neondb_analytics: Close
[0m03:12:32.314767 [debug] [MainThread]: Using postgres connection "master"
[0m03:12:32.314767 [debug] [MainThread]: On master: /* {"app": "dbt", "dbt_version": "1.12.3", "profile_name": "dbt_crypto", "target_name": "dev", "connection_name": "master"} */
select distinct
        dependent_namespace.nspname as dependent_schema,
        dependent_class.relname as dependent_name,
        referenced_namespace.nspname as referenced_schema,
        referenced_class.relname as referenced_name

    -- Query for views: views are entries in pg_class with an entry in pg_rewrite, but we avoid
    -- a seq scan on pg_rewrite by leveraging the fact there is an "internal" row in pg_depend for
    -- the view...
    from pg_class as dependent_class
    join pg_namespace as dependent_namespace on dependent_namespace.oid = dependent_class.relnamespace
    join pg_depend as dependent_depend on dependent_depend.refobjid = dependent_class.oid
        and dependent_depend.classid = 'pg_rewrite'::regclass
        and dependent_depend.refclassid = 'pg_class'::regclass
        and dependent_depend.deptype = 'i'

    -- ... and via pg_depend (that has a row per column, hence the need for "distinct" above, and
    -- making sure to exclude the internal row to avoid a view appearing to depend on itself)...
    join pg_depend as joining_depend on joining_depend.objid = dependent_depend.objid
        and joining_depend.classid = 'pg_rewrite'::regclass
        and joining_depend.refclassid = 'pg_class'::regclass
        and joining_depend.refobjid != dependent_depend.refobjid

    -- ... we can find the tables they query from in pg_class, but excluding system tables. Note we
    -- don't need need to exclude _dependent_ system tables, because they only query from other
    -- system tables, and so are automatically excluded by excluding _referenced_ system tables
    join pg_class as referenced_class on referenced_class.oid = joining_depend.refobjid
    join pg_namespace as referenced_namespace on referenced_namespace.oid = referenced_class.relnamespace
        and referenced_namespace.nspname != 'information_schema'
        and referenced_namespace.nspname not like 'pg\_%'

    order by
        dependent_schema, dependent_name, referenced_schema, referenced_name;
[0m03:12:32.314767 [debug] [MainThread]: Opening a new connection, currently in state init
[0m03:12:34.348369 [debug] [MainThread]: SQL status: SELECT 3 in 2.024 seconds
[0m03:12:34.351461 [debug] [MainThread]: Sending event: {'category': 'dbt', 'action': 'runnable_timing', 'label': 'ea994fce-49d9-4c86-baa1-858878a223e3', 'context': [<snowplow_tracker.self_describing_json.SelfDescribingJson object at 0x0000026713A0F0D0>]}
[0m03:12:34.353410 [debug] [MainThread]: On master: ROLLBACK
[0m03:12:34.603961 [debug] [MainThread]: On master: COMMIT
[0m03:12:34.604975 [debug] [MainThread]: Using postgres connection "master"
[0m03:12:34.605973 [debug] [MainThread]: On master: COMMIT
[0m03:12:35.096692 [debug] [MainThread]: SQL status: COMMIT in 0.500 seconds
[0m03:12:35.096692 [debug] [MainThread]: On master: Close
[0m03:12:35.112611 [debug] [Thread-1 (]: Began running node test.dbt_crypto.assert_close_time_gte_open_time
[0m03:12:35.112611 [info ] [Thread-1 (]: 1 of 1 START test assert_close_time_gte_open_time .............................. [RUN]
[0m03:12:35.112611 [debug] [Thread-1 (]: Acquiring new postgres connection 'test.dbt_crypto.assert_close_time_gte_open_time'
[0m03:12:35.112611 [debug] [Thread-1 (]: Began compiling node test.dbt_crypto.assert_close_time_gte_open_time
[0m03:12:35.128348 [debug] [Thread-1 (]: Writing injected SQL for node "test.dbt_crypto.assert_close_time_gte_open_time"
[0m03:12:35.131658 [debug] [Thread-1 (]: Began executing node test.dbt_crypto.assert_close_time_gte_open_time
[0m03:12:35.148107 [debug] [Thread-1 (]: Writing runtime sql for node "test.dbt_crypto.assert_close_time_gte_open_time"
[0m03:12:35.148107 [debug] [Thread-1 (]: Using postgres connection "test.dbt_crypto.assert_close_time_gte_open_time"
[0m03:12:35.148107 [debug] [Thread-1 (]: On test.dbt_crypto.assert_close_time_gte_open_time: /* {"app": "dbt", "dbt_version": "1.12.3", "profile_name": "dbt_crypto", "target_name": "dev", "node_id": "test.dbt_crypto.assert_close_time_gte_open_time"} */

    
    select
      count(*) as failures,
      count(*) != 0 as should_warn,
      count(*) != 0 as should_error
    from (
      
    
  SELECT
    symbol,
    interval,
    open_time,
    close_time

FROM "neondb"."analytics"."stg_crypto_klines"

WHERE close_time < open_time
  
  
      
    ) dbt_internal_test
[0m03:12:35.148107 [debug] [Thread-1 (]: Opening a new connection, currently in state init
[0m03:12:37.561327 [debug] [Thread-1 (]: SQL status: SELECT 1 in 2.412 seconds
[0m03:12:37.580944 [debug] [Thread-1 (]: On test.dbt_crypto.assert_close_time_gte_open_time: ROLLBACK
[0m03:12:37.843923 [debug] [Thread-1 (]: On test.dbt_crypto.assert_close_time_gte_open_time: Close
[0m03:12:37.845919 [info ] [Thread-1 (]: 1 of 1 PASS assert_close_time_gte_open_time .................................... [[32mPASS[0m in 2.73s]
[0m03:12:37.847627 [debug] [Thread-1 (]: Finished running node test.dbt_crypto.assert_close_time_gte_open_time
[0m03:12:37.849259 [debug] [MainThread]: On master: COMMIT
[0m03:12:37.851256 [debug] [MainThread]: Using postgres connection "master"
[0m03:12:37.852257 [debug] [MainThread]: On master: COMMIT
[0m03:12:37.853255 [debug] [MainThread]: Opening a new connection, currently in state closed
[0m03:12:39.841457 [debug] [MainThread]: SQL status: COMMIT in 1.989 seconds
[0m03:12:39.843475 [debug] [MainThread]: On master: Close
[0m03:12:39.845482 [debug] [MainThread]: Connection 'master' was properly closed.
[0m03:12:39.846488 [debug] [MainThread]: Connection 'list_neondb_analytics' was properly closed.
[0m03:12:39.847482 [debug] [MainThread]: Connection 'test.dbt_crypto.assert_close_time_gte_open_time' was properly closed.
[0m03:12:39.847482 [info ] [MainThread]: 
[0m03:12:39.847482 [info ] [MainThread]: Finished running 1 test in 0 hours 0 minutes and 11.35 seconds (11.35s).
[0m03:12:39.847482 [debug] [MainThread]: Command end result
[0m03:12:39.882714 [debug] [MainThread]: Wrote artifact WritableManifest to C:\Users\eknmeeu\Downloads\Py_Neeraj\DE_P\dbt\dbt_crypto\target\manifest.json
[0m03:12:39.898729 [debug] [MainThread]: Wrote artifact SemanticManifest to C:\Users\eknmeeu\Downloads\Py_Neeraj\DE_P\dbt\dbt_crypto\target\semantic_manifest.json
[0m03:12:39.904680 [debug] [MainThread]: Wrote artifact OsiDocument to C:\Users\eknmeeu\Downloads\Py_Neeraj\DE_P\dbt\dbt_crypto\target\osi_document.json
[0m03:12:39.915675 [debug] [MainThread]: Wrote artifact RunExecutionResult to C:\Users\eknmeeu\Downloads\Py_Neeraj\DE_P\dbt\dbt_crypto\target\run_results.json
[0m03:12:39.915675 [info ] [MainThread]: 
[0m03:12:39.916675 [info ] [MainThread]: [32mCompleted successfully[0m
[0m03:12:39.917760 [info ] [MainThread]: 
[0m03:12:39.918681 [info ] [MainThread]: Done. PASS=1 WARN=0 ERROR=0 SKIP=0 NO-OP=0 REUSED=0 TOTAL=1
[0m03:12:39.920760 [debug] [MainThread]: Command `dbt test` succeeded at 03:12:39.919681 after 13.35 seconds
[0m03:12:39.921675 [debug] [MainThread]: Sending event: {'category': 'dbt', 'action': 'invocation', 'label': 'end', 'context': [<snowplow_tracker.self_describing_json.SelfDescribingJson object at 0x00000267109BB610>, <snowplow_tracker.self_describing_json.SelfDescribingJson object at 0x000002670EEBFAC0>, <snowplow_tracker.self_describing_json.SelfDescribingJson object at 0x0000026710D5B160>]}
[0m03:12:39.921675 [debug] [MainThread]: Flushing usage events
[0m03:12:41.512237 [debug] [MainThread]: An error was encountered while trying to flush usage events
[0m03:13:24.179874 [debug] [MainThread]: Sending event: {'category': 'dbt', 'action': 'invocation', 'label': 'start', 'context': [<snowplow_tracker.self_describing_json.SelfDescribingJson object at 0x000002245131B5E0>, <snowplow_tracker.self_describing_json.SelfDescribingJson object at 0x0000022452B84CA0>, <snowplow_tracker.self_describing_json.SelfDescribingJson object at 0x0000022452B84AC0>]}


============================== 03:13:24.189845 | 2d6bda3d-c02f-44a2-bdf5-89c506204c4d ==============================
[0m03:13:24.189845 [info ] [MainThread]: Running with dbt=1.12.3
[0m03:13:24.189845 [debug] [MainThread]: running dbt with arguments {'maximum_seed_size_mib': '1', 'no_print': 'None', 'static_parser': 'True', 'target_path': 'None', 'warn_error_options': 'WarnErrorOptionsV2(error=[], warn=[], silence=[])', 'version_check': 'True', 'printer_width': '80', 'write_json': 'True', 'empty': 'None', 'log_cache_events': 'False', 'introspect': 'True', 'cache_selected_only': 'False', 'fail_fast': 'False', 'debug': 'False', 'log_format': 'default', 'partial_parse': 'True', 'send_anonymous_usage_stats': 'True', 'quiet': 'False', 'warn_error': 'None', 'profiles_dir': 'C:\\Users\\eknmeeu\\.dbt', 'invocation_command': 'dbt test --select assert_unique_candle_key', 'hints_enabled': 'True', 'indirect_selection': 'eager', 'use_experimental_parser': 'False', 'use_colors': 'True', 'log_path': 'C:\\Users\\eknmeeu\\Downloads\\Py_Neeraj\\DE_P\\dbt\\dbt_crypto\\logs'}
[0m03:13:24.445353 [debug] [MainThread]: Sending event: {'category': 'dbt', 'action': 'project_id', 'label': '2d6bda3d-c02f-44a2-bdf5-89c506204c4d', 'context': [<snowplow_tracker.self_describing_json.SelfDescribingJson object at 0x0000022452A8A650>]}
[0m03:13:24.556410 [debug] [MainThread]: Sending event: {'category': 'dbt', 'action': 'adapter_info', 'label': '2d6bda3d-c02f-44a2-bdf5-89c506204c4d', 'context': [<snowplow_tracker.self_describing_json.SelfDescribingJson object at 0x00000224517F6860>]}
[0m03:13:24.556410 [info ] [MainThread]: Registered adapter: postgres=1.11.0
[0m03:13:24.935596 [debug] [MainThread]: checksum: 15b6814c27264d0629857aab4d824ec3aa97fd3d23a0ccfc8ec203ae2aba15df, vars: {}, profile: dbt_crypto, target: dev, version: 1.12.3
[0m03:13:25.232476 [debug] [MainThread]: Partial parsing enabled: 0 files deleted, 1 files added, 0 files changed.
[0m03:13:25.233327 [debug] [MainThread]: Partial parsing: added file: dbt_crypto://tests\assert_unique_candle_key.sql
[0m03:13:25.468089 [debug] [MainThread]: Sending event: {'category': 'dbt', 'action': 'load_project', 'label': '2d6bda3d-c02f-44a2-bdf5-89c506204c4d', 'context': [<snowplow_tracker.self_describing_json.SelfDescribingJson object at 0x000002245443B0D0>]}
[0m03:13:25.642693 [debug] [MainThread]: Wrote artifact WritableManifest to C:\Users\eknmeeu\Downloads\Py_Neeraj\DE_P\dbt\dbt_crypto\target\manifest.json
[0m03:13:25.650210 [debug] [MainThread]: Wrote artifact SemanticManifest to C:\Users\eknmeeu\Downloads\Py_Neeraj\DE_P\dbt\dbt_crypto\target\semantic_manifest.json
[0m03:13:25.684446 [debug] [MainThread]: Wrote artifact OsiDocument to C:\Users\eknmeeu\Downloads\Py_Neeraj\DE_P\dbt\dbt_crypto\target\osi_document.json
[0m03:13:25.717032 [debug] [MainThread]: Sending event: {'category': 'dbt', 'action': 'resource_counts', 'label': '2d6bda3d-c02f-44a2-bdf5-89c506204c4d', 'context': [<snowplow_tracker.self_describing_json.SelfDescribingJson object at 0x0000022454462680>]}
[0m03:13:25.717032 [info ] [MainThread]: Found 3 models, 28 data tests, 1 source, 477 macros
[0m03:13:25.717032 [debug] [MainThread]: Sending event: {'category': 'dbt', 'action': 'runnable_timing', 'label': '2d6bda3d-c02f-44a2-bdf5-89c506204c4d', 'context': [<snowplow_tracker.self_describing_json.SelfDescribingJson object at 0x0000022454463700>]}
[0m03:13:25.727060 [info ] [MainThread]: 
[0m03:13:25.727060 [info ] [MainThread]: Concurrency: 4 threads (target='dev')
[0m03:13:25.727060 [info ] [MainThread]: 
[0m03:13:25.727060 [debug] [MainThread]: Acquiring new postgres connection 'master'
[0m03:13:25.735869 [debug] [ThreadPool]: Acquiring new postgres connection 'list_neondb_analytics'
[0m03:13:26.011949 [debug] [ThreadPool]: Using postgres connection "list_neondb_analytics"
[0m03:13:26.013528 [debug] [ThreadPool]: On list_neondb_analytics: /* {"app": "dbt", "dbt_version": "1.12.3", "profile_name": "dbt_crypto", "target_name": "dev", "connection_name": "list_neondb_analytics"} */
select
      'neondb' as database,
      tablename as name,
      schemaname as schema,
      'table' as type
    from pg_tables
    where schemaname ilike 'analytics'
    union all
    select
      'neondb' as database,
      viewname as name,
      schemaname as schema,
      'view' as type
    from pg_views
    where schemaname ilike 'analytics'
    union all
    select
      'neondb' as database,
      matviewname as name,
      schemaname as schema,
      'materialized_view' as type
    from pg_matviews
    where schemaname ilike 'analytics'
    union all
    select distinct
     'neondb' as database,
     proname as name,
     ns.nspname as schema,
     'function' as type
    from pg_proc
     join pg_namespace as ns on pronamespace = ns.oid
    where ns.nspname ilike 'analytics'
  
[0m03:13:26.013528 [debug] [ThreadPool]: Opening a new connection, currently in state init
[0m03:13:28.009359 [debug] [ThreadPool]: SQL status: SELECT 3 in 2.006 seconds
[0m03:13:28.009359 [debug] [ThreadPool]: On list_neondb_analytics: ROLLBACK
[0m03:13:28.267978 [debug] [ThreadPool]: On list_neondb_analytics: Close
[0m03:13:28.277084 [debug] [MainThread]: Using postgres connection "master"
[0m03:13:28.278991 [debug] [MainThread]: On master: /* {"app": "dbt", "dbt_version": "1.12.3", "profile_name": "dbt_crypto", "target_name": "dev", "connection_name": "master"} */
select distinct
        dependent_namespace.nspname as dependent_schema,
        dependent_class.relname as dependent_name,
        referenced_namespace.nspname as referenced_schema,
        referenced_class.relname as referenced_name

    -- Query for views: views are entries in pg_class with an entry in pg_rewrite, but we avoid
    -- a seq scan on pg_rewrite by leveraging the fact there is an "internal" row in pg_depend for
    -- the view...
    from pg_class as dependent_class
    join pg_namespace as dependent_namespace on dependent_namespace.oid = dependent_class.relnamespace
    join pg_depend as dependent_depend on dependent_depend.refobjid = dependent_class.oid
        and dependent_depend.classid = 'pg_rewrite'::regclass
        and dependent_depend.refclassid = 'pg_class'::regclass
        and dependent_depend.deptype = 'i'

    -- ... and via pg_depend (that has a row per column, hence the need for "distinct" above, and
    -- making sure to exclude the internal row to avoid a view appearing to depend on itself)...
    join pg_depend as joining_depend on joining_depend.objid = dependent_depend.objid
        and joining_depend.classid = 'pg_rewrite'::regclass
        and joining_depend.refclassid = 'pg_class'::regclass
        and joining_depend.refobjid != dependent_depend.refobjid

    -- ... we can find the tables they query from in pg_class, but excluding system tables. Note we
    -- don't need need to exclude _dependent_ system tables, because they only query from other
    -- system tables, and so are automatically excluded by excluding _referenced_ system tables
    join pg_class as referenced_class on referenced_class.oid = joining_depend.refobjid
    join pg_namespace as referenced_namespace on referenced_namespace.oid = referenced_class.relnamespace
        and referenced_namespace.nspname != 'information_schema'
        and referenced_namespace.nspname not like 'pg\_%'

    order by
        dependent_schema, dependent_name, referenced_schema, referenced_name;
[0m03:13:28.279336 [debug] [MainThread]: Opening a new connection, currently in state init
[0m03:13:30.238990 [debug] [MainThread]: SQL status: SELECT 3 in 1.960 seconds
[0m03:13:30.241996 [debug] [MainThread]: Sending event: {'category': 'dbt', 'action': 'runnable_timing', 'label': '2d6bda3d-c02f-44a2-bdf5-89c506204c4d', 'context': [<snowplow_tracker.self_describing_json.SelfDescribingJson object at 0x0000022454463760>]}
[0m03:13:30.242995 [debug] [MainThread]: On master: ROLLBACK
[0m03:13:30.482238 [debug] [MainThread]: On master: COMMIT
[0m03:13:30.482238 [debug] [MainThread]: Using postgres connection "master"
[0m03:13:30.482238 [debug] [MainThread]: On master: COMMIT
[0m03:13:30.963861 [debug] [MainThread]: SQL status: COMMIT in 0.485 seconds
[0m03:13:30.963861 [debug] [MainThread]: On master: Close
[0m03:13:30.981216 [debug] [Thread-1 (]: Began running node test.dbt_crypto.assert_unique_candle_key
[0m03:13:30.982801 [info ] [Thread-1 (]: 1 of 1 START test assert_unique_candle_key ..................................... [RUN]
[0m03:13:30.983808 [debug] [Thread-1 (]: Acquiring new postgres connection 'test.dbt_crypto.assert_unique_candle_key'
[0m03:13:30.984886 [debug] [Thread-1 (]: Began compiling node test.dbt_crypto.assert_unique_candle_key
[0m03:13:30.990893 [debug] [Thread-1 (]: Writing injected SQL for node "test.dbt_crypto.assert_unique_candle_key"
[0m03:13:30.993846 [debug] [Thread-1 (]: Began executing node test.dbt_crypto.assert_unique_candle_key
[0m03:13:31.013029 [debug] [Thread-1 (]: Writing runtime sql for node "test.dbt_crypto.assert_unique_candle_key"
[0m03:13:31.017234 [debug] [Thread-1 (]: Using postgres connection "test.dbt_crypto.assert_unique_candle_key"
[0m03:13:31.019242 [debug] [Thread-1 (]: On test.dbt_crypto.assert_unique_candle_key: /* {"app": "dbt", "dbt_version": "1.12.3", "profile_name": "dbt_crypto", "target_name": "dev", "node_id": "test.dbt_crypto.assert_unique_candle_key"} */

    
    select
      count(*) as failures,
      count(*) != 0 as should_warn,
      count(*) != 0 as should_error
    from (
      
    
  SELECT
    symbol,
    interval,
    open_time,
    COUNT(*) AS duplicate_count

FROM "neondb"."analytics"."stg_crypto_klines"

GROUP BY
    symbol,
    interval,
    open_time

HAVING COUNT(*) > 1
  
  
      
    ) dbt_internal_test
[0m03:13:31.019242 [debug] [Thread-1 (]: Opening a new connection, currently in state init
[0m03:13:33.343623 [debug] [Thread-1 (]: SQL status: SELECT 1 in 2.322 seconds
[0m03:13:33.351885 [debug] [Thread-1 (]: On test.dbt_crypto.assert_unique_candle_key: ROLLBACK
[0m03:13:33.601368 [debug] [Thread-1 (]: On test.dbt_crypto.assert_unique_candle_key: Close
[0m03:13:33.602437 [info ] [Thread-1 (]: 1 of 1 PASS assert_unique_candle_key ........................................... [[32mPASS[0m in 2.62s]
[0m03:13:33.603510 [debug] [Thread-1 (]: Finished running node test.dbt_crypto.assert_unique_candle_key
[0m03:13:33.606032 [debug] [MainThread]: On master: COMMIT
[0m03:13:33.607038 [debug] [MainThread]: Using postgres connection "master"
[0m03:13:33.608030 [debug] [MainThread]: On master: COMMIT
[0m03:13:33.608030 [debug] [MainThread]: Opening a new connection, currently in state closed
[0m03:13:35.579461 [debug] [MainThread]: SQL status: COMMIT in 1.975 seconds
[0m03:13:35.579461 [debug] [MainThread]: On master: Close
[0m03:13:35.579461 [debug] [MainThread]: Connection 'master' was properly closed.
[0m03:13:35.579461 [debug] [MainThread]: Connection 'list_neondb_analytics' was properly closed.
[0m03:13:35.579461 [debug] [MainThread]: Connection 'test.dbt_crypto.assert_unique_candle_key' was properly closed.
[0m03:13:35.579461 [info ] [MainThread]: 
[0m03:13:35.579461 [info ] [MainThread]: Finished running 1 test in 0 hours 0 minutes and 9.85 seconds (9.85s).
[0m03:13:35.579461 [debug] [MainThread]: Command end result
[0m03:13:35.634660 [debug] [MainThread]: Wrote artifact WritableManifest to C:\Users\eknmeeu\Downloads\Py_Neeraj\DE_P\dbt\dbt_crypto\target\manifest.json
[0m03:13:35.639009 [debug] [MainThread]: Wrote artifact SemanticManifest to C:\Users\eknmeeu\Downloads\Py_Neeraj\DE_P\dbt\dbt_crypto\target\semantic_manifest.json
[0m03:13:35.646829 [debug] [MainThread]: Wrote artifact OsiDocument to C:\Users\eknmeeu\Downloads\Py_Neeraj\DE_P\dbt\dbt_crypto\target\osi_document.json
[0m03:13:35.650244 [debug] [MainThread]: Wrote artifact RunExecutionResult to C:\Users\eknmeeu\Downloads\Py_Neeraj\DE_P\dbt\dbt_crypto\target\run_results.json
[0m03:13:35.650244 [info ] [MainThread]: 
[0m03:13:35.650244 [info ] [MainThread]: [32mCompleted successfully[0m
[0m03:13:35.650244 [info ] [MainThread]: 
[0m03:13:35.650244 [info ] [MainThread]: Done. PASS=1 WARN=0 ERROR=0 SKIP=0 NO-OP=0 REUSED=0 TOTAL=1
[0m03:13:35.663532 [debug] [MainThread]: Command `dbt test` succeeded at 03:13:35.662434 after 11.87 seconds
[0m03:13:35.664442 [debug] [MainThread]: Sending event: {'category': 'dbt', 'action': 'invocation', 'label': 'end', 'context': [<snowplow_tracker.self_describing_json.SelfDescribingJson object at 0x000002245131B5E0>, <snowplow_tracker.self_describing_json.SelfDescribingJson object at 0x0000022453FDAE60>, <snowplow_tracker.self_describing_json.SelfDescribingJson object at 0x0000022452C2A320>]}
[0m03:13:35.665518 [debug] [MainThread]: Flushing usage events
[0m03:13:36.579571 [debug] [MainThread]: An error was encountered while trying to flush usage events
[0m03:14:19.702978 [debug] [MainThread]: Sending event: {'category': 'dbt', 'action': 'invocation', 'label': 'start', 'context': [<snowplow_tracker.self_describing_json.SelfDescribingJson object at 0x0000026A36AFB5E0>, <snowplow_tracker.self_describing_json.SelfDescribingJson object at 0x0000026A39334D00>, <snowplow_tracker.self_describing_json.SelfDescribingJson object at 0x0000026A39334B20>]}


============================== 03:14:19.702978 | 48268868-bdd9-4c8a-9ecb-2ba4f8e70430 ==============================
[0m03:14:19.702978 [info ] [MainThread]: Running with dbt=1.12.3
[0m03:14:19.709582 [debug] [MainThread]: running dbt with arguments {'static_parser': 'True', 'no_print': 'None', 'maximum_seed_size_mib': '1', 'target_path': 'None', 'version_check': 'True', 'warn_error_options': 'WarnErrorOptionsV2(error=[], warn=[], silence=[])', 'printer_width': '80', 'write_json': 'True', 'empty': 'None', 'log_cache_events': 'False', 'introspect': 'True', 'cache_selected_only': 'False', 'fail_fast': 'False', 'debug': 'False', 'log_format': 'default', 'partial_parse': 'True', 'send_anonymous_usage_stats': 'True', 'quiet': 'False', 'warn_error': 'None', 'profiles_dir': 'C:\\Users\\eknmeeu\\.dbt', 'invocation_command': 'dbt test --select assert_no_candle_gaps', 'hints_enabled': 'True', 'indirect_selection': 'eager', 'use_experimental_parser': 'False', 'use_colors': 'True', 'log_path': 'C:\\Users\\eknmeeu\\Downloads\\Py_Neeraj\\DE_P\\dbt\\dbt_crypto\\logs'}
[0m03:14:19.970184 [debug] [MainThread]: Sending event: {'category': 'dbt', 'action': 'project_id', 'label': '48268868-bdd9-4c8a-9ecb-2ba4f8e70430', 'context': [<snowplow_tracker.self_describing_json.SelfDescribingJson object at 0x0000026A34EAA590>]}
[0m03:14:20.070662 [debug] [MainThread]: Sending event: {'category': 'dbt', 'action': 'adapter_info', 'label': '48268868-bdd9-4c8a-9ecb-2ba4f8e70430', 'context': [<snowplow_tracker.self_describing_json.SelfDescribingJson object at 0x0000026A37FA2860>]}
[0m03:14:20.073262 [info ] [MainThread]: Registered adapter: postgres=1.11.0
[0m03:14:20.449384 [debug] [MainThread]: checksum: 15b6814c27264d0629857aab4d824ec3aa97fd3d23a0ccfc8ec203ae2aba15df, vars: {}, profile: dbt_crypto, target: dev, version: 1.12.3
[0m03:14:20.742267 [debug] [MainThread]: Partial parsing enabled: 0 files deleted, 1 files added, 0 files changed.
[0m03:14:20.742267 [debug] [MainThread]: Partial parsing: added file: dbt_crypto://tests\assert_no_candle_gaps.sql
[0m03:14:20.960907 [debug] [MainThread]: Sending event: {'category': 'dbt', 'action': 'load_project', 'label': '48268868-bdd9-4c8a-9ecb-2ba4f8e70430', 'context': [<snowplow_tracker.self_describing_json.SelfDescribingJson object at 0x0000026A3ABE9CC0>]}
[0m03:14:21.140100 [debug] [MainThread]: Wrote artifact WritableManifest to C:\Users\eknmeeu\Downloads\Py_Neeraj\DE_P\dbt\dbt_crypto\target\manifest.json
[0m03:14:21.147424 [debug] [MainThread]: Wrote artifact SemanticManifest to C:\Users\eknmeeu\Downloads\Py_Neeraj\DE_P\dbt\dbt_crypto\target\semantic_manifest.json
[0m03:14:21.177782 [debug] [MainThread]: Wrote artifact OsiDocument to C:\Users\eknmeeu\Downloads\Py_Neeraj\DE_P\dbt\dbt_crypto\target\osi_document.json
[0m03:14:21.209414 [debug] [MainThread]: Sending event: {'category': 'dbt', 'action': 'resource_counts', 'label': '48268868-bdd9-4c8a-9ecb-2ba4f8e70430', 'context': [<snowplow_tracker.self_describing_json.SelfDescribingJson object at 0x0000026A3ACDAD40>]}
[0m03:14:21.209414 [info ] [MainThread]: Found 3 models, 29 data tests, 1 source, 477 macros
[0m03:14:21.209414 [debug] [MainThread]: Sending event: {'category': 'dbt', 'action': 'runnable_timing', 'label': '48268868-bdd9-4c8a-9ecb-2ba4f8e70430', 'context': [<snowplow_tracker.self_describing_json.SelfDescribingJson object at 0x0000026A3ACD8E20>]}
[0m03:14:21.209414 [info ] [MainThread]: 
[0m03:14:21.209414 [info ] [MainThread]: Concurrency: 4 threads (target='dev')
[0m03:14:21.209414 [info ] [MainThread]: 
[0m03:14:21.209414 [debug] [MainThread]: Acquiring new postgres connection 'master'
[0m03:14:21.228618 [debug] [ThreadPool]: Acquiring new postgres connection 'list_neondb_analytics'
[0m03:14:21.494134 [debug] [ThreadPool]: Using postgres connection "list_neondb_analytics"
[0m03:14:21.494134 [debug] [ThreadPool]: On list_neondb_analytics: /* {"app": "dbt", "dbt_version": "1.12.3", "profile_name": "dbt_crypto", "target_name": "dev", "connection_name": "list_neondb_analytics"} */
select
      'neondb' as database,
      tablename as name,
      schemaname as schema,
      'table' as type
    from pg_tables
    where schemaname ilike 'analytics'
    union all
    select
      'neondb' as database,
      viewname as name,
      schemaname as schema,
      'view' as type
    from pg_views
    where schemaname ilike 'analytics'
    union all
    select
      'neondb' as database,
      matviewname as name,
      schemaname as schema,
      'materialized_view' as type
    from pg_matviews
    where schemaname ilike 'analytics'
    union all
    select distinct
     'neondb' as database,
     proname as name,
     ns.nspname as schema,
     'function' as type
    from pg_proc
     join pg_namespace as ns on pronamespace = ns.oid
    where ns.nspname ilike 'analytics'
  
[0m03:14:21.494134 [debug] [ThreadPool]: Opening a new connection, currently in state init
[0m03:14:23.611931 [debug] [ThreadPool]: SQL status: SELECT 3 in 2.116 seconds
[0m03:14:23.611931 [debug] [ThreadPool]: On list_neondb_analytics: ROLLBACK
[0m03:14:23.862801 [debug] [ThreadPool]: On list_neondb_analytics: Close
[0m03:14:23.872095 [debug] [MainThread]: Using postgres connection "master"
[0m03:14:23.872095 [debug] [MainThread]: On master: /* {"app": "dbt", "dbt_version": "1.12.3", "profile_name": "dbt_crypto", "target_name": "dev", "connection_name": "master"} */
select distinct
        dependent_namespace.nspname as dependent_schema,
        dependent_class.relname as dependent_name,
        referenced_namespace.nspname as referenced_schema,
        referenced_class.relname as referenced_name

    -- Query for views: views are entries in pg_class with an entry in pg_rewrite, but we avoid
    -- a seq scan on pg_rewrite by leveraging the fact there is an "internal" row in pg_depend for
    -- the view...
    from pg_class as dependent_class
    join pg_namespace as dependent_namespace on dependent_namespace.oid = dependent_class.relnamespace
    join pg_depend as dependent_depend on dependent_depend.refobjid = dependent_class.oid
        and dependent_depend.classid = 'pg_rewrite'::regclass
        and dependent_depend.refclassid = 'pg_class'::regclass
        and dependent_depend.deptype = 'i'

    -- ... and via pg_depend (that has a row per column, hence the need for "distinct" above, and
    -- making sure to exclude the internal row to avoid a view appearing to depend on itself)...
    join pg_depend as joining_depend on joining_depend.objid = dependent_depend.objid
        and joining_depend.classid = 'pg_rewrite'::regclass
        and joining_depend.refclassid = 'pg_class'::regclass
        and joining_depend.refobjid != dependent_depend.refobjid

    -- ... we can find the tables they query from in pg_class, but excluding system tables. Note we
    -- don't need need to exclude _dependent_ system tables, because they only query from other
    -- system tables, and so are automatically excluded by excluding _referenced_ system tables
    join pg_class as referenced_class on referenced_class.oid = joining_depend.refobjid
    join pg_namespace as referenced_namespace on referenced_namespace.oid = referenced_class.relnamespace
        and referenced_namespace.nspname != 'information_schema'
        and referenced_namespace.nspname not like 'pg\_%'

    order by
        dependent_schema, dependent_name, referenced_schema, referenced_name;
[0m03:14:23.872095 [debug] [MainThread]: Opening a new connection, currently in state init
[0m03:14:25.990445 [debug] [MainThread]: SQL status: SELECT 3 in 2.114 seconds
[0m03:14:25.992190 [debug] [MainThread]: Sending event: {'category': 'dbt', 'action': 'runnable_timing', 'label': '48268868-bdd9-4c8a-9ecb-2ba4f8e70430', 'context': [<snowplow_tracker.self_describing_json.SelfDescribingJson object at 0x0000026A3ACDBA60>]}
[0m03:14:25.992190 [debug] [MainThread]: On master: ROLLBACK
[0m03:14:26.242779 [debug] [MainThread]: On master: COMMIT
[0m03:14:26.242779 [debug] [MainThread]: Using postgres connection "master"
[0m03:14:26.242779 [debug] [MainThread]: On master: COMMIT
[0m03:14:26.759949 [debug] [MainThread]: SQL status: COMMIT in 0.512 seconds
[0m03:14:26.759949 [debug] [MainThread]: On master: Close
[0m03:14:26.776580 [debug] [Thread-1 (]: Began running node test.dbt_crypto.assert_no_candle_gaps
[0m03:14:26.776580 [info ] [Thread-1 (]: 1 of 1 START test assert_no_candle_gaps ........................................ [RUN]
[0m03:14:26.776580 [debug] [Thread-1 (]: Acquiring new postgres connection 'test.dbt_crypto.assert_no_candle_gaps'
[0m03:14:26.776580 [debug] [Thread-1 (]: Began compiling node test.dbt_crypto.assert_no_candle_gaps
[0m03:14:26.776580 [debug] [Thread-1 (]: Writing injected SQL for node "test.dbt_crypto.assert_no_candle_gaps"
[0m03:14:26.791980 [debug] [Thread-1 (]: Began executing node test.dbt_crypto.assert_no_candle_gaps
[0m03:14:26.811407 [debug] [Thread-1 (]: Writing runtime sql for node "test.dbt_crypto.assert_no_candle_gaps"
[0m03:14:26.811407 [debug] [Thread-1 (]: Using postgres connection "test.dbt_crypto.assert_no_candle_gaps"
[0m03:14:26.811407 [debug] [Thread-1 (]: On test.dbt_crypto.assert_no_candle_gaps: /* {"app": "dbt", "dbt_version": "1.12.3", "profile_name": "dbt_crypto", "target_name": "dev", "node_id": "test.dbt_crypto.assert_no_candle_gaps"} */

    
    select
      count(*) as failures,
      count(*) != 0 as should_warn,
      count(*) != 0 as should_error
    from (
      
    
  WITH ordered_candles AS (
    SELECT
        symbol,
        interval,
        open_time,
        LAG(open_time) OVER (
            PARTITION BY symbol, interval
            ORDER BY open_time
        ) AS previous_open_time
    FROM "neondb"."analytics"."stg_crypto_klines"
)

SELECT
    symbol,
    interval,
    previous_open_time,
    open_time,
    open_time - previous_open_time AS gap

FROM ordered_candles

WHERE previous_open_time IS NOT NULL
  AND open_time - previous_open_time > INTERVAL '1 minute'
  
  
      
    ) dbt_internal_test
[0m03:14:26.811407 [debug] [Thread-1 (]: Opening a new connection, currently in state init
[0m03:14:28.695394 [debug] [Thread-1 (]: SQL status: SELECT 1 in 1.890 seconds
[0m03:14:28.714686 [debug] [Thread-1 (]: On test.dbt_crypto.assert_no_candle_gaps: ROLLBACK
[0m03:14:28.940326 [debug] [Thread-1 (]: On test.dbt_crypto.assert_no_candle_gaps: Close
[0m03:14:28.940326 [error] [Thread-1 (]: 1 of 1 FAIL 12 assert_no_candle_gaps ........................................... [[31mFAIL 12[0m in 2.16s]
[0m03:14:28.956286 [debug] [Thread-1 (]: Finished running node test.dbt_crypto.assert_no_candle_gaps
[0m03:14:28.956286 [debug] [MainThread]: On master: COMMIT
[0m03:14:28.962000 [debug] [MainThread]: Using postgres connection "master"
[0m03:14:28.962000 [debug] [MainThread]: On master: COMMIT
[0m03:14:28.962000 [debug] [MainThread]: Opening a new connection, currently in state closed
[0m03:14:31.017573 [debug] [MainThread]: SQL status: COMMIT in 2.059 seconds
[0m03:14:31.023825 [debug] [MainThread]: On master: Close
[0m03:14:31.023825 [debug] [MainThread]: Connection 'master' was properly closed.
[0m03:14:31.023825 [debug] [MainThread]: Connection 'list_neondb_analytics' was properly closed.
[0m03:14:31.023825 [debug] [MainThread]: Connection 'test.dbt_crypto.assert_no_candle_gaps' was properly closed.
[0m03:14:31.023825 [info ] [MainThread]: 
[0m03:14:31.023825 [info ] [MainThread]: Finished running 1 test in 0 hours 0 minutes and 9.81 seconds (9.81s).
[0m03:14:31.023825 [debug] [MainThread]: Command end result
[0m03:14:31.073211 [debug] [MainThread]: Wrote artifact WritableManifest to C:\Users\eknmeeu\Downloads\Py_Neeraj\DE_P\dbt\dbt_crypto\target\manifest.json
[0m03:14:31.080210 [debug] [MainThread]: Wrote artifact SemanticManifest to C:\Users\eknmeeu\Downloads\Py_Neeraj\DE_P\dbt\dbt_crypto\target\semantic_manifest.json
[0m03:14:31.087284 [debug] [MainThread]: Wrote artifact OsiDocument to C:\Users\eknmeeu\Downloads\Py_Neeraj\DE_P\dbt\dbt_crypto\target\osi_document.json
[0m03:14:31.098934 [debug] [MainThread]: Wrote artifact RunExecutionResult to C:\Users\eknmeeu\Downloads\Py_Neeraj\DE_P\dbt\dbt_crypto\target\run_results.json
[0m03:14:31.099880 [info ] [MainThread]: 
[0m03:14:31.100880 [info ] [MainThread]: [31mCompleted with 1 error, 0 partial successes, and 0 warnings:[0m
[0m03:14:31.101881 [info ] [MainThread]: 
[0m03:14:31.102880 [error] [MainThread]: [[31mERROR[0m]: in test assert_no_candle_gaps (tests\assert_no_candle_gaps.sql)
[0m03:14:31.103886 [error] [MainThread]:   Got 12 results, configured to fail if != 0
[0m03:14:31.103886 [info ] [MainThread]: 
[0m03:14:31.104924 [info ] [MainThread]:   compiled code at target\compiled\dbt_crypto\tests\assert_no_candle_gaps.sql
[0m03:14:31.106890 [info ] [MainThread]: 
[0m03:14:31.107886 [info ] [MainThread]: Done. PASS=0 WARN=0 ERROR=1 SKIP=0 NO-OP=0 REUSED=0 TOTAL=1
[0m03:14:31.109884 [debug] [MainThread]: Command `dbt test` failed at 03:14:31.109884 after 11.80 seconds
[0m03:14:31.110887 [debug] [MainThread]: Sending event: {'category': 'dbt', 'action': 'invocation', 'label': 'end', 'context': [<snowplow_tracker.self_describing_json.SelfDescribingJson object at 0x0000026A36AFB5E0>, <snowplow_tracker.self_describing_json.SelfDescribingJson object at 0x0000026A37FA2860>, <snowplow_tracker.self_describing_json.SelfDescribingJson object at 0x0000026A3ACCD120>]}
[0m03:14:31.111887 [debug] [MainThread]: Flushing usage events
[0m03:14:32.423646 [debug] [MainThread]: An error was encountered while trying to flush usage events
[0m03:16:47.896162 [debug] [MainThread]: Sending event: {'category': 'dbt', 'action': 'invocation', 'label': 'start', 'context': [<snowplow_tracker.self_describing_json.SelfDescribingJson object at 0x000001C3B521B640>, <snowplow_tracker.self_describing_json.SelfDescribingJson object at 0x000001C3B6A84D60>, <snowplow_tracker.self_describing_json.SelfDescribingJson object at 0x000001C3B6A84B80>]}


============================== 03:16:47.905166 | 046b6af4-1c9b-4ff8-bb52-82f6ed8de46a ==============================
[0m03:16:47.905166 [info ] [MainThread]: Running with dbt=1.12.3
[0m03:16:47.907165 [debug] [MainThread]: running dbt with arguments {'version_check': 'True', 'no_print': 'None', 'static_parser': 'True', 'target_path': 'None', 'warn_error_options': 'WarnErrorOptionsV2(error=[], warn=[], silence=[])', 'maximum_seed_size_mib': '1', 'printer_width': '80', 'write_json': 'True', 'empty': 'None', 'log_cache_events': 'False', 'introspect': 'True', 'cache_selected_only': 'False', 'fail_fast': 'False', 'debug': 'False', 'log_format': 'default', 'partial_parse': 'True', 'send_anonymous_usage_stats': 'True', 'quiet': 'False', 'warn_error': 'None', 'profiles_dir': 'C:\\Users\\eknmeeu\\.dbt', 'use_colors': 'True', 'hints_enabled': 'True', 'invocation_command': 'dbt test --select assert_no_candle_gaps', 'use_experimental_parser': 'False', 'indirect_selection': 'eager', 'log_path': 'C:\\Users\\eknmeeu\\Downloads\\Py_Neeraj\\DE_P\\dbt\\dbt_crypto\\logs'}
[0m03:16:48.154923 [debug] [MainThread]: Sending event: {'category': 'dbt', 'action': 'project_id', 'label': '046b6af4-1c9b-4ff8-bb52-82f6ed8de46a', 'context': [<snowplow_tracker.self_describing_json.SelfDescribingJson object at 0x000001C3B6A85870>]}
[0m03:16:48.259412 [debug] [MainThread]: Sending event: {'category': 'dbt', 'action': 'adapter_info', 'label': '046b6af4-1c9b-4ff8-bb52-82f6ed8de46a', 'context': [<snowplow_tracker.self_describing_json.SelfDescribingJson object at 0x000001C3B55C2800>]}
[0m03:16:48.259412 [info ] [MainThread]: Registered adapter: postgres=1.11.0
[0m03:16:48.638136 [debug] [MainThread]: checksum: 15b6814c27264d0629857aab4d824ec3aa97fd3d23a0ccfc8ec203ae2aba15df, vars: {}, profile: dbt_crypto, target: dev, version: 1.12.3
[0m03:16:48.938993 [debug] [MainThread]: Partial parsing enabled: 0 files deleted, 0 files added, 1 files changed.
[0m03:16:48.938993 [debug] [MainThread]: Partial parsing: updated file: dbt_crypto://tests\assert_no_candle_gaps.sql
[0m03:16:49.176203 [debug] [MainThread]: Sending event: {'category': 'dbt', 'action': 'load_project', 'label': '046b6af4-1c9b-4ff8-bb52-82f6ed8de46a', 'context': [<snowplow_tracker.self_describing_json.SelfDescribingJson object at 0x000001C3B833D4E0>]}
[0m03:16:49.343644 [debug] [MainThread]: Wrote artifact WritableManifest to C:\Users\eknmeeu\Downloads\Py_Neeraj\DE_P\dbt\dbt_crypto\target\manifest.json
[0m03:16:49.349393 [debug] [MainThread]: Wrote artifact SemanticManifest to C:\Users\eknmeeu\Downloads\Py_Neeraj\DE_P\dbt\dbt_crypto\target\semantic_manifest.json
[0m03:16:49.389601 [debug] [MainThread]: Wrote artifact OsiDocument to C:\Users\eknmeeu\Downloads\Py_Neeraj\DE_P\dbt\dbt_crypto\target\osi_document.json
[0m03:16:49.420976 [debug] [MainThread]: Sending event: {'category': 'dbt', 'action': 'resource_counts', 'label': '046b6af4-1c9b-4ff8-bb52-82f6ed8de46a', 'context': [<snowplow_tracker.self_describing_json.SelfDescribingJson object at 0x000001C3B8432D10>]}
[0m03:16:49.420976 [info ] [MainThread]: Found 3 models, 29 data tests, 1 source, 477 macros
[0m03:16:49.420976 [debug] [MainThread]: Sending event: {'category': 'dbt', 'action': 'runnable_timing', 'label': '046b6af4-1c9b-4ff8-bb52-82f6ed8de46a', 'context': [<snowplow_tracker.self_describing_json.SelfDescribingJson object at 0x000001C3B8432EC0>]}
[0m03:16:49.420976 [info ] [MainThread]: 
[0m03:16:49.420976 [info ] [MainThread]: Concurrency: 4 threads (target='dev')
[0m03:16:49.420976 [info ] [MainThread]: 
[0m03:16:49.420976 [debug] [MainThread]: Acquiring new postgres connection 'master'
[0m03:16:49.420976 [debug] [ThreadPool]: Acquiring new postgres connection 'list_neondb_analytics'
[0m03:16:49.773882 [debug] [ThreadPool]: Using postgres connection "list_neondb_analytics"
[0m03:16:49.773882 [debug] [ThreadPool]: On list_neondb_analytics: /* {"app": "dbt", "dbt_version": "1.12.3", "profile_name": "dbt_crypto", "target_name": "dev", "connection_name": "list_neondb_analytics"} */
select
      'neondb' as database,
      tablename as name,
      schemaname as schema,
      'table' as type
    from pg_tables
    where schemaname ilike 'analytics'
    union all
    select
      'neondb' as database,
      viewname as name,
      schemaname as schema,
      'view' as type
    from pg_views
    where schemaname ilike 'analytics'
    union all
    select
      'neondb' as database,
      matviewname as name,
      schemaname as schema,
      'materialized_view' as type
    from pg_matviews
    where schemaname ilike 'analytics'
    union all
    select distinct
     'neondb' as database,
     proname as name,
     ns.nspname as schema,
     'function' as type
    from pg_proc
     join pg_namespace as ns on pronamespace = ns.oid
    where ns.nspname ilike 'analytics'
  
[0m03:16:49.773882 [debug] [ThreadPool]: Opening a new connection, currently in state init
[0m03:16:51.794468 [debug] [ThreadPool]: SQL status: SELECT 3 in 2.015 seconds
[0m03:16:51.798485 [debug] [ThreadPool]: On list_neondb_analytics: ROLLBACK
[0m03:16:52.039971 [debug] [ThreadPool]: On list_neondb_analytics: Close
[0m03:16:52.039971 [debug] [MainThread]: Using postgres connection "master"
[0m03:16:52.039971 [debug] [MainThread]: On master: /* {"app": "dbt", "dbt_version": "1.12.3", "profile_name": "dbt_crypto", "target_name": "dev", "connection_name": "master"} */
select distinct
        dependent_namespace.nspname as dependent_schema,
        dependent_class.relname as dependent_name,
        referenced_namespace.nspname as referenced_schema,
        referenced_class.relname as referenced_name

    -- Query for views: views are entries in pg_class with an entry in pg_rewrite, but we avoid
    -- a seq scan on pg_rewrite by leveraging the fact there is an "internal" row in pg_depend for
    -- the view...
    from pg_class as dependent_class
    join pg_namespace as dependent_namespace on dependent_namespace.oid = dependent_class.relnamespace
    join pg_depend as dependent_depend on dependent_depend.refobjid = dependent_class.oid
        and dependent_depend.classid = 'pg_rewrite'::regclass
        and dependent_depend.refclassid = 'pg_class'::regclass
        and dependent_depend.deptype = 'i'

    -- ... and via pg_depend (that has a row per column, hence the need for "distinct" above, and
    -- making sure to exclude the internal row to avoid a view appearing to depend on itself)...
    join pg_depend as joining_depend on joining_depend.objid = dependent_depend.objid
        and joining_depend.classid = 'pg_rewrite'::regclass
        and joining_depend.refclassid = 'pg_class'::regclass
        and joining_depend.refobjid != dependent_depend.refobjid

    -- ... we can find the tables they query from in pg_class, but excluding system tables. Note we
    -- don't need need to exclude _dependent_ system tables, because they only query from other
    -- system tables, and so are automatically excluded by excluding _referenced_ system tables
    join pg_class as referenced_class on referenced_class.oid = joining_depend.refobjid
    join pg_namespace as referenced_namespace on referenced_namespace.oid = referenced_class.relnamespace
        and referenced_namespace.nspname != 'information_schema'
        and referenced_namespace.nspname not like 'pg\_%'

    order by
        dependent_schema, dependent_name, referenced_schema, referenced_name;
[0m03:16:52.039971 [debug] [MainThread]: Opening a new connection, currently in state init
[0m03:16:54.336268 [debug] [MainThread]: SQL status: SELECT 3 in 2.293 seconds
[0m03:16:54.336268 [debug] [MainThread]: Sending event: {'category': 'dbt', 'action': 'runnable_timing', 'label': '046b6af4-1c9b-4ff8-bb52-82f6ed8de46a', 'context': [<snowplow_tracker.self_describing_json.SelfDescribingJson object at 0x000001C3B6B25CC0>]}
[0m03:16:54.336268 [debug] [MainThread]: On master: ROLLBACK
[0m03:16:54.594167 [debug] [MainThread]: On master: COMMIT
[0m03:16:54.597333 [debug] [MainThread]: Using postgres connection "master"
[0m03:16:54.598280 [debug] [MainThread]: On master: COMMIT
[0m03:16:55.084793 [debug] [MainThread]: SQL status: COMMIT in 0.489 seconds
[0m03:16:55.089849 [debug] [MainThread]: On master: Close
[0m03:16:55.093874 [debug] [Thread-1 (]: Began running node test.dbt_crypto.assert_no_candle_gaps
[0m03:16:55.100590 [info ] [Thread-1 (]: 1 of 1 START test assert_no_candle_gaps ........................................ [RUN]
[0m03:16:55.100590 [debug] [Thread-1 (]: Acquiring new postgres connection 'test.dbt_crypto.assert_no_candle_gaps'
[0m03:16:55.100590 [debug] [Thread-1 (]: Began compiling node test.dbt_crypto.assert_no_candle_gaps
[0m03:16:55.109230 [debug] [Thread-1 (]: Writing injected SQL for node "test.dbt_crypto.assert_no_candle_gaps"
[0m03:16:55.113231 [debug] [Thread-1 (]: Began executing node test.dbt_crypto.assert_no_candle_gaps
[0m03:16:55.131799 [debug] [Thread-1 (]: Writing runtime sql for node "test.dbt_crypto.assert_no_candle_gaps"
[0m03:16:55.135800 [debug] [Thread-1 (]: Using postgres connection "test.dbt_crypto.assert_no_candle_gaps"
[0m03:16:55.136803 [debug] [Thread-1 (]: On test.dbt_crypto.assert_no_candle_gaps: /* {"app": "dbt", "dbt_version": "1.12.3", "profile_name": "dbt_crypto", "target_name": "dev", "node_id": "test.dbt_crypto.assert_no_candle_gaps"} */

    
    select
      count(*) as failures,
      count(*) != 0 as should_warn,
      count(*) != 0 as should_error
    from (
      
    
  WITH ordered_candles AS (
    SELECT
        symbol,
        interval,
        batch_id,
        open_time,
        LAG(open_time) OVER (
            PARTITION BY symbol, interval, batch_id
            ORDER BY open_time
        ) AS previous_open_time
    FROM "neondb"."analytics"."stg_crypto_klines"
)

SELECT
    symbol,
    interval,
    batch_id,
    previous_open_time,
    open_time,
    open_time - previous_open_time AS gap

FROM ordered_candles

WHERE previous_open_time IS NOT NULL
  AND open_time - previous_open_time > INTERVAL '1 minute'
  
  
      
    ) dbt_internal_test
[0m03:16:55.136803 [debug] [Thread-1 (]: Opening a new connection, currently in state init
[0m03:16:57.140072 [debug] [Thread-1 (]: SQL status: SELECT 1 in 2.007 seconds
[0m03:16:57.140072 [debug] [Thread-1 (]: On test.dbt_crypto.assert_no_candle_gaps: ROLLBACK
[0m03:16:57.397301 [debug] [Thread-1 (]: On test.dbt_crypto.assert_no_candle_gaps: Close
[0m03:16:57.401311 [info ] [Thread-1 (]: 1 of 1 PASS assert_no_candle_gaps .............................................. [[32mPASS[0m in 2.30s]
[0m03:16:57.402176 [debug] [Thread-1 (]: Finished running node test.dbt_crypto.assert_no_candle_gaps
[0m03:16:57.404178 [debug] [MainThread]: On master: COMMIT
[0m03:16:57.405274 [debug] [MainThread]: Using postgres connection "master"
[0m03:16:57.407481 [debug] [MainThread]: On master: COMMIT
[0m03:16:57.408655 [debug] [MainThread]: Opening a new connection, currently in state closed
[0m03:16:59.441716 [debug] [MainThread]: SQL status: COMMIT in 2.039 seconds
[0m03:16:59.441716 [debug] [MainThread]: On master: Close
[0m03:16:59.441716 [debug] [MainThread]: Connection 'master' was properly closed.
[0m03:16:59.441716 [debug] [MainThread]: Connection 'list_neondb_analytics' was properly closed.
[0m03:16:59.441716 [debug] [MainThread]: Connection 'test.dbt_crypto.assert_no_candle_gaps' was properly closed.
[0m03:16:59.441716 [info ] [MainThread]: 
[0m03:16:59.441716 [info ] [MainThread]: Finished running 1 test in 0 hours 0 minutes and 10.02 seconds (10.02s).
[0m03:16:59.441716 [debug] [MainThread]: Command end result
[0m03:16:59.498377 [debug] [MainThread]: Wrote artifact WritableManifest to C:\Users\eknmeeu\Downloads\Py_Neeraj\DE_P\dbt\dbt_crypto\target\manifest.json
[0m03:16:59.504099 [debug] [MainThread]: Wrote artifact SemanticManifest to C:\Users\eknmeeu\Downloads\Py_Neeraj\DE_P\dbt\dbt_crypto\target\semantic_manifest.json
[0m03:16:59.507841 [debug] [MainThread]: Wrote artifact OsiDocument to C:\Users\eknmeeu\Downloads\Py_Neeraj\DE_P\dbt\dbt_crypto\target\osi_document.json
[0m03:16:59.507841 [debug] [MainThread]: Wrote artifact RunExecutionResult to C:\Users\eknmeeu\Downloads\Py_Neeraj\DE_P\dbt\dbt_crypto\target\run_results.json
[0m03:16:59.507841 [info ] [MainThread]: 
[0m03:16:59.523328 [info ] [MainThread]: [32mCompleted successfully[0m
[0m03:16:59.523328 [info ] [MainThread]: 
[0m03:16:59.523328 [info ] [MainThread]: Done. PASS=1 WARN=0 ERROR=0 SKIP=0 NO-OP=0 REUSED=0 TOTAL=1
[0m03:16:59.523328 [debug] [MainThread]: Command `dbt test` succeeded at 03:16:59.523328 after 12.03 seconds
[0m03:16:59.523328 [debug] [MainThread]: Sending event: {'category': 'dbt', 'action': 'invocation', 'label': 'end', 'context': [<snowplow_tracker.self_describing_json.SelfDescribingJson object at 0x000001C3B521B640>, <snowplow_tracker.self_describing_json.SelfDescribingJson object at 0x000001C3B82D24A0>, <snowplow_tracker.self_describing_json.SelfDescribingJson object at 0x000001C3B8427940>]}
[0m03:16:59.523328 [debug] [MainThread]: Flushing usage events
[0m03:17:01.077351 [debug] [MainThread]: An error was encountered while trying to flush usage events
[0m03:17:16.902515 [debug] [MainThread]: Sending event: {'category': 'dbt', 'action': 'invocation', 'label': 'start', 'context': [<snowplow_tracker.self_describing_json.SelfDescribingJson object at 0x00000143A956B580>, <snowplow_tracker.self_describing_json.SelfDescribingJson object at 0x00000143AADD4C10>, <snowplow_tracker.self_describing_json.SelfDescribingJson object at 0x00000143AADD4A30>]}


============================== 03:17:16.904519 | e6b9561f-48af-423e-82f3-a18c01bbb656 ==============================
[0m03:17:16.904519 [info ] [MainThread]: Running with dbt=1.12.3
[0m03:17:16.904519 [debug] [MainThread]: running dbt with arguments {'static_parser': 'True', 'no_print': 'None', 'version_check': 'True', 'target_path': 'None', 'warn_error_options': 'WarnErrorOptionsV2(error=[], warn=[], silence=[])', 'maximum_seed_size_mib': '1', 'printer_width': '80', 'write_json': 'True', 'empty': 'None', 'log_cache_events': 'False', 'introspect': 'True', 'cache_selected_only': 'False', 'log_format': 'default', 'debug': 'False', 'fail_fast': 'False', 'profiles_dir': 'C:\\Users\\eknmeeu\\.dbt', 'send_anonymous_usage_stats': 'True', 'quiet': 'False', 'warn_error': 'None', 'partial_parse': 'True', 'indirect_selection': 'eager', 'hints_enabled': 'True', 'use_colors': 'True', 'use_experimental_parser': 'False', 'invocation_command': 'dbt test', 'log_path': 'C:\\Users\\eknmeeu\\Downloads\\Py_Neeraj\\DE_P\\dbt\\dbt_crypto\\logs'}
[0m03:17:17.180272 [debug] [MainThread]: Sending event: {'category': 'dbt', 'action': 'project_id', 'label': 'e6b9561f-48af-423e-82f3-a18c01bbb656', 'context': [<snowplow_tracker.self_describing_json.SelfDescribingJson object at 0x00000143A692B0D0>]}
[0m03:17:17.283019 [debug] [MainThread]: Sending event: {'category': 'dbt', 'action': 'adapter_info', 'label': 'e6b9561f-48af-423e-82f3-a18c01bbb656', 'context': [<snowplow_tracker.self_describing_json.SelfDescribingJson object at 0x00000143A990F7F0>]}
[0m03:17:17.285026 [info ] [MainThread]: Registered adapter: postgres=1.11.0
[0m03:17:17.651646 [debug] [MainThread]: checksum: 15b6814c27264d0629857aab4d824ec3aa97fd3d23a0ccfc8ec203ae2aba15df, vars: {}, profile: dbt_crypto, target: dev, version: 1.12.3
[0m03:17:17.938865 [debug] [MainThread]: Partial parsing enabled: 0 files deleted, 0 files added, 0 files changed.
[0m03:17:17.938865 [debug] [MainThread]: Nothing changed, skipping partial parsing.
[0m03:17:17.938865 [debug] [MainThread]: Partial parsing enabled, no changes found, skipping parsing
[0m03:17:17.938865 [debug] [MainThread]: Sending event: {'category': 'dbt', 'action': 'load_project', 'label': 'e6b9561f-48af-423e-82f3-a18c01bbb656', 'context': [<snowplow_tracker.self_describing_json.SelfDescribingJson object at 0x00000143AC590DF0>]}
[0m03:17:18.158071 [debug] [MainThread]: Wrote artifact WritableManifest to C:\Users\eknmeeu\Downloads\Py_Neeraj\DE_P\dbt\dbt_crypto\target\manifest.json
[0m03:17:18.165862 [debug] [MainThread]: Wrote artifact SemanticManifest to C:\Users\eknmeeu\Downloads\Py_Neeraj\DE_P\dbt\dbt_crypto\target\semantic_manifest.json
[0m03:17:18.207491 [debug] [MainThread]: Wrote artifact OsiDocument to C:\Users\eknmeeu\Downloads\Py_Neeraj\DE_P\dbt\dbt_crypto\target\osi_document.json
[0m03:17:18.238510 [debug] [MainThread]: Sending event: {'category': 'dbt', 'action': 'resource_counts', 'label': 'e6b9561f-48af-423e-82f3-a18c01bbb656', 'context': [<snowplow_tracker.self_describing_json.SelfDescribingJson object at 0x00000143AC531E70>]}
[0m03:17:18.238510 [info ] [MainThread]: Found 3 models, 29 data tests, 1 source, 477 macros
[0m03:17:18.238510 [debug] [MainThread]: Sending event: {'category': 'dbt', 'action': 'runnable_timing', 'label': 'e6b9561f-48af-423e-82f3-a18c01bbb656', 'context': [<snowplow_tracker.self_describing_json.SelfDescribingJson object at 0x00000143AC532FE0>]}
[0m03:17:18.238510 [info ] [MainThread]: 
[0m03:17:18.238510 [info ] [MainThread]: Concurrency: 4 threads (target='dev')
[0m03:17:18.238510 [info ] [MainThread]: 
[0m03:17:18.246888 [debug] [MainThread]: Acquiring new postgres connection 'master'
[0m03:17:18.250525 [debug] [ThreadPool]: Acquiring new postgres connection 'list_neondb_analytics'
[0m03:17:18.518021 [debug] [ThreadPool]: Using postgres connection "list_neondb_analytics"
[0m03:17:18.518021 [debug] [ThreadPool]: On list_neondb_analytics: /* {"app": "dbt", "dbt_version": "1.12.3", "profile_name": "dbt_crypto", "target_name": "dev", "connection_name": "list_neondb_analytics"} */
select
      'neondb' as database,
      tablename as name,
      schemaname as schema,
      'table' as type
    from pg_tables
    where schemaname ilike 'analytics'
    union all
    select
      'neondb' as database,
      viewname as name,
      schemaname as schema,
      'view' as type
    from pg_views
    where schemaname ilike 'analytics'
    union all
    select
      'neondb' as database,
      matviewname as name,
      schemaname as schema,
      'materialized_view' as type
    from pg_matviews
    where schemaname ilike 'analytics'
    union all
    select distinct
     'neondb' as database,
     proname as name,
     ns.nspname as schema,
     'function' as type
    from pg_proc
     join pg_namespace as ns on pronamespace = ns.oid
    where ns.nspname ilike 'analytics'
  
[0m03:17:18.518021 [debug] [ThreadPool]: Opening a new connection, currently in state init
[0m03:17:20.679157 [debug] [ThreadPool]: SQL status: SELECT 3 in 2.148 seconds
[0m03:17:20.684182 [debug] [ThreadPool]: On list_neondb_analytics: ROLLBACK
[0m03:17:20.934999 [debug] [ThreadPool]: On list_neondb_analytics: Close
[0m03:17:20.944937 [debug] [MainThread]: Using postgres connection "master"
[0m03:17:20.944937 [debug] [MainThread]: On master: /* {"app": "dbt", "dbt_version": "1.12.3", "profile_name": "dbt_crypto", "target_name": "dev", "connection_name": "master"} */
select distinct
        dependent_namespace.nspname as dependent_schema,
        dependent_class.relname as dependent_name,
        referenced_namespace.nspname as referenced_schema,
        referenced_class.relname as referenced_name

    -- Query for views: views are entries in pg_class with an entry in pg_rewrite, but we avoid
    -- a seq scan on pg_rewrite by leveraging the fact there is an "internal" row in pg_depend for
    -- the view...
    from pg_class as dependent_class
    join pg_namespace as dependent_namespace on dependent_namespace.oid = dependent_class.relnamespace
    join pg_depend as dependent_depend on dependent_depend.refobjid = dependent_class.oid
        and dependent_depend.classid = 'pg_rewrite'::regclass
        and dependent_depend.refclassid = 'pg_class'::regclass
        and dependent_depend.deptype = 'i'

    -- ... and via pg_depend (that has a row per column, hence the need for "distinct" above, and
    -- making sure to exclude the internal row to avoid a view appearing to depend on itself)...
    join pg_depend as joining_depend on joining_depend.objid = dependent_depend.objid
        and joining_depend.classid = 'pg_rewrite'::regclass
        and joining_depend.refclassid = 'pg_class'::regclass
        and joining_depend.refobjid != dependent_depend.refobjid

    -- ... we can find the tables they query from in pg_class, but excluding system tables. Note we
    -- don't need need to exclude _dependent_ system tables, because they only query from other
    -- system tables, and so are automatically excluded by excluding _referenced_ system tables
    join pg_class as referenced_class on referenced_class.oid = joining_depend.refobjid
    join pg_namespace as referenced_namespace on referenced_namespace.oid = referenced_class.relnamespace
        and referenced_namespace.nspname != 'information_schema'
        and referenced_namespace.nspname not like 'pg\_%'

    order by
        dependent_schema, dependent_name, referenced_schema, referenced_name;
[0m03:17:20.944937 [debug] [MainThread]: Opening a new connection, currently in state init
[0m03:17:22.916483 [debug] [MainThread]: SQL status: SELECT 3 in 1.969 seconds
[0m03:17:22.916483 [debug] [MainThread]: Sending event: {'category': 'dbt', 'action': 'runnable_timing', 'label': 'e6b9561f-48af-423e-82f3-a18c01bbb656', 'context': [<snowplow_tracker.self_describing_json.SelfDescribingJson object at 0x00000143AAD48370>]}
[0m03:17:22.916483 [debug] [MainThread]: On master: ROLLBACK
[0m03:17:23.154513 [debug] [MainThread]: On master: COMMIT
[0m03:17:23.154513 [debug] [MainThread]: Using postgres connection "master"
[0m03:17:23.154513 [debug] [MainThread]: On master: COMMIT
[0m03:17:23.649107 [debug] [MainThread]: SQL status: COMMIT in 0.478 seconds
[0m03:17:23.650196 [debug] [MainThread]: On master: Close
[0m03:17:23.655107 [debug] [Thread-1 (]: Began running node test.dbt_crypto.assert_close_time_gte_open_time
[0m03:17:23.655107 [debug] [Thread-2 (]: Began running node test.dbt_crypto.assert_high_gte_close
[0m03:17:23.655107 [debug] [Thread-3 (]: Began running node test.dbt_crypto.assert_high_gte_low
[0m03:17:23.655107 [debug] [Thread-4 (]: Began running node test.dbt_crypto.assert_high_gte_open
[0m03:17:23.655107 [info ] [Thread-1 (]: 1 of 29 START test assert_close_time_gte_open_time ............................. [RUN]
[0m03:17:23.655107 [info ] [Thread-2 (]: 2 of 29 START test assert_high_gte_close ....................................... [RUN]
[0m03:17:23.655107 [info ] [Thread-3 (]: 3 of 29 START test assert_high_gte_low ......................................... [RUN]
[0m03:17:23.655107 [info ] [Thread-4 (]: 4 of 29 START test assert_high_gte_open ........................................ [RUN]
[0m03:17:23.655107 [debug] [Thread-1 (]: Acquiring new postgres connection 'test.dbt_crypto.assert_close_time_gte_open_time'
[0m03:17:23.655107 [debug] [Thread-2 (]: Acquiring new postgres connection 'test.dbt_crypto.assert_high_gte_close'
[0m03:17:23.655107 [debug] [Thread-3 (]: Acquiring new postgres connection 'test.dbt_crypto.assert_high_gte_low'
[0m03:17:23.655107 [debug] [Thread-4 (]: Acquiring new postgres connection 'test.dbt_crypto.assert_high_gte_open'
[0m03:17:23.655107 [debug] [Thread-1 (]: Began compiling node test.dbt_crypto.assert_close_time_gte_open_time
[0m03:17:23.655107 [debug] [Thread-2 (]: Began compiling node test.dbt_crypto.assert_high_gte_close
[0m03:17:23.655107 [debug] [Thread-3 (]: Began compiling node test.dbt_crypto.assert_high_gte_low
[0m03:17:23.655107 [debug] [Thread-4 (]: Began compiling node test.dbt_crypto.assert_high_gte_open
[0m03:17:23.677279 [debug] [Thread-1 (]: Writing injected SQL for node "test.dbt_crypto.assert_close_time_gte_open_time"
[0m03:17:23.678383 [debug] [Thread-2 (]: Writing injected SQL for node "test.dbt_crypto.assert_high_gte_close"
[0m03:17:23.678383 [debug] [Thread-3 (]: Writing injected SQL for node "test.dbt_crypto.assert_high_gte_low"
[0m03:17:23.678383 [debug] [Thread-4 (]: Writing injected SQL for node "test.dbt_crypto.assert_high_gte_open"
[0m03:17:23.688423 [debug] [Thread-1 (]: Began executing node test.dbt_crypto.assert_close_time_gte_open_time
[0m03:17:23.689435 [debug] [Thread-2 (]: Began executing node test.dbt_crypto.assert_high_gte_close
[0m03:17:23.705065 [debug] [Thread-3 (]: Began executing node test.dbt_crypto.assert_high_gte_low
[0m03:17:23.709269 [debug] [Thread-1 (]: Writing runtime sql for node "test.dbt_crypto.assert_close_time_gte_open_time"
[0m03:17:23.710269 [debug] [Thread-4 (]: Began executing node test.dbt_crypto.assert_high_gte_open
[0m03:17:23.712314 [debug] [Thread-2 (]: Writing runtime sql for node "test.dbt_crypto.assert_high_gte_close"
[0m03:17:23.715377 [debug] [Thread-3 (]: Writing runtime sql for node "test.dbt_crypto.assert_high_gte_low"
[0m03:17:23.718270 [debug] [Thread-4 (]: Writing runtime sql for node "test.dbt_crypto.assert_high_gte_open"
[0m03:17:23.720272 [debug] [Thread-1 (]: Using postgres connection "test.dbt_crypto.assert_close_time_gte_open_time"
[0m03:17:23.721912 [debug] [Thread-1 (]: On test.dbt_crypto.assert_close_time_gte_open_time: /* {"app": "dbt", "dbt_version": "1.12.3", "profile_name": "dbt_crypto", "target_name": "dev", "node_id": "test.dbt_crypto.assert_close_time_gte_open_time"} */

    
    select
      count(*) as failures,
      count(*) != 0 as should_warn,
      count(*) != 0 as should_error
    from (
      
    
  SELECT
    symbol,
    interval,
    open_time,
    close_time

FROM "neondb"."analytics"."stg_crypto_klines"

WHERE close_time < open_time
  
  
      
    ) dbt_internal_test
[0m03:17:23.722967 [debug] [Thread-2 (]: Using postgres connection "test.dbt_crypto.assert_high_gte_close"
[0m03:17:23.723961 [debug] [Thread-1 (]: Opening a new connection, currently in state init
[0m03:17:23.724966 [debug] [Thread-3 (]: Using postgres connection "test.dbt_crypto.assert_high_gte_low"
[0m03:17:23.725976 [debug] [Thread-4 (]: Using postgres connection "test.dbt_crypto.assert_high_gte_open"
[0m03:17:23.726961 [debug] [Thread-2 (]: On test.dbt_crypto.assert_high_gte_close: /* {"app": "dbt", "dbt_version": "1.12.3", "profile_name": "dbt_crypto", "target_name": "dev", "node_id": "test.dbt_crypto.assert_high_gte_close"} */

    
    select
      count(*) as failures,
      count(*) != 0 as should_warn,
      count(*) != 0 as should_error
    from (
      
    
  SELECT
    symbol,
    interval,
    open_time,
    open,
    high,
    close

FROM "neondb"."analytics"."stg_crypto_klines"

WHERE high < close
  
  
      
    ) dbt_internal_test
[0m03:17:23.728961 [debug] [Thread-3 (]: On test.dbt_crypto.assert_high_gte_low: /* {"app": "dbt", "dbt_version": "1.12.3", "profile_name": "dbt_crypto", "target_name": "dev", "node_id": "test.dbt_crypto.assert_high_gte_low"} */

    
    select
      count(*) as failures,
      count(*) != 0 as should_warn,
      count(*) != 0 as should_error
    from (
      
    
  SELECT
    symbol,
    interval,
    open_time,
    high,
    low

FROM "neondb"."analytics"."stg_crypto_klines"

WHERE high < low
  
  
      
    ) dbt_internal_test
[0m03:17:23.729961 [debug] [Thread-4 (]: On test.dbt_crypto.assert_high_gte_open: /* {"app": "dbt", "dbt_version": "1.12.3", "profile_name": "dbt_crypto", "target_name": "dev", "node_id": "test.dbt_crypto.assert_high_gte_open"} */

    
    select
      count(*) as failures,
      count(*) != 0 as should_warn,
      count(*) != 0 as should_error
    from (
      
    
  SELECT
    symbol,
    interval,
    open_time,
    open,
    high

FROM "neondb"."analytics"."stg_crypto_klines"

WHERE high < open
  
  
      
    ) dbt_internal_test
[0m03:17:23.730960 [debug] [Thread-2 (]: Opening a new connection, currently in state init
[0m03:17:23.731971 [debug] [Thread-3 (]: Opening a new connection, currently in state init
[0m03:17:23.733041 [debug] [Thread-4 (]: Opening a new connection, currently in state init
[0m03:17:25.731841 [debug] [Thread-1 (]: SQL status: SELECT 1 in 2.007 seconds
[0m03:17:25.738397 [debug] [Thread-1 (]: On test.dbt_crypto.assert_close_time_gte_open_time: ROLLBACK
[0m03:17:25.739243 [debug] [Thread-3 (]: SQL status: SELECT 1 in 2.007 seconds
[0m03:17:25.740250 [debug] [Thread-4 (]: SQL status: SELECT 1 in 2.007 seconds
[0m03:17:25.742328 [debug] [Thread-3 (]: On test.dbt_crypto.assert_high_gte_low: ROLLBACK
[0m03:17:25.744334 [debug] [Thread-4 (]: On test.dbt_crypto.assert_high_gte_open: ROLLBACK
[0m03:17:25.770067 [debug] [Thread-2 (]: SQL status: SELECT 1 in 2.044 seconds
[0m03:17:25.770067 [debug] [Thread-2 (]: On test.dbt_crypto.assert_high_gte_close: ROLLBACK
[0m03:17:25.986846 [debug] [Thread-1 (]: On test.dbt_crypto.assert_close_time_gte_open_time: Close
[0m03:17:25.992911 [info ] [Thread-1 (]: 1 of 29 PASS assert_close_time_gte_open_time ................................... [[32mPASS[0m in 2.34s]
[0m03:17:25.992911 [debug] [Thread-3 (]: On test.dbt_crypto.assert_high_gte_low: Close
[0m03:17:25.992911 [debug] [Thread-4 (]: On test.dbt_crypto.assert_high_gte_open: Close
[0m03:17:25.992911 [debug] [Thread-1 (]: Finished running node test.dbt_crypto.assert_close_time_gte_open_time
[0m03:17:25.992911 [info ] [Thread-3 (]: 3 of 29 PASS assert_high_gte_low ............................................... [[32mPASS[0m in 2.34s]
[0m03:17:25.992911 [info ] [Thread-4 (]: 4 of 29 PASS assert_high_gte_open .............................................. [[32mPASS[0m in 2.34s]
[0m03:17:25.992911 [debug] [Thread-1 (]: Began running node test.dbt_crypto.assert_low_lte_close
[0m03:17:26.000378 [debug] [Thread-3 (]: Finished running node test.dbt_crypto.assert_high_gte_low
[0m03:17:26.002331 [debug] [Thread-4 (]: Finished running node test.dbt_crypto.assert_high_gte_open
[0m03:17:26.003001 [info ] [Thread-1 (]: 5 of 29 START test assert_low_lte_close ........................................ [RUN]
[0m03:17:26.005063 [debug] [Thread-3 (]: Began running node test.dbt_crypto.assert_low_lte_open
[0m03:17:26.006068 [debug] [Thread-4 (]: Began running node test.dbt_crypto.assert_no_candle_gaps
[0m03:17:26.006068 [debug] [Thread-1 (]: Re-using an available connection from the pool (formerly test.dbt_crypto.assert_close_time_gte_open_time, now test.dbt_crypto.assert_low_lte_close)
[0m03:17:26.006068 [info ] [Thread-3 (]: 6 of 29 START test assert_low_lte_open ......................................... [RUN]
[0m03:17:26.006068 [info ] [Thread-4 (]: 7 of 29 START test assert_no_candle_gaps ....................................... [RUN]
[0m03:17:26.011196 [debug] [Thread-1 (]: Began compiling node test.dbt_crypto.assert_low_lte_close
[0m03:17:26.012202 [debug] [Thread-3 (]: Re-using an available connection from the pool (formerly test.dbt_crypto.assert_high_gte_low, now test.dbt_crypto.assert_low_lte_open)
[0m03:17:26.014203 [debug] [Thread-4 (]: Re-using an available connection from the pool (formerly test.dbt_crypto.assert_high_gte_open, now test.dbt_crypto.assert_no_candle_gaps)
[0m03:17:26.016202 [debug] [Thread-1 (]: Writing injected SQL for node "test.dbt_crypto.assert_low_lte_close"
[0m03:17:26.016202 [debug] [Thread-3 (]: Began compiling node test.dbt_crypto.assert_low_lte_open
[0m03:17:26.016202 [debug] [Thread-4 (]: Began compiling node test.dbt_crypto.assert_no_candle_gaps
[0m03:17:26.021866 [debug] [Thread-3 (]: Writing injected SQL for node "test.dbt_crypto.assert_low_lte_open"
[0m03:17:26.025687 [debug] [Thread-4 (]: Writing injected SQL for node "test.dbt_crypto.assert_no_candle_gaps"
[0m03:17:26.027690 [debug] [Thread-1 (]: Began executing node test.dbt_crypto.assert_low_lte_close
[0m03:17:26.029692 [debug] [Thread-1 (]: Writing runtime sql for node "test.dbt_crypto.assert_low_lte_close"
[0m03:17:26.029692 [debug] [Thread-2 (]: On test.dbt_crypto.assert_high_gte_close: Close
[0m03:17:26.029692 [debug] [Thread-3 (]: Began executing node test.dbt_crypto.assert_low_lte_open
[0m03:17:26.033471 [debug] [Thread-4 (]: Began executing node test.dbt_crypto.assert_no_candle_gaps
[0m03:17:26.033471 [info ] [Thread-2 (]: 2 of 29 PASS assert_high_gte_close ............................................. [[32mPASS[0m in 2.38s]
[0m03:17:26.033471 [debug] [Thread-3 (]: Writing runtime sql for node "test.dbt_crypto.assert_low_lte_open"
[0m03:17:26.038446 [debug] [Thread-1 (]: Using postgres connection "test.dbt_crypto.assert_low_lte_close"
[0m03:17:26.040543 [debug] [Thread-4 (]: Writing runtime sql for node "test.dbt_crypto.assert_no_candle_gaps"
[0m03:17:26.042463 [debug] [Thread-2 (]: Finished running node test.dbt_crypto.assert_high_gte_close
[0m03:17:26.044555 [debug] [Thread-1 (]: On test.dbt_crypto.assert_low_lte_close: /* {"app": "dbt", "dbt_version": "1.12.3", "profile_name": "dbt_crypto", "target_name": "dev", "node_id": "test.dbt_crypto.assert_low_lte_close"} */

    
    select
      count(*) as failures,
      count(*) != 0 as should_warn,
      count(*) != 0 as should_error
    from (
      
    
  SELECT
    symbol,
    interval,
    open_time,
    low,
    close

FROM "neondb"."analytics"."stg_crypto_klines"

WHERE low > close
  
  
      
    ) dbt_internal_test
[0m03:17:26.046579 [debug] [Thread-2 (]: Began running node test.dbt_crypto.assert_unique_candle_key
[0m03:17:26.047579 [debug] [Thread-3 (]: Using postgres connection "test.dbt_crypto.assert_low_lte_open"
[0m03:17:26.048584 [debug] [Thread-1 (]: Opening a new connection, currently in state closed
[0m03:17:26.049580 [debug] [Thread-4 (]: Using postgres connection "test.dbt_crypto.assert_no_candle_gaps"
[0m03:17:26.049580 [info ] [Thread-2 (]: 8 of 29 START test assert_unique_candle_key .................................... [RUN]
[0m03:17:26.049580 [debug] [Thread-3 (]: On test.dbt_crypto.assert_low_lte_open: /* {"app": "dbt", "dbt_version": "1.12.3", "profile_name": "dbt_crypto", "target_name": "dev", "node_id": "test.dbt_crypto.assert_low_lte_open"} */

    
    select
      count(*) as failures,
      count(*) != 0 as should_warn,
      count(*) != 0 as should_error
    from (
      
    
  SELECT
    symbol,
    interval,
    open_time,
    open,
    low

FROM "neondb"."analytics"."stg_crypto_klines"

WHERE low > open
  
  
      
    ) dbt_internal_test
[0m03:17:26.049580 [debug] [Thread-4 (]: On test.dbt_crypto.assert_no_candle_gaps: /* {"app": "dbt", "dbt_version": "1.12.3", "profile_name": "dbt_crypto", "target_name": "dev", "node_id": "test.dbt_crypto.assert_no_candle_gaps"} */

    
    select
      count(*) as failures,
      count(*) != 0 as should_warn,
      count(*) != 0 as should_error
    from (
      
    
  WITH ordered_candles AS (
    SELECT
        symbol,
        interval,
        batch_id,
        open_time,
        LAG(open_time) OVER (
            PARTITION BY symbol, interval, batch_id
            ORDER BY open_time
        ) AS previous_open_time
    FROM "neondb"."analytics"."stg_crypto_klines"
)

SELECT
    symbol,
    interval,
    batch_id,
    previous_open_time,
    open_time,
    open_time - previous_open_time AS gap

FROM ordered_candles

WHERE previous_open_time IS NOT NULL
  AND open_time - previous_open_time > INTERVAL '1 minute'
  
  
      
    ) dbt_internal_test
[0m03:17:26.049580 [debug] [Thread-2 (]: Re-using an available connection from the pool (formerly test.dbt_crypto.assert_high_gte_close, now test.dbt_crypto.assert_unique_candle_key)
[0m03:17:26.049580 [debug] [Thread-3 (]: Opening a new connection, currently in state closed
[0m03:17:26.056064 [debug] [Thread-4 (]: Opening a new connection, currently in state closed
[0m03:17:26.056957 [debug] [Thread-2 (]: Began compiling node test.dbt_crypto.assert_unique_candle_key
[0m03:17:26.063457 [debug] [Thread-2 (]: Writing injected SQL for node "test.dbt_crypto.assert_unique_candle_key"
[0m03:17:26.064381 [debug] [Thread-2 (]: Began executing node test.dbt_crypto.assert_unique_candle_key
[0m03:17:26.064381 [debug] [Thread-2 (]: Writing runtime sql for node "test.dbt_crypto.assert_unique_candle_key"
[0m03:17:26.064381 [debug] [Thread-2 (]: Using postgres connection "test.dbt_crypto.assert_unique_candle_key"
[0m03:17:26.071707 [debug] [Thread-2 (]: On test.dbt_crypto.assert_unique_candle_key: /* {"app": "dbt", "dbt_version": "1.12.3", "profile_name": "dbt_crypto", "target_name": "dev", "node_id": "test.dbt_crypto.assert_unique_candle_key"} */

    
    select
      count(*) as failures,
      count(*) != 0 as should_warn,
      count(*) != 0 as should_error
    from (
      
    
  SELECT
    symbol,
    interval,
    open_time,
    COUNT(*) AS duplicate_count

FROM "neondb"."analytics"."stg_crypto_klines"

GROUP BY
    symbol,
    interval,
    open_time

HAVING COUNT(*) > 1
  
  
      
    ) dbt_internal_test
[0m03:17:26.073717 [debug] [Thread-2 (]: Opening a new connection, currently in state closed
[0m03:17:27.919474 [debug] [Thread-1 (]: SQL status: SELECT 1 in 1.880 seconds
[0m03:17:27.919474 [debug] [Thread-1 (]: On test.dbt_crypto.assert_low_lte_close: ROLLBACK
[0m03:17:28.004860 [debug] [Thread-2 (]: SQL status: SELECT 1 in 1.931 seconds
[0m03:17:28.007844 [debug] [Thread-2 (]: On test.dbt_crypto.assert_unique_candle_key: ROLLBACK
[0m03:17:28.031099 [debug] [Thread-3 (]: SQL status: SELECT 1 in 1.977 seconds
[0m03:17:28.034200 [debug] [Thread-3 (]: On test.dbt_crypto.assert_low_lte_open: ROLLBACK
[0m03:17:28.069487 [debug] [Thread-4 (]: SQL status: SELECT 1 in 2.014 seconds
[0m03:17:28.071233 [debug] [Thread-4 (]: On test.dbt_crypto.assert_no_candle_gaps: ROLLBACK
[0m03:17:28.154657 [debug] [Thread-1 (]: On test.dbt_crypto.assert_low_lte_close: Close
[0m03:17:28.167404 [info ] [Thread-1 (]: 5 of 29 PASS assert_low_lte_close .............................................. [[32mPASS[0m in 2.16s]
[0m03:17:28.167404 [debug] [Thread-1 (]: Finished running node test.dbt_crypto.assert_low_lte_close
[0m03:17:28.167404 [debug] [Thread-1 (]: Began running node test.dbt_crypto.assert_valid_interval
[0m03:17:28.170987 [info ] [Thread-1 (]: 9 of 29 START test assert_valid_interval ....................................... [RUN]
[0m03:17:28.171690 [debug] [Thread-1 (]: Re-using an available connection from the pool (formerly test.dbt_crypto.assert_low_lte_close, now test.dbt_crypto.assert_valid_interval)
[0m03:17:28.173000 [debug] [Thread-1 (]: Began compiling node test.dbt_crypto.assert_valid_interval
[0m03:17:28.175080 [debug] [Thread-1 (]: Writing injected SQL for node "test.dbt_crypto.assert_valid_interval"
[0m03:17:28.177971 [debug] [Thread-1 (]: Began executing node test.dbt_crypto.assert_valid_interval
[0m03:17:28.179972 [debug] [Thread-1 (]: Writing runtime sql for node "test.dbt_crypto.assert_valid_interval"
[0m03:17:28.182969 [debug] [Thread-1 (]: Using postgres connection "test.dbt_crypto.assert_valid_interval"
[0m03:17:28.183970 [debug] [Thread-1 (]: On test.dbt_crypto.assert_valid_interval: /* {"app": "dbt", "dbt_version": "1.12.3", "profile_name": "dbt_crypto", "target_name": "dev", "node_id": "test.dbt_crypto.assert_valid_interval"} */

    
    select
      count(*) as failures,
      count(*) != 0 as should_warn,
      count(*) != 0 as should_error
    from (
      
    
  SELECT
    symbol,
    interval,
    open_time

FROM "neondb"."analytics"."stg_crypto_klines"

WHERE interval <> '1m'
  
  
      
    ) dbt_internal_test
[0m03:17:28.184983 [debug] [Thread-1 (]: Opening a new connection, currently in state closed
[0m03:17:28.244485 [debug] [Thread-2 (]: On test.dbt_crypto.assert_unique_candle_key: Close
[0m03:17:28.245484 [info ] [Thread-2 (]: 8 of 29 PASS assert_unique_candle_key .......................................... [[32mPASS[0m in 2.20s]
[0m03:17:28.247484 [debug] [Thread-2 (]: Finished running node test.dbt_crypto.assert_unique_candle_key
[0m03:17:28.248485 [debug] [Thread-2 (]: Began running node test.dbt_crypto.assert_valid_symbols
[0m03:17:28.248485 [info ] [Thread-2 (]: 10 of 29 START test assert_valid_symbols ....................................... [RUN]
[0m03:17:28.249485 [debug] [Thread-2 (]: Re-using an available connection from the pool (formerly test.dbt_crypto.assert_unique_candle_key, now test.dbt_crypto.assert_valid_symbols)
[0m03:17:28.250486 [debug] [Thread-2 (]: Began compiling node test.dbt_crypto.assert_valid_symbols
[0m03:17:28.252486 [debug] [Thread-2 (]: Writing injected SQL for node "test.dbt_crypto.assert_valid_symbols"
[0m03:17:28.256007 [debug] [Thread-2 (]: Began executing node test.dbt_crypto.assert_valid_symbols
[0m03:17:28.259773 [debug] [Thread-2 (]: Writing runtime sql for node "test.dbt_crypto.assert_valid_symbols"
[0m03:17:28.261776 [debug] [Thread-2 (]: Using postgres connection "test.dbt_crypto.assert_valid_symbols"
[0m03:17:28.261776 [debug] [Thread-2 (]: On test.dbt_crypto.assert_valid_symbols: /* {"app": "dbt", "dbt_version": "1.12.3", "profile_name": "dbt_crypto", "target_name": "dev", "node_id": "test.dbt_crypto.assert_valid_symbols"} */

    
    select
      count(*) as failures,
      count(*) != 0 as should_warn,
      count(*) != 0 as should_error
    from (
      
    
  SELECT
    symbol,
    interval,
    open_time

FROM "neondb"."analytics"."stg_crypto_klines"

WHERE symbol NOT IN ('BTCUSDT', 'ETHUSDT', 'SOLUSDT')
  
  
      
    ) dbt_internal_test
[0m03:17:28.266294 [debug] [Thread-2 (]: Opening a new connection, currently in state closed
[0m03:17:28.272689 [debug] [Thread-3 (]: On test.dbt_crypto.assert_low_lte_open: Close
[0m03:17:28.272689 [info ] [Thread-3 (]: 6 of 29 PASS assert_low_lte_open ............................................... [[32mPASS[0m in 2.26s]
[0m03:17:28.272689 [debug] [Thread-3 (]: Finished running node test.dbt_crypto.assert_low_lte_open
[0m03:17:28.272689 [debug] [Thread-3 (]: Began running node test.dbt_crypto.assert_volume_non_negative
[0m03:17:28.272689 [info ] [Thread-3 (]: 11 of 29 START test assert_volume_non_negative ................................. [RUN]
[0m03:17:28.272689 [debug] [Thread-3 (]: Re-using an available connection from the pool (formerly test.dbt_crypto.assert_low_lte_open, now test.dbt_crypto.assert_volume_non_negative)
[0m03:17:28.272689 [debug] [Thread-3 (]: Began compiling node test.dbt_crypto.assert_volume_non_negative
[0m03:17:28.272689 [debug] [Thread-3 (]: Writing injected SQL for node "test.dbt_crypto.assert_volume_non_negative"
[0m03:17:28.289540 [debug] [Thread-3 (]: Began executing node test.dbt_crypto.assert_volume_non_negative
[0m03:17:28.292387 [debug] [Thread-3 (]: Writing runtime sql for node "test.dbt_crypto.assert_volume_non_negative"
[0m03:17:28.295377 [debug] [Thread-3 (]: Using postgres connection "test.dbt_crypto.assert_volume_non_negative"
[0m03:17:28.295377 [debug] [Thread-3 (]: On test.dbt_crypto.assert_volume_non_negative: /* {"app": "dbt", "dbt_version": "1.12.3", "profile_name": "dbt_crypto", "target_name": "dev", "node_id": "test.dbt_crypto.assert_volume_non_negative"} */

    
    select
      count(*) as failures,
      count(*) != 0 as should_warn,
      count(*) != 0 as should_error
    from (
      
    
  SELECT
    symbol,
    interval,
    open_time,
    volume

FROM "neondb"."analytics"."stg_crypto_klines"

WHERE volume < 0
  
  
      
    ) dbt_internal_test
[0m03:17:28.297934 [debug] [Thread-3 (]: Opening a new connection, currently in state closed
[0m03:17:28.321857 [debug] [Thread-4 (]: On test.dbt_crypto.assert_no_candle_gaps: Close
[0m03:17:28.323866 [info ] [Thread-4 (]: 7 of 29 PASS assert_no_candle_gaps ............................................. [[32mPASS[0m in 2.31s]
[0m03:17:28.324864 [debug] [Thread-4 (]: Finished running node test.dbt_crypto.assert_no_candle_gaps
[0m03:17:28.325865 [debug] [Thread-4 (]: Began running node test.dbt_crypto.not_null_fct_asset_daily_analytics_candle_count.34e414b23d
[0m03:17:28.326867 [info ] [Thread-4 (]: 12 of 29 START test not_null_fct_asset_daily_analytics_candle_count ............ [RUN]
[0m03:17:28.327865 [debug] [Thread-4 (]: Re-using an available connection from the pool (formerly test.dbt_crypto.assert_no_candle_gaps, now test.dbt_crypto.not_null_fct_asset_daily_analytics_candle_count.34e414b23d)
[0m03:17:28.327865 [debug] [Thread-4 (]: Began compiling node test.dbt_crypto.not_null_fct_asset_daily_analytics_candle_count.34e414b23d
[0m03:17:28.339305 [debug] [Thread-4 (]: Writing injected SQL for node "test.dbt_crypto.not_null_fct_asset_daily_analytics_candle_count.34e414b23d"
[0m03:17:28.342386 [debug] [Thread-4 (]: Began executing node test.dbt_crypto.not_null_fct_asset_daily_analytics_candle_count.34e414b23d
[0m03:17:28.345383 [debug] [Thread-4 (]: Writing runtime sql for node "test.dbt_crypto.not_null_fct_asset_daily_analytics_candle_count.34e414b23d"
[0m03:17:28.348419 [debug] [Thread-4 (]: Using postgres connection "test.dbt_crypto.not_null_fct_asset_daily_analytics_candle_count.34e414b23d"
[0m03:17:28.349467 [debug] [Thread-4 (]: On test.dbt_crypto.not_null_fct_asset_daily_analytics_candle_count.34e414b23d: /* {"app": "dbt", "dbt_version": "1.12.3", "profile_name": "dbt_crypto", "target_name": "dev", "node_id": "test.dbt_crypto.not_null_fct_asset_daily_analytics_candle_count.34e414b23d"} */

    
    select
      count(*) as failures,
      count(*) != 0 as should_warn,
      count(*) != 0 as should_error
    from (
      
    
  
    
    



select candle_count
from "neondb"."analytics"."fct_asset_daily_analytics"
where candle_count is null



  
  
      
    ) dbt_internal_test
[0m03:17:28.349467 [debug] [Thread-4 (]: Opening a new connection, currently in state closed
[0m03:17:30.127428 [debug] [Thread-1 (]: SQL status: SELECT 1 in 1.943 seconds
[0m03:17:30.129340 [debug] [Thread-1 (]: On test.dbt_crypto.assert_valid_interval: ROLLBACK
[0m03:17:30.276152 [debug] [Thread-2 (]: SQL status: SELECT 1 in 2.011 seconds
[0m03:17:30.281741 [debug] [Thread-2 (]: On test.dbt_crypto.assert_valid_symbols: ROLLBACK
[0m03:17:30.320692 [debug] [Thread-4 (]: SQL status: SELECT 1 in 1.984 seconds
[0m03:17:30.336810 [debug] [Thread-4 (]: On test.dbt_crypto.not_null_fct_asset_daily_analytics_candle_count.34e414b23d: ROLLBACK
[0m03:17:30.368276 [debug] [Thread-1 (]: On test.dbt_crypto.assert_valid_interval: Close
[0m03:17:30.368276 [info ] [Thread-1 (]: 9 of 29 PASS assert_valid_interval ............................................. [[32mPASS[0m in 2.20s]
[0m03:17:30.368276 [debug] [Thread-1 (]: Finished running node test.dbt_crypto.assert_valid_interval
[0m03:17:30.368276 [debug] [Thread-1 (]: Began running node test.dbt_crypto.not_null_fct_asset_daily_analytics_daily_close.b876f5db68
[0m03:17:30.368276 [info ] [Thread-1 (]: 13 of 29 START test not_null_fct_asset_daily_analytics_daily_close ............. [RUN]
[0m03:17:30.376156 [debug] [Thread-1 (]: Re-using an available connection from the pool (formerly test.dbt_crypto.assert_valid_interval, now test.dbt_crypto.not_null_fct_asset_daily_analytics_daily_close.b876f5db68)
[0m03:17:30.376156 [debug] [Thread-1 (]: Began compiling node test.dbt_crypto.not_null_fct_asset_daily_analytics_daily_close.b876f5db68
[0m03:17:30.387231 [debug] [Thread-1 (]: Writing injected SQL for node "test.dbt_crypto.not_null_fct_asset_daily_analytics_daily_close.b876f5db68"
[0m03:17:30.388278 [debug] [Thread-3 (]: SQL status: SELECT 1 in 2.090 seconds
[0m03:17:30.392143 [debug] [Thread-3 (]: On test.dbt_crypto.assert_volume_non_negative: ROLLBACK
[0m03:17:30.392143 [debug] [Thread-1 (]: Began executing node test.dbt_crypto.not_null_fct_asset_daily_analytics_daily_close.b876f5db68
[0m03:17:30.392143 [debug] [Thread-1 (]: Writing runtime sql for node "test.dbt_crypto.not_null_fct_asset_daily_analytics_daily_close.b876f5db68"
[0m03:17:30.392143 [debug] [Thread-1 (]: Using postgres connection "test.dbt_crypto.not_null_fct_asset_daily_analytics_daily_close.b876f5db68"
[0m03:17:30.392143 [debug] [Thread-1 (]: On test.dbt_crypto.not_null_fct_asset_daily_analytics_daily_close.b876f5db68: /* {"app": "dbt", "dbt_version": "1.12.3", "profile_name": "dbt_crypto", "target_name": "dev", "node_id": "test.dbt_crypto.not_null_fct_asset_daily_analytics_daily_close.b876f5db68"} */

    
    select
      count(*) as failures,
      count(*) != 0 as should_warn,
      count(*) != 0 as should_error
    from (
      
    
  
    
    



select daily_close
from "neondb"."analytics"."fct_asset_daily_analytics"
where daily_close is null



  
  
      
    ) dbt_internal_test
[0m03:17:30.392143 [debug] [Thread-1 (]: Opening a new connection, currently in state closed
[0m03:17:30.520272 [debug] [Thread-2 (]: On test.dbt_crypto.assert_valid_symbols: Close
[0m03:17:30.520272 [info ] [Thread-2 (]: 10 of 29 PASS assert_valid_symbols ............................................. [[32mPASS[0m in 2.27s]
[0m03:17:30.520272 [debug] [Thread-2 (]: Finished running node test.dbt_crypto.assert_valid_symbols
[0m03:17:30.536391 [debug] [Thread-2 (]: Began running node test.dbt_crypto.not_null_fct_asset_daily_analytics_symbol.bb741d690c
[0m03:17:30.536391 [info ] [Thread-2 (]: 14 of 29 START test not_null_fct_asset_daily_analytics_symbol .................. [RUN]
[0m03:17:30.536391 [debug] [Thread-2 (]: Re-using an available connection from the pool (formerly test.dbt_crypto.assert_valid_symbols, now test.dbt_crypto.not_null_fct_asset_daily_analytics_symbol.bb741d690c)
[0m03:17:30.541448 [debug] [Thread-2 (]: Began compiling node test.dbt_crypto.not_null_fct_asset_daily_analytics_symbol.bb741d690c
[0m03:17:30.546188 [debug] [Thread-2 (]: Writing injected SQL for node "test.dbt_crypto.not_null_fct_asset_daily_analytics_symbol.bb741d690c"
[0m03:17:30.546188 [debug] [Thread-2 (]: Began executing node test.dbt_crypto.not_null_fct_asset_daily_analytics_symbol.bb741d690c
[0m03:17:30.546188 [debug] [Thread-2 (]: Writing runtime sql for node "test.dbt_crypto.not_null_fct_asset_daily_analytics_symbol.bb741d690c"
[0m03:17:30.556041 [debug] [Thread-2 (]: Using postgres connection "test.dbt_crypto.not_null_fct_asset_daily_analytics_symbol.bb741d690c"
[0m03:17:30.556041 [debug] [Thread-2 (]: On test.dbt_crypto.not_null_fct_asset_daily_analytics_symbol.bb741d690c: /* {"app": "dbt", "dbt_version": "1.12.3", "profile_name": "dbt_crypto", "target_name": "dev", "node_id": "test.dbt_crypto.not_null_fct_asset_daily_analytics_symbol.bb741d690c"} */

    
    select
      count(*) as failures,
      count(*) != 0 as should_warn,
      count(*) != 0 as should_error
    from (
      
    
  
    
    



select symbol
from "neondb"."analytics"."fct_asset_daily_analytics"
where symbol is null



  
  
      
    ) dbt_internal_test
[0m03:17:30.556041 [debug] [Thread-2 (]: Opening a new connection, currently in state closed
[0m03:17:30.585051 [debug] [Thread-4 (]: On test.dbt_crypto.not_null_fct_asset_daily_analytics_candle_count.34e414b23d: Close
[0m03:17:30.586518 [info ] [Thread-4 (]: 12 of 29 PASS not_null_fct_asset_daily_analytics_candle_count .................. [[32mPASS[0m in 2.26s]
[0m03:17:30.588456 [debug] [Thread-4 (]: Finished running node test.dbt_crypto.not_null_fct_asset_daily_analytics_candle_count.34e414b23d
[0m03:17:30.589498 [debug] [Thread-4 (]: Began running node test.dbt_crypto.not_null_fct_asset_daily_analytics_trading_date.9590011e4e
[0m03:17:30.590579 [info ] [Thread-4 (]: 15 of 29 START test not_null_fct_asset_daily_analytics_trading_date ............ [RUN]
[0m03:17:30.591498 [debug] [Thread-4 (]: Re-using an available connection from the pool (formerly test.dbt_crypto.not_null_fct_asset_daily_analytics_candle_count.34e414b23d, now test.dbt_crypto.not_null_fct_asset_daily_analytics_trading_date.9590011e4e)
[0m03:17:30.591498 [debug] [Thread-4 (]: Began compiling node test.dbt_crypto.not_null_fct_asset_daily_analytics_trading_date.9590011e4e
[0m03:17:30.597586 [debug] [Thread-4 (]: Writing injected SQL for node "test.dbt_crypto.not_null_fct_asset_daily_analytics_trading_date.9590011e4e"
[0m03:17:30.600604 [debug] [Thread-4 (]: Began executing node test.dbt_crypto.not_null_fct_asset_daily_analytics_trading_date.9590011e4e
[0m03:17:30.603921 [debug] [Thread-4 (]: Writing runtime sql for node "test.dbt_crypto.not_null_fct_asset_daily_analytics_trading_date.9590011e4e"
[0m03:17:30.607408 [debug] [Thread-4 (]: Using postgres connection "test.dbt_crypto.not_null_fct_asset_daily_analytics_trading_date.9590011e4e"
[0m03:17:30.608546 [debug] [Thread-4 (]: On test.dbt_crypto.not_null_fct_asset_daily_analytics_trading_date.9590011e4e: /* {"app": "dbt", "dbt_version": "1.12.3", "profile_name": "dbt_crypto", "target_name": "dev", "node_id": "test.dbt_crypto.not_null_fct_asset_daily_analytics_trading_date.9590011e4e"} */

    
    select
      count(*) as failures,
      count(*) != 0 as should_warn,
      count(*) != 0 as should_error
    from (
      
    
  
    
    



select trading_date
from "neondb"."analytics"."fct_asset_daily_analytics"
where trading_date is null



  
  
      
    ) dbt_internal_test
[0m03:17:30.608546 [debug] [Thread-4 (]: Opening a new connection, currently in state closed
[0m03:17:30.649639 [debug] [Thread-3 (]: On test.dbt_crypto.assert_volume_non_negative: Close
[0m03:17:30.651652 [info ] [Thread-3 (]: 11 of 29 PASS assert_volume_non_negative ....................................... [[32mPASS[0m in 2.38s]
[0m03:17:30.652649 [debug] [Thread-3 (]: Finished running node test.dbt_crypto.assert_volume_non_negative
[0m03:17:30.653738 [debug] [Thread-3 (]: Began running node test.dbt_crypto.not_null_int_daily_asset_metrics_candle_count.31dd0be41e
[0m03:17:30.654746 [info ] [Thread-3 (]: 16 of 29 START test not_null_int_daily_asset_metrics_candle_count .............. [RUN]
[0m03:17:30.656088 [debug] [Thread-3 (]: Re-using an available connection from the pool (formerly test.dbt_crypto.assert_volume_non_negative, now test.dbt_crypto.not_null_int_daily_asset_metrics_candle_count.31dd0be41e)
[0m03:17:30.657086 [debug] [Thread-3 (]: Began compiling node test.dbt_crypto.not_null_int_daily_asset_metrics_candle_count.31dd0be41e
[0m03:17:30.663073 [debug] [Thread-3 (]: Writing injected SQL for node "test.dbt_crypto.not_null_int_daily_asset_metrics_candle_count.31dd0be41e"
[0m03:17:30.666066 [debug] [Thread-3 (]: Began executing node test.dbt_crypto.not_null_int_daily_asset_metrics_candle_count.31dd0be41e
[0m03:17:30.668986 [debug] [Thread-3 (]: Writing runtime sql for node "test.dbt_crypto.not_null_int_daily_asset_metrics_candle_count.31dd0be41e"
[0m03:17:30.673008 [debug] [Thread-3 (]: Using postgres connection "test.dbt_crypto.not_null_int_daily_asset_metrics_candle_count.31dd0be41e"
[0m03:17:30.674598 [debug] [Thread-3 (]: On test.dbt_crypto.not_null_int_daily_asset_metrics_candle_count.31dd0be41e: /* {"app": "dbt", "dbt_version": "1.12.3", "profile_name": "dbt_crypto", "target_name": "dev", "node_id": "test.dbt_crypto.not_null_int_daily_asset_metrics_candle_count.31dd0be41e"} */

    
    select
      count(*) as failures,
      count(*) != 0 as should_warn,
      count(*) != 0 as should_error
    from (
      
    
  
    
    



select candle_count
from "neondb"."analytics"."int_daily_asset_metrics"
where candle_count is null



  
  
      
    ) dbt_internal_test
[0m03:17:30.674598 [debug] [Thread-3 (]: Opening a new connection, currently in state closed
[0m03:17:33.200542 [debug] [Thread-4 (]: SQL status: SELECT 1 in 2.592 seconds
[0m03:17:33.205344 [debug] [Thread-3 (]: SQL status: SELECT 1 in 2.529 seconds
[0m03:17:33.205344 [debug] [Thread-4 (]: On test.dbt_crypto.not_null_fct_asset_daily_analytics_trading_date.9590011e4e: ROLLBACK
[0m03:17:33.205344 [debug] [Thread-3 (]: On test.dbt_crypto.not_null_int_daily_asset_metrics_candle_count.31dd0be41e: ROLLBACK
[0m03:17:33.275913 [debug] [Thread-1 (]: SQL status: SELECT 1 in 2.874 seconds
[0m03:17:33.278935 [debug] [Thread-1 (]: On test.dbt_crypto.not_null_fct_asset_daily_analytics_daily_close.b876f5db68: ROLLBACK
[0m03:17:33.454618 [debug] [Thread-4 (]: On test.dbt_crypto.not_null_fct_asset_daily_analytics_trading_date.9590011e4e: Close
[0m03:17:33.454618 [debug] [Thread-3 (]: On test.dbt_crypto.not_null_int_daily_asset_metrics_candle_count.31dd0be41e: Close
[0m03:17:33.454618 [info ] [Thread-4 (]: 15 of 29 PASS not_null_fct_asset_daily_analytics_trading_date .................. [[32mPASS[0m in 2.86s]
[0m03:17:33.460442 [debug] [Thread-4 (]: Finished running node test.dbt_crypto.not_null_fct_asset_daily_analytics_trading_date.9590011e4e
[0m03:17:33.460442 [info ] [Thread-3 (]: 16 of 29 PASS not_null_int_daily_asset_metrics_candle_count .................... [[32mPASS[0m in 2.80s]
[0m03:17:33.460442 [debug] [Thread-4 (]: Began running node test.dbt_crypto.not_null_int_daily_asset_metrics_daily_close.35b4ca2e77
[0m03:17:33.460442 [debug] [Thread-3 (]: Finished running node test.dbt_crypto.not_null_int_daily_asset_metrics_candle_count.31dd0be41e
[0m03:17:33.460442 [info ] [Thread-4 (]: 17 of 29 START test not_null_int_daily_asset_metrics_daily_close ............... [RUN]
[0m03:17:33.460442 [debug] [Thread-3 (]: Began running node test.dbt_crypto.not_null_int_daily_asset_metrics_daily_open.66ccbbf5f5
[0m03:17:33.466980 [debug] [Thread-4 (]: Re-using an available connection from the pool (formerly test.dbt_crypto.not_null_fct_asset_daily_analytics_trading_date.9590011e4e, now test.dbt_crypto.not_null_int_daily_asset_metrics_daily_close.35b4ca2e77)
[0m03:17:33.468412 [info ] [Thread-3 (]: 18 of 29 START test not_null_int_daily_asset_metrics_daily_open ................ [RUN]
[0m03:17:33.469602 [debug] [Thread-4 (]: Began compiling node test.dbt_crypto.not_null_int_daily_asset_metrics_daily_close.35b4ca2e77
[0m03:17:33.471649 [debug] [Thread-3 (]: Re-using an available connection from the pool (formerly test.dbt_crypto.not_null_int_daily_asset_metrics_candle_count.31dd0be41e, now test.dbt_crypto.not_null_int_daily_asset_metrics_daily_open.66ccbbf5f5)
[0m03:17:33.472970 [debug] [Thread-4 (]: Writing injected SQL for node "test.dbt_crypto.not_null_int_daily_asset_metrics_daily_close.35b4ca2e77"
[0m03:17:33.472970 [debug] [Thread-3 (]: Began compiling node test.dbt_crypto.not_null_int_daily_asset_metrics_daily_open.66ccbbf5f5
[0m03:17:33.472970 [debug] [Thread-3 (]: Writing injected SQL for node "test.dbt_crypto.not_null_int_daily_asset_metrics_daily_open.66ccbbf5f5"
[0m03:17:33.489318 [debug] [Thread-4 (]: Began executing node test.dbt_crypto.not_null_int_daily_asset_metrics_daily_close.35b4ca2e77
[0m03:17:33.491332 [debug] [Thread-4 (]: Writing runtime sql for node "test.dbt_crypto.not_null_int_daily_asset_metrics_daily_close.35b4ca2e77"
[0m03:17:33.493337 [debug] [Thread-3 (]: Began executing node test.dbt_crypto.not_null_int_daily_asset_metrics_daily_open.66ccbbf5f5
[0m03:17:33.494975 [debug] [Thread-3 (]: Writing runtime sql for node "test.dbt_crypto.not_null_int_daily_asset_metrics_daily_open.66ccbbf5f5"
[0m03:17:33.494975 [debug] [Thread-4 (]: Using postgres connection "test.dbt_crypto.not_null_int_daily_asset_metrics_daily_close.35b4ca2e77"
[0m03:17:33.494975 [debug] [Thread-4 (]: On test.dbt_crypto.not_null_int_daily_asset_metrics_daily_close.35b4ca2e77: /* {"app": "dbt", "dbt_version": "1.12.3", "profile_name": "dbt_crypto", "target_name": "dev", "node_id": "test.dbt_crypto.not_null_int_daily_asset_metrics_daily_close.35b4ca2e77"} */

    
    select
      count(*) as failures,
      count(*) != 0 as should_warn,
      count(*) != 0 as should_error
    from (
      
    
  
    
    



select daily_close
from "neondb"."analytics"."int_daily_asset_metrics"
where daily_close is null



  
  
      
    ) dbt_internal_test
[0m03:17:33.494975 [debug] [Thread-4 (]: Opening a new connection, currently in state closed
[0m03:17:33.494975 [debug] [Thread-3 (]: Using postgres connection "test.dbt_crypto.not_null_int_daily_asset_metrics_daily_open.66ccbbf5f5"
[0m03:17:33.494975 [debug] [Thread-3 (]: On test.dbt_crypto.not_null_int_daily_asset_metrics_daily_open.66ccbbf5f5: /* {"app": "dbt", "dbt_version": "1.12.3", "profile_name": "dbt_crypto", "target_name": "dev", "node_id": "test.dbt_crypto.not_null_int_daily_asset_metrics_daily_open.66ccbbf5f5"} */

    
    select
      count(*) as failures,
      count(*) != 0 as should_warn,
      count(*) != 0 as should_error
    from (
      
    
  
    
    



select daily_open
from "neondb"."analytics"."int_daily_asset_metrics"
where daily_open is null



  
  
      
    ) dbt_internal_test
[0m03:17:33.494975 [debug] [Thread-3 (]: Opening a new connection, currently in state closed
[0m03:17:33.537793 [debug] [Thread-1 (]: On test.dbt_crypto.not_null_fct_asset_daily_analytics_daily_close.b876f5db68: Close
[0m03:17:33.539488 [info ] [Thread-1 (]: 13 of 29 PASS not_null_fct_asset_daily_analytics_daily_close ................... [[32mPASS[0m in 3.16s]
[0m03:17:33.541463 [debug] [Thread-1 (]: Finished running node test.dbt_crypto.not_null_fct_asset_daily_analytics_daily_close.b876f5db68
[0m03:17:33.541463 [debug] [Thread-1 (]: Began running node test.dbt_crypto.not_null_int_daily_asset_metrics_symbol.b34caf1dca
[0m03:17:33.542463 [info ] [Thread-1 (]: 19 of 29 START test not_null_int_daily_asset_metrics_symbol .................... [RUN]
[0m03:17:33.543464 [debug] [Thread-1 (]: Re-using an available connection from the pool (formerly test.dbt_crypto.not_null_fct_asset_daily_analytics_daily_close.b876f5db68, now test.dbt_crypto.not_null_int_daily_asset_metrics_symbol.b34caf1dca)
[0m03:17:33.544464 [debug] [Thread-1 (]: Began compiling node test.dbt_crypto.not_null_int_daily_asset_metrics_symbol.b34caf1dca
[0m03:17:33.554769 [debug] [Thread-1 (]: Writing injected SQL for node "test.dbt_crypto.not_null_int_daily_asset_metrics_symbol.b34caf1dca"
[0m03:17:33.556250 [debug] [Thread-2 (]: SQL status: SELECT 1 in 2.995 seconds
[0m03:17:33.559611 [debug] [Thread-2 (]: On test.dbt_crypto.not_null_fct_asset_daily_analytics_symbol.bb741d690c: ROLLBACK
[0m03:17:33.560599 [debug] [Thread-1 (]: Began executing node test.dbt_crypto.not_null_int_daily_asset_metrics_symbol.b34caf1dca
[0m03:17:33.560599 [debug] [Thread-1 (]: Writing runtime sql for node "test.dbt_crypto.not_null_int_daily_asset_metrics_symbol.b34caf1dca"
[0m03:17:33.560599 [debug] [Thread-1 (]: Using postgres connection "test.dbt_crypto.not_null_int_daily_asset_metrics_symbol.b34caf1dca"
[0m03:17:33.560599 [debug] [Thread-1 (]: On test.dbt_crypto.not_null_int_daily_asset_metrics_symbol.b34caf1dca: /* {"app": "dbt", "dbt_version": "1.12.3", "profile_name": "dbt_crypto", "target_name": "dev", "node_id": "test.dbt_crypto.not_null_int_daily_asset_metrics_symbol.b34caf1dca"} */

    
    select
      count(*) as failures,
      count(*) != 0 as should_warn,
      count(*) != 0 as should_error
    from (
      
    
  
    
    



select symbol
from "neondb"."analytics"."int_daily_asset_metrics"
where symbol is null



  
  
      
    ) dbt_internal_test
[0m03:17:33.560599 [debug] [Thread-1 (]: Opening a new connection, currently in state closed
[0m03:17:33.805903 [debug] [Thread-2 (]: On test.dbt_crypto.not_null_fct_asset_daily_analytics_symbol.bb741d690c: Close
[0m03:17:33.821827 [info ] [Thread-2 (]: 14 of 29 PASS not_null_fct_asset_daily_analytics_symbol ........................ [[32mPASS[0m in 3.29s]
[0m03:17:33.824823 [debug] [Thread-2 (]: Finished running node test.dbt_crypto.not_null_fct_asset_daily_analytics_symbol.bb741d690c
[0m03:17:33.825820 [debug] [Thread-2 (]: Began running node test.dbt_crypto.not_null_int_daily_asset_metrics_trading_date.baebdcec4d
[0m03:17:33.825820 [info ] [Thread-2 (]: 20 of 29 START test not_null_int_daily_asset_metrics_trading_date .............. [RUN]
[0m03:17:33.826921 [debug] [Thread-2 (]: Re-using an available connection from the pool (formerly test.dbt_crypto.not_null_fct_asset_daily_analytics_symbol.bb741d690c, now test.dbt_crypto.not_null_int_daily_asset_metrics_trading_date.baebdcec4d)
[0m03:17:33.827822 [debug] [Thread-2 (]: Began compiling node test.dbt_crypto.not_null_int_daily_asset_metrics_trading_date.baebdcec4d
[0m03:17:33.833820 [debug] [Thread-2 (]: Writing injected SQL for node "test.dbt_crypto.not_null_int_daily_asset_metrics_trading_date.baebdcec4d"
[0m03:17:33.836836 [debug] [Thread-2 (]: Began executing node test.dbt_crypto.not_null_int_daily_asset_metrics_trading_date.baebdcec4d
[0m03:17:33.839899 [debug] [Thread-2 (]: Writing runtime sql for node "test.dbt_crypto.not_null_int_daily_asset_metrics_trading_date.baebdcec4d"
[0m03:17:33.843919 [debug] [Thread-2 (]: Using postgres connection "test.dbt_crypto.not_null_int_daily_asset_metrics_trading_date.baebdcec4d"
[0m03:17:33.843919 [debug] [Thread-2 (]: On test.dbt_crypto.not_null_int_daily_asset_metrics_trading_date.baebdcec4d: /* {"app": "dbt", "dbt_version": "1.12.3", "profile_name": "dbt_crypto", "target_name": "dev", "node_id": "test.dbt_crypto.not_null_int_daily_asset_metrics_trading_date.baebdcec4d"} */

    
    select
      count(*) as failures,
      count(*) != 0 as should_warn,
      count(*) != 0 as should_error
    from (
      
    
  
    
    



select trading_date
from "neondb"."analytics"."int_daily_asset_metrics"
where trading_date is null



  
  
      
    ) dbt_internal_test
[0m03:17:33.843919 [debug] [Thread-2 (]: Opening a new connection, currently in state closed
[0m03:17:35.518114 [debug] [Thread-1 (]: SQL status: SELECT 1 in 1.950 seconds
[0m03:17:35.524107 [debug] [Thread-1 (]: On test.dbt_crypto.not_null_int_daily_asset_metrics_symbol.b34caf1dca: ROLLBACK
[0m03:17:35.552647 [debug] [Thread-4 (]: SQL status: SELECT 1 in 2.053 seconds
[0m03:17:35.554669 [debug] [Thread-4 (]: On test.dbt_crypto.not_null_int_daily_asset_metrics_daily_close.35b4ca2e77: ROLLBACK
[0m03:17:35.554669 [debug] [Thread-3 (]: SQL status: SELECT 1 in 2.062 seconds
[0m03:17:35.554669 [debug] [Thread-3 (]: On test.dbt_crypto.not_null_int_daily_asset_metrics_daily_open.66ccbbf5f5: ROLLBACK
[0m03:17:35.753927 [debug] [Thread-1 (]: On test.dbt_crypto.not_null_int_daily_asset_metrics_symbol.b34caf1dca: Close
[0m03:17:35.767848 [info ] [Thread-1 (]: 19 of 29 PASS not_null_int_daily_asset_metrics_symbol .......................... [[32mPASS[0m in 2.22s]
[0m03:17:35.769604 [debug] [Thread-1 (]: Finished running node test.dbt_crypto.not_null_int_daily_asset_metrics_symbol.b34caf1dca
[0m03:17:35.769604 [debug] [Thread-1 (]: Began running node test.dbt_crypto.not_null_stg_crypto_klines_close.d231eca7f0
[0m03:17:35.769604 [info ] [Thread-1 (]: 21 of 29 START test not_null_stg_crypto_klines_close ........................... [RUN]
[0m03:17:35.769604 [debug] [Thread-1 (]: Re-using an available connection from the pool (formerly test.dbt_crypto.not_null_int_daily_asset_metrics_symbol.b34caf1dca, now test.dbt_crypto.not_null_stg_crypto_klines_close.d231eca7f0)
[0m03:17:35.769604 [debug] [Thread-1 (]: Began compiling node test.dbt_crypto.not_null_stg_crypto_klines_close.d231eca7f0
[0m03:17:35.769604 [debug] [Thread-1 (]: Writing injected SQL for node "test.dbt_crypto.not_null_stg_crypto_klines_close.d231eca7f0"
[0m03:17:35.786488 [debug] [Thread-1 (]: Began executing node test.dbt_crypto.not_null_stg_crypto_klines_close.d231eca7f0
[0m03:17:35.789300 [debug] [Thread-1 (]: Writing runtime sql for node "test.dbt_crypto.not_null_stg_crypto_klines_close.d231eca7f0"
[0m03:17:35.792337 [debug] [Thread-1 (]: Using postgres connection "test.dbt_crypto.not_null_stg_crypto_klines_close.d231eca7f0"
[0m03:17:35.792337 [debug] [Thread-1 (]: On test.dbt_crypto.not_null_stg_crypto_klines_close.d231eca7f0: /* {"app": "dbt", "dbt_version": "1.12.3", "profile_name": "dbt_crypto", "target_name": "dev", "node_id": "test.dbt_crypto.not_null_stg_crypto_klines_close.d231eca7f0"} */

    
    select
      count(*) as failures,
      count(*) != 0 as should_warn,
      count(*) != 0 as should_error
    from (
      
    
  
    
    



select close
from "neondb"."analytics"."stg_crypto_klines"
where close is null



  
  
      
    ) dbt_internal_test
[0m03:17:35.792337 [debug] [Thread-1 (]: Opening a new connection, currently in state closed
[0m03:17:35.806346 [debug] [Thread-4 (]: On test.dbt_crypto.not_null_int_daily_asset_metrics_daily_close.35b4ca2e77: Close
[0m03:17:35.807387 [debug] [Thread-2 (]: SQL status: SELECT 1 in 1.961 seconds
[0m03:17:35.808448 [info ] [Thread-4 (]: 17 of 29 PASS not_null_int_daily_asset_metrics_daily_close ..................... [[32mPASS[0m in 2.34s]
[0m03:17:35.810443 [debug] [Thread-2 (]: On test.dbt_crypto.not_null_int_daily_asset_metrics_trading_date.baebdcec4d: ROLLBACK
[0m03:17:35.811358 [debug] [Thread-4 (]: Finished running node test.dbt_crypto.not_null_int_daily_asset_metrics_daily_close.35b4ca2e77
[0m03:17:35.812458 [debug] [Thread-4 (]: Began running node test.dbt_crypto.not_null_stg_crypto_klines_close_time.e405db55c9
[0m03:17:35.813356 [info ] [Thread-4 (]: 22 of 29 START test not_null_stg_crypto_klines_close_time ...................... [RUN]
[0m03:17:35.814354 [debug] [Thread-4 (]: Re-using an available connection from the pool (formerly test.dbt_crypto.not_null_int_daily_asset_metrics_daily_close.35b4ca2e77, now test.dbt_crypto.not_null_stg_crypto_klines_close_time.e405db55c9)
[0m03:17:35.815415 [debug] [Thread-3 (]: On test.dbt_crypto.not_null_int_daily_asset_metrics_daily_open.66ccbbf5f5: Close
[0m03:17:35.816535 [debug] [Thread-4 (]: Began compiling node test.dbt_crypto.not_null_stg_crypto_klines_close_time.e405db55c9
[0m03:17:35.822425 [debug] [Thread-4 (]: Writing injected SQL for node "test.dbt_crypto.not_null_stg_crypto_klines_close_time.e405db55c9"
[0m03:17:35.818319 [info ] [Thread-3 (]: 18 of 29 PASS not_null_int_daily_asset_metrics_daily_open ...................... [[32mPASS[0m in 2.35s]
[0m03:17:35.822425 [debug] [Thread-3 (]: Finished running node test.dbt_crypto.not_null_int_daily_asset_metrics_daily_open.66ccbbf5f5
[0m03:17:35.822425 [debug] [Thread-3 (]: Began running node test.dbt_crypto.not_null_stg_crypto_klines_high.c083455de1
[0m03:17:35.822425 [info ] [Thread-3 (]: 23 of 29 START test not_null_stg_crypto_klines_high ............................ [RUN]
[0m03:17:35.822425 [debug] [Thread-4 (]: Began executing node test.dbt_crypto.not_null_stg_crypto_klines_close_time.e405db55c9
[0m03:17:35.822425 [debug] [Thread-3 (]: Re-using an available connection from the pool (formerly test.dbt_crypto.not_null_int_daily_asset_metrics_daily_open.66ccbbf5f5, now test.dbt_crypto.not_null_stg_crypto_klines_high.c083455de1)
[0m03:17:35.832701 [debug] [Thread-4 (]: Writing runtime sql for node "test.dbt_crypto.not_null_stg_crypto_klines_close_time.e405db55c9"
[0m03:17:35.833748 [debug] [Thread-3 (]: Began compiling node test.dbt_crypto.not_null_stg_crypto_klines_high.c083455de1
[0m03:17:35.839634 [debug] [Thread-3 (]: Writing injected SQL for node "test.dbt_crypto.not_null_stg_crypto_klines_high.c083455de1"
[0m03:17:35.839634 [debug] [Thread-4 (]: Using postgres connection "test.dbt_crypto.not_null_stg_crypto_klines_close_time.e405db55c9"
[0m03:17:35.839634 [debug] [Thread-4 (]: On test.dbt_crypto.not_null_stg_crypto_klines_close_time.e405db55c9: /* {"app": "dbt", "dbt_version": "1.12.3", "profile_name": "dbt_crypto", "target_name": "dev", "node_id": "test.dbt_crypto.not_null_stg_crypto_klines_close_time.e405db55c9"} */

    
    select
      count(*) as failures,
      count(*) != 0 as should_warn,
      count(*) != 0 as should_error
    from (
      
    
  
    
    



select close_time
from "neondb"."analytics"."stg_crypto_klines"
where close_time is null



  
  
      
    ) dbt_internal_test
[0m03:17:35.839634 [debug] [Thread-4 (]: Opening a new connection, currently in state closed
[0m03:17:35.839634 [debug] [Thread-3 (]: Began executing node test.dbt_crypto.not_null_stg_crypto_klines_high.c083455de1
[0m03:17:35.839634 [debug] [Thread-3 (]: Writing runtime sql for node "test.dbt_crypto.not_null_stg_crypto_klines_high.c083455de1"
[0m03:17:35.839634 [debug] [Thread-3 (]: Using postgres connection "test.dbt_crypto.not_null_stg_crypto_klines_high.c083455de1"
[0m03:17:35.839634 [debug] [Thread-3 (]: On test.dbt_crypto.not_null_stg_crypto_klines_high.c083455de1: /* {"app": "dbt", "dbt_version": "1.12.3", "profile_name": "dbt_crypto", "target_name": "dev", "node_id": "test.dbt_crypto.not_null_stg_crypto_klines_high.c083455de1"} */

    
    select
      count(*) as failures,
      count(*) != 0 as should_warn,
      count(*) != 0 as should_error
    from (
      
    
  
    
    



select high
from "neondb"."analytics"."stg_crypto_klines"
where high is null



  
  
      
    ) dbt_internal_test
[0m03:17:35.839634 [debug] [Thread-3 (]: Opening a new connection, currently in state closed
[0m03:17:36.051606 [debug] [Thread-2 (]: On test.dbt_crypto.not_null_int_daily_asset_metrics_trading_date.baebdcec4d: Close
[0m03:17:36.055397 [info ] [Thread-2 (]: 20 of 29 PASS not_null_int_daily_asset_metrics_trading_date .................... [[32mPASS[0m in 2.23s]
[0m03:17:36.057401 [debug] [Thread-2 (]: Finished running node test.dbt_crypto.not_null_int_daily_asset_metrics_trading_date.baebdcec4d
[0m03:17:36.058400 [debug] [Thread-2 (]: Began running node test.dbt_crypto.not_null_stg_crypto_klines_interval.9a211ae76d
[0m03:17:36.058400 [info ] [Thread-2 (]: 24 of 29 START test not_null_stg_crypto_klines_interval ........................ [RUN]
[0m03:17:36.060433 [debug] [Thread-2 (]: Re-using an available connection from the pool (formerly test.dbt_crypto.not_null_int_daily_asset_metrics_trading_date.baebdcec4d, now test.dbt_crypto.not_null_stg_crypto_klines_interval.9a211ae76d)
[0m03:17:36.060433 [debug] [Thread-2 (]: Began compiling node test.dbt_crypto.not_null_stg_crypto_klines_interval.9a211ae76d
[0m03:17:36.066474 [debug] [Thread-2 (]: Writing injected SQL for node "test.dbt_crypto.not_null_stg_crypto_klines_interval.9a211ae76d"
[0m03:17:36.069493 [debug] [Thread-2 (]: Began executing node test.dbt_crypto.not_null_stg_crypto_klines_interval.9a211ae76d
[0m03:17:36.072612 [debug] [Thread-2 (]: Writing runtime sql for node "test.dbt_crypto.not_null_stg_crypto_klines_interval.9a211ae76d"
[0m03:17:36.076672 [debug] [Thread-2 (]: Using postgres connection "test.dbt_crypto.not_null_stg_crypto_klines_interval.9a211ae76d"
[0m03:17:36.077695 [debug] [Thread-2 (]: On test.dbt_crypto.not_null_stg_crypto_klines_interval.9a211ae76d: /* {"app": "dbt", "dbt_version": "1.12.3", "profile_name": "dbt_crypto", "target_name": "dev", "node_id": "test.dbt_crypto.not_null_stg_crypto_klines_interval.9a211ae76d"} */

    
    select
      count(*) as failures,
      count(*) != 0 as should_warn,
      count(*) != 0 as should_error
    from (
      
    
  
    
    



select interval
from "neondb"."analytics"."stg_crypto_klines"
where interval is null



  
  
      
    ) dbt_internal_test
[0m03:17:36.078644 [debug] [Thread-2 (]: Opening a new connection, currently in state closed
[0m03:17:37.766426 [debug] [Thread-3 (]: SQL status: SELECT 1 in 1.927 seconds
[0m03:17:37.782368 [debug] [Thread-3 (]: On test.dbt_crypto.not_null_stg_crypto_klines_high.c083455de1: ROLLBACK
[0m03:17:37.798561 [debug] [Thread-1 (]: SQL status: SELECT 1 in 2.008 seconds
[0m03:17:37.804794 [debug] [Thread-1 (]: On test.dbt_crypto.not_null_stg_crypto_klines_close.d231eca7f0: ROLLBACK
[0m03:17:37.886349 [debug] [Thread-4 (]: SQL status: SELECT 1 in 2.055 seconds
[0m03:17:37.902246 [debug] [Thread-4 (]: On test.dbt_crypto.not_null_stg_crypto_klines_close_time.e405db55c9: ROLLBACK
[0m03:17:38.004688 [debug] [Thread-3 (]: On test.dbt_crypto.not_null_stg_crypto_klines_high.c083455de1: Close
[0m03:17:38.020389 [info ] [Thread-3 (]: 23 of 29 PASS not_null_stg_crypto_klines_high .................................. [[32mPASS[0m in 2.20s]
[0m03:17:38.020389 [debug] [Thread-3 (]: Finished running node test.dbt_crypto.not_null_stg_crypto_klines_high.c083455de1
[0m03:17:38.020389 [debug] [Thread-3 (]: Began running node test.dbt_crypto.not_null_stg_crypto_klines_low.acb73e9001
[0m03:17:38.020389 [info ] [Thread-3 (]: 25 of 29 START test not_null_stg_crypto_klines_low ............................. [RUN]
[0m03:17:38.020389 [debug] [Thread-3 (]: Re-using an available connection from the pool (formerly test.dbt_crypto.not_null_stg_crypto_klines_high.c083455de1, now test.dbt_crypto.not_null_stg_crypto_klines_low.acb73e9001)
[0m03:17:38.020389 [debug] [Thread-3 (]: Began compiling node test.dbt_crypto.not_null_stg_crypto_klines_low.acb73e9001
[0m03:17:38.020389 [debug] [Thread-3 (]: Writing injected SQL for node "test.dbt_crypto.not_null_stg_crypto_klines_low.acb73e9001"
[0m03:17:38.020389 [debug] [Thread-3 (]: Began executing node test.dbt_crypto.not_null_stg_crypto_klines_low.acb73e9001
[0m03:17:38.037886 [debug] [Thread-3 (]: Writing runtime sql for node "test.dbt_crypto.not_null_stg_crypto_klines_low.acb73e9001"
[0m03:17:38.041147 [debug] [Thread-3 (]: Using postgres connection "test.dbt_crypto.not_null_stg_crypto_klines_low.acb73e9001"
[0m03:17:38.043166 [debug] [Thread-3 (]: On test.dbt_crypto.not_null_stg_crypto_klines_low.acb73e9001: /* {"app": "dbt", "dbt_version": "1.12.3", "profile_name": "dbt_crypto", "target_name": "dev", "node_id": "test.dbt_crypto.not_null_stg_crypto_klines_low.acb73e9001"} */

    
    select
      count(*) as failures,
      count(*) != 0 as should_warn,
      count(*) != 0 as should_error
    from (
      
    
  
    
    



select low
from "neondb"."analytics"."stg_crypto_klines"
where low is null



  
  
      
    ) dbt_internal_test
[0m03:17:38.043166 [debug] [Thread-3 (]: Opening a new connection, currently in state closed
[0m03:17:38.043166 [debug] [Thread-1 (]: On test.dbt_crypto.not_null_stg_crypto_klines_close.d231eca7f0: Close
[0m03:17:38.043166 [info ] [Thread-1 (]: 21 of 29 PASS not_null_stg_crypto_klines_close ................................. [[32mPASS[0m in 2.27s]
[0m03:17:38.043166 [debug] [Thread-1 (]: Finished running node test.dbt_crypto.not_null_stg_crypto_klines_close.d231eca7f0
[0m03:17:38.056517 [debug] [Thread-1 (]: Began running node test.dbt_crypto.not_null_stg_crypto_klines_open.ec1fc4d2df
[0m03:17:38.058529 [info ] [Thread-1 (]: 26 of 29 START test not_null_stg_crypto_klines_open ............................ [RUN]
[0m03:17:38.058529 [debug] [Thread-1 (]: Re-using an available connection from the pool (formerly test.dbt_crypto.not_null_stg_crypto_klines_close.d231eca7f0, now test.dbt_crypto.not_null_stg_crypto_klines_open.ec1fc4d2df)
[0m03:17:38.062358 [debug] [Thread-1 (]: Began compiling node test.dbt_crypto.not_null_stg_crypto_klines_open.ec1fc4d2df
[0m03:17:38.121314 [debug] [Thread-2 (]: SQL status: SELECT 1 in 2.042 seconds
[0m03:17:38.123328 [debug] [Thread-1 (]: Writing injected SQL for node "test.dbt_crypto.not_null_stg_crypto_klines_open.ec1fc4d2df"
[0m03:17:38.125327 [debug] [Thread-2 (]: On test.dbt_crypto.not_null_stg_crypto_klines_interval.9a211ae76d: ROLLBACK
[0m03:17:38.128327 [debug] [Thread-1 (]: Began executing node test.dbt_crypto.not_null_stg_crypto_klines_open.ec1fc4d2df
[0m03:17:38.130327 [debug] [Thread-1 (]: Writing runtime sql for node "test.dbt_crypto.not_null_stg_crypto_klines_open.ec1fc4d2df"
[0m03:17:38.133322 [debug] [Thread-1 (]: Using postgres connection "test.dbt_crypto.not_null_stg_crypto_klines_open.ec1fc4d2df"
[0m03:17:38.135322 [debug] [Thread-1 (]: On test.dbt_crypto.not_null_stg_crypto_klines_open.ec1fc4d2df: /* {"app": "dbt", "dbt_version": "1.12.3", "profile_name": "dbt_crypto", "target_name": "dev", "node_id": "test.dbt_crypto.not_null_stg_crypto_klines_open.ec1fc4d2df"} */

    
    select
      count(*) as failures,
      count(*) != 0 as should_warn,
      count(*) != 0 as should_error
    from (
      
    
  
    
    



select open
from "neondb"."analytics"."stg_crypto_klines"
where open is null



  
  
      
    ) dbt_internal_test
[0m03:17:38.136326 [debug] [Thread-1 (]: Opening a new connection, currently in state closed
[0m03:17:38.159018 [debug] [Thread-4 (]: On test.dbt_crypto.not_null_stg_crypto_klines_close_time.e405db55c9: Close
[0m03:17:38.160936 [info ] [Thread-4 (]: 22 of 29 PASS not_null_stg_crypto_klines_close_time ............................ [[32mPASS[0m in 2.35s]
[0m03:17:38.161941 [debug] [Thread-4 (]: Finished running node test.dbt_crypto.not_null_stg_crypto_klines_close_time.e405db55c9
[0m03:17:38.162938 [debug] [Thread-4 (]: Began running node test.dbt_crypto.not_null_stg_crypto_klines_open_time.ba5000c49e
[0m03:17:38.163936 [info ] [Thread-4 (]: 27 of 29 START test not_null_stg_crypto_klines_open_time ....................... [RUN]
[0m03:17:38.164941 [debug] [Thread-4 (]: Re-using an available connection from the pool (formerly test.dbt_crypto.not_null_stg_crypto_klines_close_time.e405db55c9, now test.dbt_crypto.not_null_stg_crypto_klines_open_time.ba5000c49e)
[0m03:17:38.165935 [debug] [Thread-4 (]: Began compiling node test.dbt_crypto.not_null_stg_crypto_klines_open_time.ba5000c49e
[0m03:17:38.173346 [debug] [Thread-4 (]: Writing injected SQL for node "test.dbt_crypto.not_null_stg_crypto_klines_open_time.ba5000c49e"
[0m03:17:38.178348 [debug] [Thread-4 (]: Began executing node test.dbt_crypto.not_null_stg_crypto_klines_open_time.ba5000c49e
[0m03:17:38.180349 [debug] [Thread-4 (]: Writing runtime sql for node "test.dbt_crypto.not_null_stg_crypto_klines_open_time.ba5000c49e"
[0m03:17:38.183349 [debug] [Thread-4 (]: Using postgres connection "test.dbt_crypto.not_null_stg_crypto_klines_open_time.ba5000c49e"
[0m03:17:38.184350 [debug] [Thread-4 (]: On test.dbt_crypto.not_null_stg_crypto_klines_open_time.ba5000c49e: /* {"app": "dbt", "dbt_version": "1.12.3", "profile_name": "dbt_crypto", "target_name": "dev", "node_id": "test.dbt_crypto.not_null_stg_crypto_klines_open_time.ba5000c49e"} */

    
    select
      count(*) as failures,
      count(*) != 0 as should_warn,
      count(*) != 0 as should_error
    from (
      
    
  
    
    



select open_time
from "neondb"."analytics"."stg_crypto_klines"
where open_time is null



  
  
      
    ) dbt_internal_test
[0m03:17:38.185350 [debug] [Thread-4 (]: Opening a new connection, currently in state closed
[0m03:17:38.381950 [debug] [Thread-2 (]: On test.dbt_crypto.not_null_stg_crypto_klines_interval.9a211ae76d: Close
[0m03:17:38.381950 [info ] [Thread-2 (]: 24 of 29 PASS not_null_stg_crypto_klines_interval .............................. [[32mPASS[0m in 2.32s]
[0m03:17:38.385611 [debug] [Thread-2 (]: Finished running node test.dbt_crypto.not_null_stg_crypto_klines_interval.9a211ae76d
[0m03:17:38.385611 [debug] [Thread-2 (]: Began running node test.dbt_crypto.not_null_stg_crypto_klines_symbol.e2807c50d4
[0m03:17:38.385611 [info ] [Thread-2 (]: 28 of 29 START test not_null_stg_crypto_klines_symbol .......................... [RUN]
[0m03:17:38.385611 [debug] [Thread-2 (]: Re-using an available connection from the pool (formerly test.dbt_crypto.not_null_stg_crypto_klines_interval.9a211ae76d, now test.dbt_crypto.not_null_stg_crypto_klines_symbol.e2807c50d4)
[0m03:17:38.385611 [debug] [Thread-2 (]: Began compiling node test.dbt_crypto.not_null_stg_crypto_klines_symbol.e2807c50d4
[0m03:17:38.385611 [debug] [Thread-2 (]: Writing injected SQL for node "test.dbt_crypto.not_null_stg_crypto_klines_symbol.e2807c50d4"
[0m03:17:38.401313 [debug] [Thread-2 (]: Began executing node test.dbt_crypto.not_null_stg_crypto_klines_symbol.e2807c50d4
[0m03:17:38.405952 [debug] [Thread-2 (]: Writing runtime sql for node "test.dbt_crypto.not_null_stg_crypto_klines_symbol.e2807c50d4"
[0m03:17:38.408022 [debug] [Thread-2 (]: Using postgres connection "test.dbt_crypto.not_null_stg_crypto_klines_symbol.e2807c50d4"
[0m03:17:38.408022 [debug] [Thread-2 (]: On test.dbt_crypto.not_null_stg_crypto_klines_symbol.e2807c50d4: /* {"app": "dbt", "dbt_version": "1.12.3", "profile_name": "dbt_crypto", "target_name": "dev", "node_id": "test.dbt_crypto.not_null_stg_crypto_klines_symbol.e2807c50d4"} */

    
    select
      count(*) as failures,
      count(*) != 0 as should_warn,
      count(*) != 0 as should_error
    from (
      
    
  
    
    



select symbol
from "neondb"."analytics"."stg_crypto_klines"
where symbol is null



  
  
      
    ) dbt_internal_test
[0m03:17:38.408022 [debug] [Thread-2 (]: Opening a new connection, currently in state closed
[0m03:17:39.935815 [debug] [Thread-3 (]: SQL status: SELECT 1 in 1.892 seconds
[0m03:17:39.937830 [debug] [Thread-3 (]: On test.dbt_crypto.not_null_stg_crypto_klines_low.acb73e9001: ROLLBACK
[0m03:17:40.173852 [debug] [Thread-3 (]: On test.dbt_crypto.not_null_stg_crypto_klines_low.acb73e9001: Close
[0m03:17:40.177420 [info ] [Thread-3 (]: 25 of 29 PASS not_null_stg_crypto_klines_low ................................... [[32mPASS[0m in 2.16s]
[0m03:17:40.178327 [debug] [Thread-3 (]: Finished running node test.dbt_crypto.not_null_stg_crypto_klines_low.acb73e9001
[0m03:17:40.179355 [debug] [Thread-3 (]: Began running node test.dbt_crypto.not_null_stg_crypto_klines_volume.dc3ceaa92a
[0m03:17:40.180406 [info ] [Thread-3 (]: 29 of 29 START test not_null_stg_crypto_klines_volume .......................... [RUN]
[0m03:17:40.181315 [debug] [Thread-3 (]: Re-using an available connection from the pool (formerly test.dbt_crypto.not_null_stg_crypto_klines_low.acb73e9001, now test.dbt_crypto.not_null_stg_crypto_klines_volume.dc3ceaa92a)
[0m03:17:40.182317 [debug] [Thread-3 (]: Began compiling node test.dbt_crypto.not_null_stg_crypto_klines_volume.dc3ceaa92a
[0m03:17:40.189517 [debug] [Thread-3 (]: Writing injected SQL for node "test.dbt_crypto.not_null_stg_crypto_klines_volume.dc3ceaa92a"
[0m03:17:40.192646 [debug] [Thread-3 (]: Began executing node test.dbt_crypto.not_null_stg_crypto_klines_volume.dc3ceaa92a
[0m03:17:40.195073 [debug] [Thread-3 (]: Writing runtime sql for node "test.dbt_crypto.not_null_stg_crypto_klines_volume.dc3ceaa92a"
[0m03:17:40.199088 [debug] [Thread-3 (]: Using postgres connection "test.dbt_crypto.not_null_stg_crypto_klines_volume.dc3ceaa92a"
[0m03:17:40.199088 [debug] [Thread-3 (]: On test.dbt_crypto.not_null_stg_crypto_klines_volume.dc3ceaa92a: /* {"app": "dbt", "dbt_version": "1.12.3", "profile_name": "dbt_crypto", "target_name": "dev", "node_id": "test.dbt_crypto.not_null_stg_crypto_klines_volume.dc3ceaa92a"} */

    
    select
      count(*) as failures,
      count(*) != 0 as should_warn,
      count(*) != 0 as should_error
    from (
      
    
  
    
    



select volume
from "neondb"."analytics"."stg_crypto_klines"
where volume is null



  
  
      
    ) dbt_internal_test
[0m03:17:40.199088 [debug] [Thread-3 (]: Opening a new connection, currently in state closed
[0m03:17:40.201096 [debug] [Thread-4 (]: SQL status: SELECT 1 in 2.018 seconds
[0m03:17:40.205007 [debug] [Thread-4 (]: On test.dbt_crypto.not_null_stg_crypto_klines_open_time.ba5000c49e: ROLLBACK
[0m03:17:40.205007 [debug] [Thread-1 (]: SQL status: SELECT 1 in 2.079 seconds
[0m03:17:40.205007 [debug] [Thread-1 (]: On test.dbt_crypto.not_null_stg_crypto_klines_open.ec1fc4d2df: ROLLBACK
[0m03:17:40.449613 [debug] [Thread-4 (]: On test.dbt_crypto.not_null_stg_crypto_klines_open_time.ba5000c49e: Close
[0m03:17:40.450729 [info ] [Thread-4 (]: 27 of 29 PASS not_null_stg_crypto_klines_open_time ............................. [[32mPASS[0m in 2.29s]
[0m03:17:40.451646 [debug] [Thread-4 (]: Finished running node test.dbt_crypto.not_null_stg_crypto_klines_open_time.ba5000c49e
[0m03:17:40.454645 [debug] [Thread-2 (]: SQL status: SELECT 1 in 2.043 seconds
[0m03:17:40.454645 [debug] [Thread-2 (]: On test.dbt_crypto.not_null_stg_crypto_klines_symbol.e2807c50d4: ROLLBACK
[0m03:17:40.472767 [debug] [Thread-1 (]: On test.dbt_crypto.not_null_stg_crypto_klines_open.ec1fc4d2df: Close
[0m03:17:40.474669 [info ] [Thread-1 (]: 26 of 29 PASS not_null_stg_crypto_klines_open .................................. [[32mPASS[0m in 2.42s]
[0m03:17:40.476690 [debug] [Thread-1 (]: Finished running node test.dbt_crypto.not_null_stg_crypto_klines_open.ec1fc4d2df
[0m03:17:40.711053 [debug] [Thread-2 (]: On test.dbt_crypto.not_null_stg_crypto_klines_symbol.e2807c50d4: Close
[0m03:17:40.715161 [info ] [Thread-2 (]: 28 of 29 PASS not_null_stg_crypto_klines_symbol ................................ [[32mPASS[0m in 2.33s]
[0m03:17:40.717076 [debug] [Thread-2 (]: Finished running node test.dbt_crypto.not_null_stg_crypto_klines_symbol.e2807c50d4
[0m03:17:42.194971 [debug] [Thread-3 (]: SQL status: SELECT 1 in 1.995 seconds
[0m03:17:42.199668 [debug] [Thread-3 (]: On test.dbt_crypto.not_null_stg_crypto_klines_volume.dc3ceaa92a: ROLLBACK
[0m03:17:42.435448 [debug] [Thread-3 (]: On test.dbt_crypto.not_null_stg_crypto_klines_volume.dc3ceaa92a: Close
[0m03:17:42.448463 [info ] [Thread-3 (]: 29 of 29 PASS not_null_stg_crypto_klines_volume ................................ [[32mPASS[0m in 2.27s]
[0m03:17:42.450486 [debug] [Thread-3 (]: Finished running node test.dbt_crypto.not_null_stg_crypto_klines_volume.dc3ceaa92a
[0m03:17:42.451578 [debug] [MainThread]: On master: COMMIT
[0m03:17:42.454355 [debug] [MainThread]: Using postgres connection "master"
[0m03:17:42.454355 [debug] [MainThread]: On master: COMMIT
[0m03:17:42.454355 [debug] [MainThread]: Opening a new connection, currently in state closed
[0m03:17:44.853043 [debug] [MainThread]: SQL status: COMMIT in 2.408 seconds
[0m03:17:44.853043 [debug] [MainThread]: On master: Close
[0m03:17:44.869180 [debug] [MainThread]: Connection 'master' was properly closed.
[0m03:17:44.869180 [debug] [MainThread]: Connection 'list_neondb_analytics' was properly closed.
[0m03:17:44.869180 [debug] [MainThread]: Connection 'test.dbt_crypto.not_null_stg_crypto_klines_open.ec1fc4d2df' was properly closed.
[0m03:17:44.869180 [debug] [MainThread]: Connection 'test.dbt_crypto.not_null_stg_crypto_klines_symbol.e2807c50d4' was properly closed.
[0m03:17:44.869180 [debug] [MainThread]: Connection 'test.dbt_crypto.not_null_stg_crypto_klines_volume.dc3ceaa92a' was properly closed.
[0m03:17:44.869180 [debug] [MainThread]: Connection 'test.dbt_crypto.not_null_stg_crypto_klines_open_time.ba5000c49e' was properly closed.
[0m03:17:44.869180 [info ] [MainThread]: 
[0m03:17:44.869180 [info ] [MainThread]: Finished running 29 data tests in 0 hours 0 minutes and 26.62 seconds (26.62s).
[0m03:17:44.869180 [debug] [MainThread]: Command end result
[0m03:17:44.921885 [debug] [MainThread]: Wrote artifact WritableManifest to C:\Users\eknmeeu\Downloads\Py_Neeraj\DE_P\dbt\dbt_crypto\target\manifest.json
[0m03:17:44.928895 [debug] [MainThread]: Wrote artifact SemanticManifest to C:\Users\eknmeeu\Downloads\Py_Neeraj\DE_P\dbt\dbt_crypto\target\semantic_manifest.json
[0m03:17:44.934895 [debug] [MainThread]: Wrote artifact OsiDocument to C:\Users\eknmeeu\Downloads\Py_Neeraj\DE_P\dbt\dbt_crypto\target\osi_document.json
[0m03:17:44.947420 [debug] [MainThread]: Wrote artifact RunExecutionResult to C:\Users\eknmeeu\Downloads\Py_Neeraj\DE_P\dbt\dbt_crypto\target\run_results.json
[0m03:17:44.948342 [info ] [MainThread]: 
[0m03:17:44.956917 [info ] [MainThread]: [32mCompleted successfully[0m
[0m03:17:44.957928 [info ] [MainThread]: 
[0m03:17:44.959011 [info ] [MainThread]: Done. PASS=29 WARN=0 ERROR=0 SKIP=0 NO-OP=0 REUSED=0 TOTAL=29
[0m03:17:44.961004 [debug] [MainThread]: Command `dbt test` succeeded at 03:17:44.961004 after 28.44 seconds
[0m03:17:44.961936 [debug] [MainThread]: Sending event: {'category': 'dbt', 'action': 'invocation', 'label': 'end', 'context': [<snowplow_tracker.self_describing_json.SelfDescribingJson object at 0x00000143A956B580>, <snowplow_tracker.self_describing_json.SelfDescribingJson object at 0x00000143A733E800>, <snowplow_tracker.self_describing_json.SelfDescribingJson object at 0x00000143AC4ED3C0>]}
[0m03:17:44.961936 [debug] [MainThread]: Flushing usage events
[0m03:17:45.887920 [debug] [MainThread]: An error was encountered while trying to flush usage events
[0m03:19:25.710334 [debug] [MainThread]: Sending event: {'category': 'dbt', 'action': 'invocation', 'label': 'start', 'context': [<snowplow_tracker.self_describing_json.SelfDescribingJson object at 0x0000024726CBB640>, <snowplow_tracker.self_describing_json.SelfDescribingJson object at 0x000002472949B9A0>, <snowplow_tracker.self_describing_json.SelfDescribingJson object at 0x000002472949B7C0>]}


============================== 03:19:25.715481 | 58db0b1d-2eba-4188-b666-b13584aa8ddf ==============================
[0m03:19:25.715481 [info ] [MainThread]: Running with dbt=1.12.3
[0m03:19:25.715481 [debug] [MainThread]: running dbt with arguments {'version_check': 'True', 'no_print': 'None', 'maximum_seed_size_mib': '1', 'target_path': 'None', 'warn_error_options': 'WarnErrorOptionsV2(error=[], warn=[], silence=[])', 'static_parser': 'True', 'printer_width': '80', 'write_json': 'True', 'empty': 'None', 'log_cache_events': 'False', 'introspect': 'True', 'cache_selected_only': 'False', 'fail_fast': 'False', 'debug': 'False', 'log_format': 'default', 'profiles_dir': 'C:\\Users\\eknmeeu\\.dbt', 'send_anonymous_usage_stats': 'True', 'quiet': 'False', 'warn_error': 'None', 'partial_parse': 'True', 'indirect_selection': 'eager', 'hints_enabled': 'True', 'use_colors': 'True', 'use_experimental_parser': 'False', 'invocation_command': 'dbt ls', 'log_path': 'C:\\Users\\eknmeeu\\Downloads\\Py_Neeraj\\DE_P\\dbt\\dbt_crypto\\logs'}
[0m03:19:26.015846 [debug] [MainThread]: Sending event: {'category': 'dbt', 'action': 'project_id', 'label': '58db0b1d-2eba-4188-b666-b13584aa8ddf', 'context': [<snowplow_tracker.self_describing_json.SelfDescribingJson object at 0x000002472949B760>]}
[0m03:19:26.140838 [debug] [MainThread]: Sending event: {'category': 'dbt', 'action': 'adapter_info', 'label': '58db0b1d-2eba-4188-b666-b13584aa8ddf', 'context': [<snowplow_tracker.self_describing_json.SelfDescribingJson object at 0x000002472819BD00>]}
[0m03:19:26.143838 [info ] [MainThread]: Registered adapter: postgres=1.11.0
[0m03:19:26.564791 [debug] [MainThread]: checksum: 15b6814c27264d0629857aab4d824ec3aa97fd3d23a0ccfc8ec203ae2aba15df, vars: {}, profile: dbt_crypto, target: dev, version: 1.12.3
[0m03:19:26.926974 [debug] [MainThread]: Partial parsing enabled: 0 files deleted, 0 files added, 0 files changed.
[0m03:19:26.928981 [debug] [MainThread]: Nothing changed, skipping partial parsing.
[0m03:19:26.928981 [debug] [MainThread]: Partial parsing enabled, no changes found, skipping parsing
[0m03:19:26.930730 [debug] [MainThread]: Sending event: {'category': 'dbt', 'action': 'load_project', 'label': '58db0b1d-2eba-4188-b666-b13584aa8ddf', 'context': [<snowplow_tracker.self_describing_json.SelfDescribingJson object at 0x000002472AC5C130>]}
[0m03:19:27.216604 [debug] [MainThread]: Wrote artifact WritableManifest to C:\Users\eknmeeu\Downloads\Py_Neeraj\DE_P\dbt\dbt_crypto\target\manifest.json
[0m03:19:27.223119 [debug] [MainThread]: Wrote artifact SemanticManifest to C:\Users\eknmeeu\Downloads\Py_Neeraj\DE_P\dbt\dbt_crypto\target\semantic_manifest.json
[0m03:19:27.266487 [debug] [MainThread]: Wrote artifact OsiDocument to C:\Users\eknmeeu\Downloads\Py_Neeraj\DE_P\dbt\dbt_crypto\target\osi_document.json
[0m03:19:27.307944 [debug] [MainThread]: Sending event: {'category': 'dbt', 'action': 'resource_counts', 'label': '58db0b1d-2eba-4188-b666-b13584aa8ddf', 'context': [<snowplow_tracker.self_describing_json.SelfDescribingJson object at 0x000002472AC87550>]}
[0m03:19:27.307944 [info ] [MainThread]: Found 3 models, 29 data tests, 1 source, 477 macros
[0m03:19:27.307944 [debug] [MainThread]: Sending event: {'category': 'dbt', 'action': 'runnable_timing', 'label': '58db0b1d-2eba-4188-b666-b13584aa8ddf', 'context': [<snowplow_tracker.self_describing_json.SelfDescribingJson object at 0x000002472AC85300>]}
[0m03:19:27.314041 [info ] [MainThread]: dbt_crypto.marts.fct_asset_daily_analytics
[0m03:19:27.314041 [info ] [MainThread]: dbt_crypto.intermediate.int_daily_asset_metrics
[0m03:19:27.314041 [info ] [MainThread]: dbt_crypto.staging.stg_crypto_klines
[0m03:19:27.314041 [info ] [MainThread]: source:dbt_crypto.crypto.clean_events
[0m03:19:27.319569 [info ] [MainThread]: dbt_crypto.assert_close_time_gte_open_time
[0m03:19:27.321248 [info ] [MainThread]: dbt_crypto.assert_high_gte_close
[0m03:19:27.322694 [info ] [MainThread]: dbt_crypto.assert_high_gte_low
[0m03:19:27.324656 [info ] [MainThread]: dbt_crypto.assert_high_gte_open
[0m03:19:27.326002 [info ] [MainThread]: dbt_crypto.assert_low_lte_close
[0m03:19:27.327010 [info ] [MainThread]: dbt_crypto.assert_low_lte_open
[0m03:19:27.328012 [info ] [MainThread]: dbt_crypto.assert_no_candle_gaps
[0m03:19:27.328012 [info ] [MainThread]: dbt_crypto.assert_unique_candle_key
[0m03:19:27.329043 [info ] [MainThread]: dbt_crypto.assert_valid_interval
[0m03:19:27.330499 [info ] [MainThread]: dbt_crypto.assert_valid_symbols
[0m03:19:27.331429 [info ] [MainThread]: dbt_crypto.assert_volume_non_negative
[0m03:19:27.331918 [info ] [MainThread]: dbt_crypto.not_null_fct_asset_daily_analytics_candle_count
[0m03:19:27.332923 [info ] [MainThread]: dbt_crypto.not_null_fct_asset_daily_analytics_daily_close
[0m03:19:27.333922 [info ] [MainThread]: dbt_crypto.not_null_fct_asset_daily_analytics_symbol
[0m03:19:27.334919 [info ] [MainThread]: dbt_crypto.not_null_fct_asset_daily_analytics_trading_date
[0m03:19:27.335937 [info ] [MainThread]: dbt_crypto.not_null_int_daily_asset_metrics_candle_count
[0m03:19:27.336955 [info ] [MainThread]: dbt_crypto.not_null_int_daily_asset_metrics_daily_close
[0m03:19:27.338016 [info ] [MainThread]: dbt_crypto.not_null_int_daily_asset_metrics_daily_open
[0m03:19:27.338917 [info ] [MainThread]: dbt_crypto.not_null_int_daily_asset_metrics_symbol
[0m03:19:27.340527 [info ] [MainThread]: dbt_crypto.not_null_int_daily_asset_metrics_trading_date
[0m03:19:27.342811 [info ] [MainThread]: dbt_crypto.not_null_stg_crypto_klines_close
[0m03:19:27.343370 [info ] [MainThread]: dbt_crypto.not_null_stg_crypto_klines_close_time
[0m03:19:27.344411 [info ] [MainThread]: dbt_crypto.not_null_stg_crypto_klines_high
[0m03:19:27.345378 [info ] [MainThread]: dbt_crypto.not_null_stg_crypto_klines_interval
[0m03:19:27.346376 [info ] [MainThread]: dbt_crypto.not_null_stg_crypto_klines_low
[0m03:19:27.346376 [info ] [MainThread]: dbt_crypto.not_null_stg_crypto_klines_open
[0m03:19:27.346376 [info ] [MainThread]: dbt_crypto.not_null_stg_crypto_klines_open_time
[0m03:19:27.349174 [info ] [MainThread]: dbt_crypto.not_null_stg_crypto_klines_symbol
[0m03:19:27.350180 [info ] [MainThread]: dbt_crypto.not_null_stg_crypto_klines_volume
[0m03:19:27.352185 [debug] [MainThread]: Command `dbt ls` succeeded at 03:19:27.352185 after 2.09 seconds
[0m03:19:27.354190 [debug] [MainThread]: Sending event: {'category': 'dbt', 'action': 'invocation', 'label': 'end', 'context': [<snowplow_tracker.self_describing_json.SelfDescribingJson object at 0x0000024726CBB640>, <snowplow_tracker.self_describing_json.SelfDescribingJson object at 0x000002472AC19810>, <snowplow_tracker.self_describing_json.SelfDescribingJson object at 0x0000024726090160>]}
[0m03:19:27.355184 [debug] [MainThread]: Flushing usage events
[0m03:19:28.925311 [debug] [MainThread]: An error was encountered while trying to flush usage events
[0m03:23:09.915962 [debug] [MainThread]: Sending event: {'category': 'dbt', 'action': 'invocation', 'label': 'start', 'context': [<snowplow_tracker.self_describing_json.SelfDescribingJson object at 0x00000245F6AAB5E0>, <snowplow_tracker.self_describing_json.SelfDescribingJson object at 0x00000245F82B7520>, <snowplow_tracker.self_describing_json.SelfDescribingJson object at 0x00000245F82B7340>]}


============================== 03:23:09.928626 | 6971b7b8-9f4f-429c-a5a8-bd72336c2aa2 ==============================
[0m03:23:09.928626 [info ] [MainThread]: Running with dbt=1.12.3
[0m03:23:09.930609 [debug] [MainThread]: running dbt with arguments {'static_parser': 'True', 'no_print': 'None', 'version_check': 'True', 'warn_error_options': 'WarnErrorOptionsV2(error=[], warn=[], silence=[])', 'target_path': 'None', 'maximum_seed_size_mib': '1', 'printer_width': '80', 'write_json': 'True', 'introspect': 'True', 'log_cache_events': 'False', 'empty': 'None', 'cache_selected_only': 'False', 'fail_fast': 'False', 'debug': 'False', 'log_format': 'default', 'profiles_dir': 'C:\\Users\\eknmeeu\\.dbt', 'send_anonymous_usage_stats': 'True', 'quiet': 'False', 'warn_error': 'None', 'partial_parse': 'True', 'use_colors': 'True', 'hints_enabled': 'True', 'invocation_command': 'dbt parse', 'use_experimental_parser': 'False', 'indirect_selection': 'eager', 'log_path': 'C:\\Users\\eknmeeu\\Downloads\\Py_Neeraj\\DE_P\\dbt\\dbt_crypto\\logs'}
[0m03:23:10.207737 [debug] [MainThread]: Sending event: {'category': 'dbt', 'action': 'project_id', 'label': '6971b7b8-9f4f-429c-a5a8-bd72336c2aa2', 'context': [<snowplow_tracker.self_describing_json.SelfDescribingJson object at 0x00000245F82B5B10>]}
[0m03:23:10.315275 [debug] [MainThread]: Sending event: {'category': 'dbt', 'action': 'adapter_info', 'label': '6971b7b8-9f4f-429c-a5a8-bd72336c2aa2', 'context': [<snowplow_tracker.self_describing_json.SelfDescribingJson object at 0x00000245F82869E0>]}
[0m03:23:10.317427 [info ] [MainThread]: Registered adapter: postgres=1.11.0
[0m03:23:10.693984 [debug] [MainThread]: checksum: 15b6814c27264d0629857aab4d824ec3aa97fd3d23a0ccfc8ec203ae2aba15df, vars: {}, profile: dbt_crypto, target: dev, version: 1.12.3
[0m03:23:11.009266 [debug] [MainThread]: Partial parsing enabled: 0 files deleted, 0 files added, 3 files changed.
[0m03:23:11.010267 [debug] [MainThread]: Partial parsing: updated file: dbt_crypto://models\staging\sources.yml
[0m03:23:11.012296 [debug] [MainThread]: Partial parsing: updated file: dbt_crypto://models\crypto_schema.yml
[0m03:23:11.013201 [debug] [MainThread]: Partial parsing: updated file: dbt_crypto://models\staging\stg_crypto_klines.sql
[0m03:23:11.855131 [debug] [MainThread]: Sending event: {'category': 'dbt', 'action': 'load_project', 'label': '6971b7b8-9f4f-429c-a5a8-bd72336c2aa2', 'context': [<snowplow_tracker.self_describing_json.SelfDescribingJson object at 0x00000245F9DC92D0>]}
[0m03:23:11.855131 [info ] [MainThread]: Performance info: C:\Users\eknmeeu\Downloads\Py_Neeraj\DE_P\dbt\dbt_crypto\target\perf_info.json
[0m03:23:12.032769 [debug] [MainThread]: Wrote artifact WritableManifest to C:\Users\eknmeeu\Downloads\Py_Neeraj\DE_P\dbt\dbt_crypto\target\manifest.json
[0m03:23:12.039825 [debug] [MainThread]: Wrote artifact SemanticManifest to C:\Users\eknmeeu\Downloads\Py_Neeraj\DE_P\dbt\dbt_crypto\target\semantic_manifest.json
[0m03:23:12.080710 [debug] [MainThread]: Wrote artifact OsiDocument to C:\Users\eknmeeu\Downloads\Py_Neeraj\DE_P\dbt\dbt_crypto\target\osi_document.json
[0m03:23:12.081711 [debug] [MainThread]: Command `dbt parse` succeeded at 03:23:12.081711 after 2.57 seconds
[0m03:23:12.082710 [debug] [MainThread]: Sending event: {'category': 'dbt', 'action': 'invocation', 'label': 'end', 'context': [<snowplow_tracker.self_describing_json.SelfDescribingJson object at 0x00000245F6AAB5E0>, <snowplow_tracker.self_describing_json.SelfDescribingJson object at 0x00000245F6E4BA60>, <snowplow_tracker.self_describing_json.SelfDescribingJson object at 0x00000245F4F63970>]}
[0m03:23:12.082710 [debug] [MainThread]: Flushing usage events
[0m03:23:13.724951 [debug] [MainThread]: An error was encountered while trying to flush usage events
[0m03:24:47.491109 [debug] [MainThread]: Sending event: {'category': 'dbt', 'action': 'invocation', 'label': 'start', 'context': [<snowplow_tracker.self_describing_json.SelfDescribingJson object at 0x000001D51BC1B610>, <snowplow_tracker.self_describing_json.SelfDescribingJson object at 0x000001D51E3A5540>, <snowplow_tracker.self_describing_json.SelfDescribingJson object at 0x000001D51E3A6DD0>]}


============================== 03:24:47.499129 | a90ca7c0-ece6-4ed3-b8a9-138b85196a68 ==============================
[0m03:24:47.499129 [info ] [MainThread]: Running with dbt=1.12.3
[0m03:24:47.501138 [debug] [MainThread]: running dbt with arguments {'version_check': 'True', 'no_print': 'None', 'static_parser': 'True', 'warn_error_options': 'WarnErrorOptionsV2(error=[], warn=[], silence=[])', 'target_path': 'None', 'maximum_seed_size_mib': '1', 'printer_width': '80', 'write_json': 'True', 'introspect': 'True', 'log_cache_events': 'False', 'empty': 'None', 'cache_selected_only': 'False', 'fail_fast': 'False', 'debug': 'False', 'log_format': 'default', 'partial_parse': 'True', 'send_anonymous_usage_stats': 'True', 'quiet': 'False', 'warn_error': 'None', 'profiles_dir': 'C:\\Users\\eknmeeu\\.dbt', 'indirect_selection': 'eager', 'hints_enabled': 'True', 'use_colors': 'True', 'use_experimental_parser': 'False', 'invocation_command': 'dbt docs generate', 'log_path': 'C:\\Users\\eknmeeu\\Downloads\\Py_Neeraj\\DE_P\\dbt\\dbt_crypto\\logs'}
[0m03:24:47.777765 [debug] [MainThread]: Sending event: {'category': 'dbt', 'action': 'project_id', 'label': 'a90ca7c0-ece6-4ed3-b8a9-138b85196a68', 'context': [<snowplow_tracker.self_describing_json.SelfDescribingJson object at 0x000001D51EA0A1A0>]}
[0m03:24:47.871534 [debug] [MainThread]: Sending event: {'category': 'dbt', 'action': 'adapter_info', 'label': 'a90ca7c0-ece6-4ed3-b8a9-138b85196a68', 'context': [<snowplow_tracker.self_describing_json.SelfDescribingJson object at 0x000001D51D0C2890>]}
[0m03:24:47.871534 [info ] [MainThread]: Registered adapter: postgres=1.11.0
[0m03:24:48.288978 [debug] [MainThread]: checksum: 15b6814c27264d0629857aab4d824ec3aa97fd3d23a0ccfc8ec203ae2aba15df, vars: {}, profile: dbt_crypto, target: dev, version: 1.12.3
[0m03:24:48.647323 [debug] [MainThread]: Partial parsing enabled: 0 files deleted, 0 files added, 0 files changed.
[0m03:24:48.648322 [debug] [MainThread]: Nothing changed, skipping partial parsing.
[0m03:24:48.649322 [debug] [MainThread]: Partial parsing enabled, no changes found, skipping parsing
[0m03:24:48.660072 [debug] [MainThread]: Sending event: {'category': 'dbt', 'action': 'load_project', 'label': 'a90ca7c0-ece6-4ed3-b8a9-138b85196a68', 'context': [<snowplow_tracker.self_describing_json.SelfDescribingJson object at 0x000001D520145B40>]}
[0m03:24:48.754380 [debug] [MainThread]: Sending event: {'category': 'dbt', 'action': 'resource_counts', 'label': 'a90ca7c0-ece6-4ed3-b8a9-138b85196a68', 'context': [<snowplow_tracker.self_describing_json.SelfDescribingJson object at 0x000001D51FD7B8B0>]}
[0m03:24:48.755381 [info ] [MainThread]: Found 29 data tests, 3 models, 1 source, 477 macros
[0m03:24:48.756377 [debug] [MainThread]: Sending event: {'category': 'dbt', 'action': 'runnable_timing', 'label': 'a90ca7c0-ece6-4ed3-b8a9-138b85196a68', 'context': [<snowplow_tracker.self_describing_json.SelfDescribingJson object at 0x000001D51BB8F880>]}
[0m03:24:48.760123 [info ] [MainThread]: 
[0m03:24:48.761049 [info ] [MainThread]: Concurrency: 4 threads (target='dev')
[0m03:24:48.762045 [info ] [MainThread]: 
[0m03:24:48.763048 [debug] [MainThread]: Acquiring new postgres connection 'master'
[0m03:24:48.768045 [debug] [ThreadPool]: Acquiring new postgres connection 'list_neondb_analytics'
[0m03:24:49.056580 [debug] [ThreadPool]: Using postgres connection "list_neondb_analytics"
[0m03:24:49.056580 [debug] [ThreadPool]: On list_neondb_analytics: /* {"app": "dbt", "dbt_version": "1.12.3", "profile_name": "dbt_crypto", "target_name": "dev", "connection_name": "list_neondb_analytics"} */
select
      'neondb' as database,
      tablename as name,
      schemaname as schema,
      'table' as type
    from pg_tables
    where schemaname ilike 'analytics'
    union all
    select
      'neondb' as database,
      viewname as name,
      schemaname as schema,
      'view' as type
    from pg_views
    where schemaname ilike 'analytics'
    union all
    select
      'neondb' as database,
      matviewname as name,
      schemaname as schema,
      'materialized_view' as type
    from pg_matviews
    where schemaname ilike 'analytics'
    union all
    select distinct
     'neondb' as database,
     proname as name,
     ns.nspname as schema,
     'function' as type
    from pg_proc
     join pg_namespace as ns on pronamespace = ns.oid
    where ns.nspname ilike 'analytics'
  
[0m03:24:49.056580 [debug] [ThreadPool]: Opening a new connection, currently in state init
[0m03:24:52.092692 [debug] [ThreadPool]: SQL status: SELECT 3 in 3.026 seconds
[0m03:24:52.092692 [debug] [ThreadPool]: On list_neondb_analytics: ROLLBACK
[0m03:24:52.352220 [debug] [ThreadPool]: On list_neondb_analytics: Close
[0m03:24:52.358806 [debug] [MainThread]: Using postgres connection "master"
[0m03:24:52.359801 [debug] [MainThread]: On master: /* {"app": "dbt", "dbt_version": "1.12.3", "profile_name": "dbt_crypto", "target_name": "dev", "connection_name": "master"} */
select distinct
        dependent_namespace.nspname as dependent_schema,
        dependent_class.relname as dependent_name,
        referenced_namespace.nspname as referenced_schema,
        referenced_class.relname as referenced_name

    -- Query for views: views are entries in pg_class with an entry in pg_rewrite, but we avoid
    -- a seq scan on pg_rewrite by leveraging the fact there is an "internal" row in pg_depend for
    -- the view...
    from pg_class as dependent_class
    join pg_namespace as dependent_namespace on dependent_namespace.oid = dependent_class.relnamespace
    join pg_depend as dependent_depend on dependent_depend.refobjid = dependent_class.oid
        and dependent_depend.classid = 'pg_rewrite'::regclass
        and dependent_depend.refclassid = 'pg_class'::regclass
        and dependent_depend.deptype = 'i'

    -- ... and via pg_depend (that has a row per column, hence the need for "distinct" above, and
    -- making sure to exclude the internal row to avoid a view appearing to depend on itself)...
    join pg_depend as joining_depend on joining_depend.objid = dependent_depend.objid
        and joining_depend.classid = 'pg_rewrite'::regclass
        and joining_depend.refclassid = 'pg_class'::regclass
        and joining_depend.refobjid != dependent_depend.refobjid

    -- ... we can find the tables they query from in pg_class, but excluding system tables. Note we
    -- don't need need to exclude _dependent_ system tables, because they only query from other
    -- system tables, and so are automatically excluded by excluding _referenced_ system tables
    join pg_class as referenced_class on referenced_class.oid = joining_depend.refobjid
    join pg_namespace as referenced_namespace on referenced_namespace.oid = referenced_class.relnamespace
        and referenced_namespace.nspname != 'information_schema'
        and referenced_namespace.nspname not like 'pg\_%'

    order by
        dependent_schema, dependent_name, referenced_schema, referenced_name;
[0m03:24:52.361131 [debug] [MainThread]: Opening a new connection, currently in state init
[0m03:24:54.458020 [debug] [MainThread]: SQL status: SELECT 3 in 2.097 seconds
[0m03:24:54.458020 [debug] [MainThread]: Sending event: {'category': 'dbt', 'action': 'runnable_timing', 'label': 'a90ca7c0-ece6-4ed3-b8a9-138b85196a68', 'context': [<snowplow_tracker.self_describing_json.SelfDescribingJson object at 0x000001D51E416680>]}
[0m03:24:54.458020 [debug] [MainThread]: On master: ROLLBACK
[0m03:24:54.717225 [debug] [MainThread]: On master: Close
[0m03:24:54.725402 [debug] [Thread-1 (]: Began running node model.dbt_crypto.stg_crypto_klines
[0m03:24:54.725402 [debug] [Thread-1 (]: Acquiring new postgres connection 'model.dbt_crypto.stg_crypto_klines'
[0m03:24:54.725402 [debug] [Thread-1 (]: Began compiling node model.dbt_crypto.stg_crypto_klines
[0m03:24:54.725402 [debug] [Thread-1 (]: Writing injected SQL for node "model.dbt_crypto.stg_crypto_klines"
[0m03:24:54.725402 [debug] [Thread-1 (]: Began executing node model.dbt_crypto.stg_crypto_klines
[0m03:24:54.741227 [debug] [Thread-1 (]: Finished running node model.dbt_crypto.stg_crypto_klines
[0m03:24:54.743239 [debug] [Thread-3 (]: Began running node model.dbt_crypto.int_daily_asset_metrics
[0m03:24:54.743239 [debug] [Thread-4 (]: Began running node test.dbt_crypto.assert_close_time_gte_open_time
[0m03:24:54.743239 [debug] [Thread-2 (]: Began running node test.dbt_crypto.assert_high_gte_close
[0m03:24:54.743239 [debug] [Thread-1 (]: Began running node test.dbt_crypto.assert_high_gte_low
[0m03:24:54.743239 [debug] [Thread-3 (]: Acquiring new postgres connection 'model.dbt_crypto.int_daily_asset_metrics'
[0m03:24:54.743239 [debug] [Thread-4 (]: Acquiring new postgres connection 'test.dbt_crypto.assert_close_time_gte_open_time'
[0m03:24:54.743239 [debug] [Thread-2 (]: Acquiring new postgres connection 'test.dbt_crypto.assert_high_gte_close'
[0m03:24:54.743239 [debug] [Thread-1 (]: Re-using an available connection from the pool (formerly model.dbt_crypto.stg_crypto_klines, now test.dbt_crypto.assert_high_gte_low)
[0m03:24:54.743239 [debug] [Thread-3 (]: Began compiling node model.dbt_crypto.int_daily_asset_metrics
[0m03:24:54.743239 [debug] [Thread-4 (]: Began compiling node test.dbt_crypto.assert_close_time_gte_open_time
[0m03:24:54.743239 [debug] [Thread-2 (]: Began compiling node test.dbt_crypto.assert_high_gte_close
[0m03:24:54.743239 [debug] [Thread-1 (]: Began compiling node test.dbt_crypto.assert_high_gte_low
[0m03:24:54.743239 [debug] [Thread-3 (]: Writing injected SQL for node "model.dbt_crypto.int_daily_asset_metrics"
[0m03:24:54.743239 [debug] [Thread-4 (]: Writing injected SQL for node "test.dbt_crypto.assert_close_time_gte_open_time"
[0m03:24:54.756976 [debug] [Thread-2 (]: Writing injected SQL for node "test.dbt_crypto.assert_high_gte_close"
[0m03:24:54.756976 [debug] [Thread-1 (]: Writing injected SQL for node "test.dbt_crypto.assert_high_gte_low"
[0m03:24:54.756976 [debug] [Thread-3 (]: Began executing node model.dbt_crypto.int_daily_asset_metrics
[0m03:24:54.756976 [debug] [Thread-4 (]: Began executing node test.dbt_crypto.assert_close_time_gte_open_time
[0m03:24:54.756976 [debug] [Thread-2 (]: Began executing node test.dbt_crypto.assert_high_gte_close
[0m03:24:54.756976 [debug] [Thread-3 (]: Finished running node model.dbt_crypto.int_daily_asset_metrics
[0m03:24:54.756976 [debug] [Thread-4 (]: Finished running node test.dbt_crypto.assert_close_time_gte_open_time
[0m03:24:54.756976 [debug] [Thread-1 (]: Began executing node test.dbt_crypto.assert_high_gte_low
[0m03:24:54.756976 [debug] [Thread-2 (]: Finished running node test.dbt_crypto.assert_high_gte_close
[0m03:24:54.769759 [debug] [Thread-3 (]: Began running node test.dbt_crypto.assert_high_gte_open
[0m03:24:54.769759 [debug] [Thread-4 (]: Began running node test.dbt_crypto.assert_low_lte_close
[0m03:24:54.769759 [debug] [Thread-1 (]: Finished running node test.dbt_crypto.assert_high_gte_low
[0m03:24:54.772006 [debug] [Thread-2 (]: Began running node test.dbt_crypto.assert_low_lte_open
[0m03:24:54.773114 [debug] [Thread-3 (]: Re-using an available connection from the pool (formerly model.dbt_crypto.int_daily_asset_metrics, now test.dbt_crypto.assert_high_gte_open)
[0m03:24:54.774237 [debug] [Thread-4 (]: Re-using an available connection from the pool (formerly test.dbt_crypto.assert_close_time_gte_open_time, now test.dbt_crypto.assert_low_lte_close)
[0m03:24:54.775521 [debug] [Thread-1 (]: Began running node test.dbt_crypto.assert_no_candle_gaps
[0m03:24:54.776478 [debug] [Thread-2 (]: Re-using an available connection from the pool (formerly test.dbt_crypto.assert_high_gte_close, now test.dbt_crypto.assert_low_lte_open)
[0m03:24:54.777479 [debug] [Thread-3 (]: Began compiling node test.dbt_crypto.assert_high_gte_open
[0m03:24:54.777479 [debug] [Thread-4 (]: Began compiling node test.dbt_crypto.assert_low_lte_close
[0m03:24:54.778477 [debug] [Thread-1 (]: Re-using an available connection from the pool (formerly test.dbt_crypto.assert_high_gte_low, now test.dbt_crypto.assert_no_candle_gaps)
[0m03:24:54.779478 [debug] [Thread-2 (]: Began compiling node test.dbt_crypto.assert_low_lte_open
[0m03:24:54.781478 [debug] [Thread-3 (]: Writing injected SQL for node "test.dbt_crypto.assert_high_gte_open"
[0m03:24:54.783479 [debug] [Thread-4 (]: Writing injected SQL for node "test.dbt_crypto.assert_low_lte_close"
[0m03:24:54.784481 [debug] [Thread-1 (]: Began compiling node test.dbt_crypto.assert_no_candle_gaps
[0m03:24:54.786479 [debug] [Thread-2 (]: Writing injected SQL for node "test.dbt_crypto.assert_low_lte_open"
[0m03:24:54.789560 [debug] [Thread-1 (]: Writing injected SQL for node "test.dbt_crypto.assert_no_candle_gaps"
[0m03:24:54.791484 [debug] [Thread-3 (]: Began executing node test.dbt_crypto.assert_high_gte_open
[0m03:24:54.791484 [debug] [Thread-4 (]: Began executing node test.dbt_crypto.assert_low_lte_close
[0m03:24:54.793479 [debug] [Thread-3 (]: Finished running node test.dbt_crypto.assert_high_gte_open
[0m03:24:54.794478 [debug] [Thread-2 (]: Began executing node test.dbt_crypto.assert_low_lte_open
[0m03:24:54.795478 [debug] [Thread-4 (]: Finished running node test.dbt_crypto.assert_low_lte_close
[0m03:24:54.796479 [debug] [Thread-3 (]: Began running node test.dbt_crypto.assert_unique_candle_key
[0m03:24:54.797479 [debug] [Thread-1 (]: Began executing node test.dbt_crypto.assert_no_candle_gaps
[0m03:24:54.798523 [debug] [Thread-2 (]: Finished running node test.dbt_crypto.assert_low_lte_open
[0m03:24:54.799480 [debug] [Thread-4 (]: Began running node test.dbt_crypto.assert_valid_interval
[0m03:24:54.800478 [debug] [Thread-3 (]: Re-using an available connection from the pool (formerly test.dbt_crypto.assert_high_gte_open, now test.dbt_crypto.assert_unique_candle_key)
[0m03:24:54.801478 [debug] [Thread-1 (]: Finished running node test.dbt_crypto.assert_no_candle_gaps
[0m03:24:54.801478 [debug] [Thread-2 (]: Began running node test.dbt_crypto.assert_valid_symbols
[0m03:24:54.802477 [debug] [Thread-4 (]: Re-using an available connection from the pool (formerly test.dbt_crypto.assert_low_lte_close, now test.dbt_crypto.assert_valid_interval)
[0m03:24:54.803569 [debug] [Thread-3 (]: Began compiling node test.dbt_crypto.assert_unique_candle_key
[0m03:24:54.804482 [debug] [Thread-1 (]: Began running node test.dbt_crypto.assert_volume_non_negative
[0m03:24:54.804482 [debug] [Thread-2 (]: Re-using an available connection from the pool (formerly test.dbt_crypto.assert_low_lte_open, now test.dbt_crypto.assert_valid_symbols)
[0m03:24:54.805581 [debug] [Thread-4 (]: Began compiling node test.dbt_crypto.assert_valid_interval
[0m03:24:54.808831 [debug] [Thread-3 (]: Writing injected SQL for node "test.dbt_crypto.assert_unique_candle_key"
[0m03:24:54.808831 [debug] [Thread-1 (]: Re-using an available connection from the pool (formerly test.dbt_crypto.assert_no_candle_gaps, now test.dbt_crypto.assert_volume_non_negative)
[0m03:24:54.809793 [debug] [Thread-2 (]: Began compiling node test.dbt_crypto.assert_valid_symbols
[0m03:24:54.811839 [debug] [Thread-4 (]: Writing injected SQL for node "test.dbt_crypto.assert_valid_interval"
[0m03:24:54.812823 [debug] [Thread-1 (]: Began compiling node test.dbt_crypto.assert_volume_non_negative
[0m03:24:54.815824 [debug] [Thread-2 (]: Writing injected SQL for node "test.dbt_crypto.assert_valid_symbols"
[0m03:24:54.816830 [debug] [Thread-3 (]: Began executing node test.dbt_crypto.assert_unique_candle_key
[0m03:24:54.818823 [debug] [Thread-1 (]: Writing injected SQL for node "test.dbt_crypto.assert_volume_non_negative"
[0m03:24:54.820739 [debug] [Thread-3 (]: Finished running node test.dbt_crypto.assert_unique_candle_key
[0m03:24:54.820739 [debug] [Thread-4 (]: Began executing node test.dbt_crypto.assert_valid_interval
[0m03:24:54.822738 [debug] [Thread-3 (]: Began running node test.dbt_crypto.not_null_stg_crypto_klines_close.d231eca7f0
[0m03:24:54.823830 [debug] [Thread-2 (]: Began executing node test.dbt_crypto.assert_valid_symbols
[0m03:24:54.824295 [debug] [Thread-4 (]: Finished running node test.dbt_crypto.assert_valid_interval
[0m03:24:54.824295 [debug] [Thread-3 (]: Re-using an available connection from the pool (formerly test.dbt_crypto.assert_unique_candle_key, now test.dbt_crypto.not_null_stg_crypto_klines_close.d231eca7f0)
[0m03:24:54.824295 [debug] [Thread-1 (]: Began executing node test.dbt_crypto.assert_volume_non_negative
[0m03:24:54.824295 [debug] [Thread-2 (]: Finished running node test.dbt_crypto.assert_valid_symbols
[0m03:24:54.828549 [debug] [Thread-4 (]: Began running node test.dbt_crypto.not_null_stg_crypto_klines_close_time.e405db55c9
[0m03:24:54.828549 [debug] [Thread-3 (]: Began compiling node test.dbt_crypto.not_null_stg_crypto_klines_close.d231eca7f0
[0m03:24:54.828549 [debug] [Thread-1 (]: Finished running node test.dbt_crypto.assert_volume_non_negative
[0m03:24:54.828549 [debug] [Thread-2 (]: Began running node test.dbt_crypto.not_null_stg_crypto_klines_high.c083455de1
[0m03:24:54.828549 [debug] [Thread-4 (]: Re-using an available connection from the pool (formerly test.dbt_crypto.assert_valid_interval, now test.dbt_crypto.not_null_stg_crypto_klines_close_time.e405db55c9)
[0m03:24:54.841027 [debug] [Thread-3 (]: Writing injected SQL for node "test.dbt_crypto.not_null_stg_crypto_klines_close.d231eca7f0"
[0m03:24:54.841027 [debug] [Thread-1 (]: Began running node test.dbt_crypto.not_null_stg_crypto_klines_interval.9a211ae76d
[0m03:24:54.841027 [debug] [Thread-2 (]: Re-using an available connection from the pool (formerly test.dbt_crypto.assert_valid_symbols, now test.dbt_crypto.not_null_stg_crypto_klines_high.c083455de1)
[0m03:24:54.841027 [debug] [Thread-4 (]: Began compiling node test.dbt_crypto.not_null_stg_crypto_klines_close_time.e405db55c9
[0m03:24:54.841027 [debug] [Thread-1 (]: Re-using an available connection from the pool (formerly test.dbt_crypto.assert_volume_non_negative, now test.dbt_crypto.not_null_stg_crypto_klines_interval.9a211ae76d)
[0m03:24:54.841027 [debug] [Thread-2 (]: Began compiling node test.dbt_crypto.not_null_stg_crypto_klines_high.c083455de1
[0m03:24:54.852328 [debug] [Thread-3 (]: Began executing node test.dbt_crypto.not_null_stg_crypto_klines_close.d231eca7f0
[0m03:24:54.857742 [debug] [Thread-4 (]: Writing injected SQL for node "test.dbt_crypto.not_null_stg_crypto_klines_close_time.e405db55c9"
[0m03:24:54.859752 [debug] [Thread-1 (]: Began compiling node test.dbt_crypto.not_null_stg_crypto_klines_interval.9a211ae76d
[0m03:24:54.865864 [debug] [Thread-2 (]: Writing injected SQL for node "test.dbt_crypto.not_null_stg_crypto_klines_high.c083455de1"
[0m03:24:54.867755 [debug] [Thread-3 (]: Finished running node test.dbt_crypto.not_null_stg_crypto_klines_close.d231eca7f0
[0m03:24:54.874227 [debug] [Thread-1 (]: Writing injected SQL for node "test.dbt_crypto.not_null_stg_crypto_klines_interval.9a211ae76d"
[0m03:24:54.874227 [debug] [Thread-3 (]: Began running node test.dbt_crypto.not_null_stg_crypto_klines_low.acb73e9001
[0m03:24:54.874227 [debug] [Thread-4 (]: Began executing node test.dbt_crypto.not_null_stg_crypto_klines_close_time.e405db55c9
[0m03:24:54.874227 [debug] [Thread-3 (]: Re-using an available connection from the pool (formerly test.dbt_crypto.not_null_stg_crypto_klines_close.d231eca7f0, now test.dbt_crypto.not_null_stg_crypto_klines_low.acb73e9001)
[0m03:24:54.874227 [debug] [Thread-2 (]: Began executing node test.dbt_crypto.not_null_stg_crypto_klines_high.c083455de1
[0m03:24:54.874227 [debug] [Thread-4 (]: Finished running node test.dbt_crypto.not_null_stg_crypto_klines_close_time.e405db55c9
[0m03:24:54.874227 [debug] [Thread-3 (]: Began compiling node test.dbt_crypto.not_null_stg_crypto_klines_low.acb73e9001
[0m03:24:54.874227 [debug] [Thread-1 (]: Began executing node test.dbt_crypto.not_null_stg_crypto_klines_interval.9a211ae76d
[0m03:24:54.874227 [debug] [Thread-2 (]: Finished running node test.dbt_crypto.not_null_stg_crypto_klines_high.c083455de1
[0m03:24:54.884124 [debug] [Thread-4 (]: Began running node test.dbt_crypto.not_null_stg_crypto_klines_open.ec1fc4d2df
[0m03:24:54.890325 [debug] [Thread-3 (]: Writing injected SQL for node "test.dbt_crypto.not_null_stg_crypto_klines_low.acb73e9001"
[0m03:24:54.892227 [debug] [Thread-1 (]: Finished running node test.dbt_crypto.not_null_stg_crypto_klines_interval.9a211ae76d
[0m03:24:54.892227 [debug] [Thread-2 (]: Began running node test.dbt_crypto.not_null_stg_crypto_klines_open_time.ba5000c49e
[0m03:24:54.894234 [debug] [Thread-4 (]: Re-using an available connection from the pool (formerly test.dbt_crypto.not_null_stg_crypto_klines_close_time.e405db55c9, now test.dbt_crypto.not_null_stg_crypto_klines_open.ec1fc4d2df)
[0m03:24:54.894234 [debug] [Thread-1 (]: Began running node test.dbt_crypto.not_null_stg_crypto_klines_symbol.e2807c50d4
[0m03:24:54.894234 [debug] [Thread-2 (]: Re-using an available connection from the pool (formerly test.dbt_crypto.not_null_stg_crypto_klines_high.c083455de1, now test.dbt_crypto.not_null_stg_crypto_klines_open_time.ba5000c49e)
[0m03:24:54.894234 [debug] [Thread-4 (]: Began compiling node test.dbt_crypto.not_null_stg_crypto_klines_open.ec1fc4d2df
[0m03:24:54.894234 [debug] [Thread-3 (]: Began executing node test.dbt_crypto.not_null_stg_crypto_klines_low.acb73e9001
[0m03:24:54.894234 [debug] [Thread-1 (]: Re-using an available connection from the pool (formerly test.dbt_crypto.not_null_stg_crypto_klines_interval.9a211ae76d, now test.dbt_crypto.not_null_stg_crypto_klines_symbol.e2807c50d4)
[0m03:24:54.894234 [debug] [Thread-2 (]: Began compiling node test.dbt_crypto.not_null_stg_crypto_klines_open_time.ba5000c49e
[0m03:24:54.894234 [debug] [Thread-4 (]: Writing injected SQL for node "test.dbt_crypto.not_null_stg_crypto_klines_open.ec1fc4d2df"
[0m03:24:54.906267 [debug] [Thread-3 (]: Finished running node test.dbt_crypto.not_null_stg_crypto_klines_low.acb73e9001
[0m03:24:54.906267 [debug] [Thread-1 (]: Began compiling node test.dbt_crypto.not_null_stg_crypto_klines_symbol.e2807c50d4
[0m03:24:54.906267 [debug] [Thread-2 (]: Writing injected SQL for node "test.dbt_crypto.not_null_stg_crypto_klines_open_time.ba5000c49e"
[0m03:24:54.906267 [debug] [Thread-3 (]: Began running node test.dbt_crypto.not_null_stg_crypto_klines_volume.dc3ceaa92a
[0m03:24:54.922471 [debug] [Thread-4 (]: Began executing node test.dbt_crypto.not_null_stg_crypto_klines_open.ec1fc4d2df
[0m03:24:54.906267 [debug] [Thread-1 (]: Writing injected SQL for node "test.dbt_crypto.not_null_stg_crypto_klines_symbol.e2807c50d4"
[0m03:24:54.922471 [debug] [Thread-3 (]: Re-using an available connection from the pool (formerly test.dbt_crypto.not_null_stg_crypto_klines_low.acb73e9001, now test.dbt_crypto.not_null_stg_crypto_klines_volume.dc3ceaa92a)
[0m03:24:54.924478 [debug] [Thread-4 (]: Finished running node test.dbt_crypto.not_null_stg_crypto_klines_open.ec1fc4d2df
[0m03:24:54.924478 [debug] [Thread-2 (]: Began executing node test.dbt_crypto.not_null_stg_crypto_klines_open_time.ba5000c49e
[0m03:24:54.924478 [debug] [Thread-3 (]: Began compiling node test.dbt_crypto.not_null_stg_crypto_klines_volume.dc3ceaa92a
[0m03:24:54.924478 [debug] [Thread-4 (]: Began running node model.dbt_crypto.fct_asset_daily_analytics
[0m03:24:54.924478 [debug] [Thread-2 (]: Finished running node test.dbt_crypto.not_null_stg_crypto_klines_open_time.ba5000c49e
[0m03:24:54.924478 [debug] [Thread-1 (]: Began executing node test.dbt_crypto.not_null_stg_crypto_klines_symbol.e2807c50d4
[0m03:24:54.924478 [debug] [Thread-3 (]: Writing injected SQL for node "test.dbt_crypto.not_null_stg_crypto_klines_volume.dc3ceaa92a"
[0m03:24:54.924478 [debug] [Thread-4 (]: Re-using an available connection from the pool (formerly test.dbt_crypto.not_null_stg_crypto_klines_open.ec1fc4d2df, now model.dbt_crypto.fct_asset_daily_analytics)
[0m03:24:54.924478 [debug] [Thread-2 (]: Began running node test.dbt_crypto.not_null_int_daily_asset_metrics_candle_count.31dd0be41e
[0m03:24:54.938600 [debug] [Thread-1 (]: Finished running node test.dbt_crypto.not_null_stg_crypto_klines_symbol.e2807c50d4
[0m03:24:54.940489 [debug] [Thread-4 (]: Began compiling node model.dbt_crypto.fct_asset_daily_analytics
[0m03:24:54.940489 [debug] [Thread-2 (]: Re-using an available connection from the pool (formerly test.dbt_crypto.not_null_stg_crypto_klines_open_time.ba5000c49e, now test.dbt_crypto.not_null_int_daily_asset_metrics_candle_count.31dd0be41e)
[0m03:24:54.940489 [debug] [Thread-3 (]: Began executing node test.dbt_crypto.not_null_stg_crypto_klines_volume.dc3ceaa92a
[0m03:24:54.940489 [debug] [Thread-1 (]: Began running node test.dbt_crypto.not_null_int_daily_asset_metrics_daily_close.35b4ca2e77
[0m03:24:54.940489 [debug] [Thread-4 (]: Writing injected SQL for node "model.dbt_crypto.fct_asset_daily_analytics"
[0m03:24:54.940489 [debug] [Thread-2 (]: Began compiling node test.dbt_crypto.not_null_int_daily_asset_metrics_candle_count.31dd0be41e
[0m03:24:54.940489 [debug] [Thread-3 (]: Finished running node test.dbt_crypto.not_null_stg_crypto_klines_volume.dc3ceaa92a
[0m03:24:54.940489 [debug] [Thread-1 (]: Re-using an available connection from the pool (formerly test.dbt_crypto.not_null_stg_crypto_klines_symbol.e2807c50d4, now test.dbt_crypto.not_null_int_daily_asset_metrics_daily_close.35b4ca2e77)
[0m03:24:54.958861 [debug] [Thread-2 (]: Writing injected SQL for node "test.dbt_crypto.not_null_int_daily_asset_metrics_candle_count.31dd0be41e"
[0m03:24:54.959776 [debug] [Thread-3 (]: Began running node test.dbt_crypto.not_null_int_daily_asset_metrics_daily_open.66ccbbf5f5
[0m03:24:54.961775 [debug] [Thread-1 (]: Began compiling node test.dbt_crypto.not_null_int_daily_asset_metrics_daily_close.35b4ca2e77
[0m03:24:54.961775 [debug] [Thread-4 (]: Began executing node model.dbt_crypto.fct_asset_daily_analytics
[0m03:24:54.963775 [debug] [Thread-3 (]: Re-using an available connection from the pool (formerly test.dbt_crypto.not_null_stg_crypto_klines_volume.dc3ceaa92a, now test.dbt_crypto.not_null_int_daily_asset_metrics_daily_open.66ccbbf5f5)
[0m03:24:54.972775 [debug] [Thread-2 (]: Began executing node test.dbt_crypto.not_null_int_daily_asset_metrics_candle_count.31dd0be41e
[0m03:24:54.974547 [debug] [Thread-1 (]: Writing injected SQL for node "test.dbt_crypto.not_null_int_daily_asset_metrics_daily_close.35b4ca2e77"
[0m03:24:54.976589 [debug] [Thread-4 (]: Finished running node model.dbt_crypto.fct_asset_daily_analytics
[0m03:24:54.977591 [debug] [Thread-3 (]: Began compiling node test.dbt_crypto.not_null_int_daily_asset_metrics_daily_open.66ccbbf5f5
[0m03:24:54.978629 [debug] [Thread-2 (]: Finished running node test.dbt_crypto.not_null_int_daily_asset_metrics_candle_count.31dd0be41e
[0m03:24:54.979584 [debug] [Thread-4 (]: Began running node test.dbt_crypto.not_null_int_daily_asset_metrics_symbol.b34caf1dca
[0m03:24:54.986669 [debug] [Thread-3 (]: Writing injected SQL for node "test.dbt_crypto.not_null_int_daily_asset_metrics_daily_open.66ccbbf5f5"
[0m03:24:54.987584 [debug] [Thread-2 (]: Began running node test.dbt_crypto.not_null_int_daily_asset_metrics_trading_date.baebdcec4d
[0m03:24:54.988584 [debug] [Thread-1 (]: Began executing node test.dbt_crypto.not_null_int_daily_asset_metrics_daily_close.35b4ca2e77
[0m03:24:54.988584 [debug] [Thread-4 (]: Re-using an available connection from the pool (formerly model.dbt_crypto.fct_asset_daily_analytics, now test.dbt_crypto.not_null_int_daily_asset_metrics_symbol.b34caf1dca)
[0m03:24:54.990588 [debug] [Thread-2 (]: Re-using an available connection from the pool (formerly test.dbt_crypto.not_null_int_daily_asset_metrics_candle_count.31dd0be41e, now test.dbt_crypto.not_null_int_daily_asset_metrics_trading_date.baebdcec4d)
[0m03:24:54.990588 [debug] [Thread-1 (]: Finished running node test.dbt_crypto.not_null_int_daily_asset_metrics_daily_close.35b4ca2e77
[0m03:24:54.990588 [debug] [Thread-4 (]: Began compiling node test.dbt_crypto.not_null_int_daily_asset_metrics_symbol.b34caf1dca
[0m03:24:54.990588 [debug] [Thread-3 (]: Began executing node test.dbt_crypto.not_null_int_daily_asset_metrics_daily_open.66ccbbf5f5
[0m03:24:54.990588 [debug] [Thread-2 (]: Began compiling node test.dbt_crypto.not_null_int_daily_asset_metrics_trading_date.baebdcec4d
[0m03:24:54.990588 [debug] [Thread-1 (]: Began running node test.dbt_crypto.not_null_fct_asset_daily_analytics_candle_count.34e414b23d
[0m03:24:54.990588 [debug] [Thread-4 (]: Writing injected SQL for node "test.dbt_crypto.not_null_int_daily_asset_metrics_symbol.b34caf1dca"
[0m03:24:54.990588 [debug] [Thread-3 (]: Finished running node test.dbt_crypto.not_null_int_daily_asset_metrics_daily_open.66ccbbf5f5
[0m03:24:55.009418 [debug] [Thread-2 (]: Writing injected SQL for node "test.dbt_crypto.not_null_int_daily_asset_metrics_trading_date.baebdcec4d"
[0m03:24:55.010420 [debug] [Thread-1 (]: Re-using an available connection from the pool (formerly test.dbt_crypto.not_null_int_daily_asset_metrics_daily_close.35b4ca2e77, now test.dbt_crypto.not_null_fct_asset_daily_analytics_candle_count.34e414b23d)
[0m03:24:55.011345 [debug] [Thread-3 (]: Began running node test.dbt_crypto.not_null_fct_asset_daily_analytics_daily_close.b876f5db68
[0m03:24:55.013339 [debug] [Thread-1 (]: Began compiling node test.dbt_crypto.not_null_fct_asset_daily_analytics_candle_count.34e414b23d
[0m03:24:55.013339 [debug] [Thread-4 (]: Began executing node test.dbt_crypto.not_null_int_daily_asset_metrics_symbol.b34caf1dca
[0m03:24:55.014341 [debug] [Thread-3 (]: Re-using an available connection from the pool (formerly test.dbt_crypto.not_null_int_daily_asset_metrics_daily_open.66ccbbf5f5, now test.dbt_crypto.not_null_fct_asset_daily_analytics_daily_close.b876f5db68)
[0m03:24:55.021422 [debug] [Thread-1 (]: Writing injected SQL for node "test.dbt_crypto.not_null_fct_asset_daily_analytics_candle_count.34e414b23d"
[0m03:24:55.021422 [debug] [Thread-2 (]: Began executing node test.dbt_crypto.not_null_int_daily_asset_metrics_trading_date.baebdcec4d
[0m03:24:55.022340 [debug] [Thread-4 (]: Finished running node test.dbt_crypto.not_null_int_daily_asset_metrics_symbol.b34caf1dca
[0m03:24:55.023340 [debug] [Thread-3 (]: Began compiling node test.dbt_crypto.not_null_fct_asset_daily_analytics_daily_close.b876f5db68
[0m03:24:55.025341 [debug] [Thread-2 (]: Finished running node test.dbt_crypto.not_null_int_daily_asset_metrics_trading_date.baebdcec4d
[0m03:24:55.026634 [debug] [Thread-4 (]: Began running node test.dbt_crypto.not_null_fct_asset_daily_analytics_symbol.bb741d690c
[0m03:24:55.032799 [debug] [Thread-3 (]: Writing injected SQL for node "test.dbt_crypto.not_null_fct_asset_daily_analytics_daily_close.b876f5db68"
[0m03:24:55.032799 [debug] [Thread-1 (]: Began executing node test.dbt_crypto.not_null_fct_asset_daily_analytics_candle_count.34e414b23d
[0m03:24:55.034550 [debug] [Thread-2 (]: Began running node test.dbt_crypto.not_null_fct_asset_daily_analytics_trading_date.9590011e4e
[0m03:24:55.035588 [debug] [Thread-4 (]: Re-using an available connection from the pool (formerly test.dbt_crypto.not_null_int_daily_asset_metrics_symbol.b34caf1dca, now test.dbt_crypto.not_null_fct_asset_daily_analytics_symbol.bb741d690c)
[0m03:24:55.037123 [debug] [Thread-1 (]: Finished running node test.dbt_crypto.not_null_fct_asset_daily_analytics_candle_count.34e414b23d
[0m03:24:55.038124 [debug] [Thread-2 (]: Re-using an available connection from the pool (formerly test.dbt_crypto.not_null_int_daily_asset_metrics_trading_date.baebdcec4d, now test.dbt_crypto.not_null_fct_asset_daily_analytics_trading_date.9590011e4e)
[0m03:24:55.039124 [debug] [Thread-4 (]: Began compiling node test.dbt_crypto.not_null_fct_asset_daily_analytics_symbol.bb741d690c
[0m03:24:55.039124 [debug] [Thread-3 (]: Began executing node test.dbt_crypto.not_null_fct_asset_daily_analytics_daily_close.b876f5db68
[0m03:24:55.040952 [debug] [Thread-2 (]: Began compiling node test.dbt_crypto.not_null_fct_asset_daily_analytics_trading_date.9590011e4e
[0m03:24:55.042995 [debug] [Thread-4 (]: Writing injected SQL for node "test.dbt_crypto.not_null_fct_asset_daily_analytics_symbol.bb741d690c"
[0m03:24:55.042995 [debug] [Thread-3 (]: Finished running node test.dbt_crypto.not_null_fct_asset_daily_analytics_daily_close.b876f5db68
[0m03:24:55.042995 [debug] [Thread-2 (]: Writing injected SQL for node "test.dbt_crypto.not_null_fct_asset_daily_analytics_trading_date.9590011e4e"
[0m03:24:55.042995 [debug] [Thread-4 (]: Began executing node test.dbt_crypto.not_null_fct_asset_daily_analytics_symbol.bb741d690c
[0m03:24:55.058876 [debug] [Thread-2 (]: Began executing node test.dbt_crypto.not_null_fct_asset_daily_analytics_trading_date.9590011e4e
[0m03:24:55.058876 [debug] [Thread-4 (]: Finished running node test.dbt_crypto.not_null_fct_asset_daily_analytics_symbol.bb741d690c
[0m03:24:55.058876 [debug] [Thread-2 (]: Finished running node test.dbt_crypto.not_null_fct_asset_daily_analytics_trading_date.9590011e4e
[0m03:24:55.058876 [debug] [MainThread]: Connection 'master' was properly closed.
[0m03:24:55.058876 [debug] [MainThread]: Connection 'list_neondb_analytics' was properly closed.
[0m03:24:55.058876 [debug] [MainThread]: Connection 'test.dbt_crypto.not_null_fct_asset_daily_analytics_candle_count.34e414b23d' was properly closed.
[0m03:24:55.058876 [debug] [MainThread]: Connection 'test.dbt_crypto.not_null_fct_asset_daily_analytics_daily_close.b876f5db68' was properly closed.
[0m03:24:55.058876 [debug] [MainThread]: Connection 'test.dbt_crypto.not_null_fct_asset_daily_analytics_symbol.bb741d690c' was properly closed.
[0m03:24:55.058876 [debug] [MainThread]: Connection 'test.dbt_crypto.not_null_fct_asset_daily_analytics_trading_date.9590011e4e' was properly closed.
[0m03:24:55.058876 [debug] [MainThread]: Command end result
[0m03:24:55.252195 [debug] [MainThread]: Wrote artifact WritableManifest to C:\Users\eknmeeu\Downloads\Py_Neeraj\DE_P\dbt\dbt_crypto\target\manifest.json
[0m03:24:55.268183 [debug] [MainThread]: Wrote artifact SemanticManifest to C:\Users\eknmeeu\Downloads\Py_Neeraj\DE_P\dbt\dbt_crypto\target\semantic_manifest.json
[0m03:24:55.318763 [debug] [MainThread]: Wrote artifact OsiDocument to C:\Users\eknmeeu\Downloads\Py_Neeraj\DE_P\dbt\dbt_crypto\target\osi_document.json
[0m03:24:55.332420 [debug] [MainThread]: Wrote artifact RunExecutionResult to C:\Users\eknmeeu\Downloads\Py_Neeraj\DE_P\dbt\dbt_crypto\target\run_results.json
[0m03:24:55.351328 [debug] [MainThread]: Acquiring new postgres connection 'generate_catalog'
[0m03:24:55.351328 [info ] [MainThread]: Building catalog
[0m03:24:55.365058 [debug] [ThreadPool]: Acquiring new postgres connection 'neondb.information_schema'
[0m03:24:55.374232 [debug] [ThreadPool]: Using postgres connection "neondb.information_schema"
[0m03:24:55.375249 [debug] [ThreadPool]: On neondb.information_schema: /* {"app": "dbt", "dbt_version": "1.12.3", "profile_name": "dbt_crypto", "target_name": "dev", "connection_name": "neondb.information_schema"} */

    
    

    select
        'neondb' as table_database,
        sch.nspname as table_schema,
        tbl.relname as table_name,
        case tbl.relkind
            when 'v' then 'VIEW'
            when 'm' then 'MATERIALIZED VIEW'
            else 'BASE TABLE'
        end as table_type,
        tbl_desc.description as table_comment,
        col.attname as column_name,
        col.attnum as column_index,
        pg_catalog.format_type(col.atttypid, col.atttypmod) as column_type,
        col_desc.description as column_comment,
        pg_get_userbyid(tbl.relowner) as table_owner

    from pg_catalog.pg_namespace sch
    join pg_catalog.pg_class tbl on tbl.relnamespace = sch.oid
    join pg_catalog.pg_attribute col on col.attrelid = tbl.oid
    left outer join pg_catalog.pg_description tbl_desc on (tbl_desc.objoid = tbl.oid and tbl_desc.objsubid = 0)
    left outer join pg_catalog.pg_description col_desc on (col_desc.objoid = tbl.oid and col_desc.objsubid = col.attnum)
    where ((upper(sch.nspname) = upper('public') and
           upper(tbl.relname) = upper('clean_events')) or (upper(sch.nspname) = upper('analytics') and
           upper(tbl.relname) = upper('int_daily_asset_metrics')) or (upper(sch.nspname) = upper('analytics') and
           upper(tbl.relname) = upper('fct_asset_daily_analytics')) or (upper(sch.nspname) = upper('analytics') and
           upper(tbl.relname) = upper('stg_crypto_klines')))
      and not pg_is_other_temp_schema(sch.oid) -- not a temporary schema belonging to another session
      and tbl.relpersistence in ('p', 'u') -- [p]ermanent table or [u]nlogged table. Exclude [t]emporary tables
      and tbl.relkind in ('r', 'v', 'f', 'p', 'm') -- o[r]dinary table, [v]iew, [f]oreign table, [p]artitioned table, [m]aterialized view. Other values are [i]ndex, [S]equence, [c]omposite type, [t]OAST table
      and col.attnum > 0 -- negative numbers are used for system columns such as oid
      and not col.attisdropped -- column as not been dropped

    order by
        sch.nspname,
        tbl.relname,
        col.attnum
[0m03:24:55.375249 [debug] [ThreadPool]: Opening a new connection, currently in state init
[0m03:24:57.392929 [debug] [ThreadPool]: SQL status: SELECT 52 in 2.016 seconds
[0m03:24:57.399343 [debug] [ThreadPool]: On neondb.information_schema: ROLLBACK
[0m03:24:57.642137 [debug] [ThreadPool]: On neondb.information_schema: Close
[0m03:24:57.657892 [debug] [MainThread]: Wrote artifact CatalogArtifact to C:\Users\eknmeeu\Downloads\Py_Neeraj\DE_P\dbt\dbt_crypto\target\catalog.json
[0m03:24:57.690060 [debug] [MainThread]: Wrote artifact WritableManifest to C:\Users\eknmeeu\Downloads\Py_Neeraj\DE_P\dbt\dbt_crypto\target\manifest.json
[0m03:24:57.711638 [debug] [MainThread]: Wrote artifact SemanticManifest to C:\Users\eknmeeu\Downloads\Py_Neeraj\DE_P\dbt\dbt_crypto\target\semantic_manifest.json
[0m03:24:57.717241 [debug] [MainThread]: Wrote artifact OsiDocument to C:\Users\eknmeeu\Downloads\Py_Neeraj\DE_P\dbt\dbt_crypto\target\osi_document.json
[0m03:24:57.717241 [info ] [MainThread]: Catalog written to C:\Users\eknmeeu\Downloads\Py_Neeraj\DE_P\dbt\dbt_crypto\target\catalog.json
[0m03:24:57.717241 [debug] [MainThread]: Command `dbt docs generate` succeeded at 03:24:57.717241 after 10.61 seconds
[0m03:24:57.717241 [debug] [MainThread]: Connection 'generate_catalog' was properly closed.
[0m03:24:57.717241 [debug] [MainThread]: Connection 'neondb.information_schema' was properly closed.
[0m03:24:57.717241 [debug] [MainThread]: Sending event: {'category': 'dbt', 'action': 'invocation', 'label': 'end', 'context': [<snowplow_tracker.self_describing_json.SelfDescribingJson object at 0x000001D51BC1B610>, <snowplow_tracker.self_describing_json.SelfDescribingJson object at 0x000001D51FD7B8B0>, <snowplow_tracker.self_describing_json.SelfDescribingJson object at 0x000001D520673010>]}
[0m03:24:57.717241 [debug] [MainThread]: Flushing usage events
[0m03:24:59.193966 [debug] [MainThread]: An error was encountered while trying to flush usage events
[0m03:25:44.541359 [debug] [MainThread]: Sending event: {'category': 'dbt', 'action': 'invocation', 'label': 'start', 'context': [<snowplow_tracker.self_describing_json.SelfDescribingJson object at 0x000001E08977B580>, <snowplow_tracker.self_describing_json.SelfDescribingJson object at 0x000001E08AF8F670>, <snowplow_tracker.self_describing_json.SelfDescribingJson object at 0x000001E08AF8F490>]}


============================== 03:25:44.547382 | 3dc6380c-2780-4964-b347-9d9233051500 ==============================
[0m03:25:44.547382 [info ] [MainThread]: Running with dbt=1.12.3
[0m03:25:44.549387 [debug] [MainThread]: running dbt with arguments {'maximum_seed_size_mib': '1', 'no_print': 'None', 'version_check': 'True', 'target_path': 'None', 'static_parser': 'True', 'warn_error_options': 'WarnErrorOptionsV2(error=[], warn=[], silence=[])', 'printer_width': '80', 'write_json': 'True', 'empty': 'None', 'log_cache_events': 'False', 'introspect': 'True', 'cache_selected_only': 'False', 'fail_fast': 'False', 'debug': 'False', 'log_format': 'default', 'profiles_dir': 'C:\\Users\\eknmeeu\\.dbt', 'send_anonymous_usage_stats': 'True', 'quiet': 'False', 'warn_error': 'None', 'partial_parse': 'True', 'invocation_command': 'dbt docs serve', 'hints_enabled': 'True', 'indirect_selection': 'eager', 'use_experimental_parser': 'False', 'use_colors': 'True', 'log_path': 'C:\\Users\\eknmeeu\\Downloads\\Py_Neeraj\\DE_P\\dbt\\dbt_crypto\\logs'}
[0m03:25:44.807283 [debug] [MainThread]: Sending event: {'category': 'dbt', 'action': 'project_id', 'label': '3dc6380c-2780-4964-b347-9d9233051500', 'context': [<snowplow_tracker.self_describing_json.SelfDescribingJson object at 0x000001E08AF8D210>]}
[0m03:25:44.900440 [debug] [MainThread]: Sending event: {'category': 'dbt', 'action': 'adapter_info', 'label': '3dc6380c-2780-4964-b347-9d9233051500', 'context': [<snowplow_tracker.self_describing_json.SelfDescribingJson object at 0x000001E0875F0A00>]}
[0m03:27:03.854056 [error] [MainThread]: [[31mERROR[0m]: Encountered an error:

[0m03:27:03.869540 [error] [MainThread]: Traceback (most recent call last):
  File "C:\PythonEnv\PythonSoftware\3.10.13\lib\site-packages\dbt\cli\requires.py", line 198, in wrapper
    result, success = func(*args, **kwargs)
  File "C:\PythonEnv\PythonSoftware\3.10.13\lib\site-packages\dbt\cli\requires.py", line 144, in wrapper
    return func(*args, **kwargs)
  File "C:\PythonEnv\PythonSoftware\3.10.13\lib\site-packages\dbt\cli\requires.py", line 295, in wrapper
    return func(*args, **kwargs)
  File "C:\PythonEnv\PythonSoftware\3.10.13\lib\site-packages\dbt\cli\requires.py", line 340, in wrapper
    return func(*args, **kwargs)
  File "C:\PythonEnv\PythonSoftware\3.10.13\lib\site-packages\dbt\cli\requires.py", line 387, in wrapper
    return func(*args, **kwargs)
  File "C:\PythonEnv\PythonSoftware\3.10.13\lib\site-packages\dbt\cli\main.py", line 323, in docs_serve
    results = task.run()
  File "C:\PythonEnv\PythonSoftware\3.10.13\lib\site-packages\dbt\task\docs\serve.py", line 29, in run
    httpd.serve_forever()
  File "C:\PythonEnv\PythonSoftware\3.10.13\lib\socketserver.py", line 232, in serve_forever
    ready = selector.select(poll_interval)
  File "C:\PythonEnv\PythonSoftware\3.10.13\lib\selectors.py", line 324, in select
    r, w, _ = self._select(self._readers, self._writers, [], timeout)
  File "C:\PythonEnv\PythonSoftware\3.10.13\lib\selectors.py", line 315, in _select
    r, w, x = select.select(r, w, w, timeout)
KeyboardInterrupt

[0m03:27:03.872554 [debug] [MainThread]: Command `dbt docs serve` failed at 03:27:03.872150 after 79.71 seconds
[0m03:27:03.874090 [debug] [MainThread]: Sending event: {'category': 'dbt', 'action': 'invocation', 'label': 'end', 'context': [<snowplow_tracker.self_describing_json.SelfDescribingJson object at 0x000001E08977B580>, <snowplow_tracker.self_describing_json.SelfDescribingJson object at 0x000001E08C7AB850>, <snowplow_tracker.self_describing_json.SelfDescribingJson object at 0x000001E08C7ABDF0>]}
[0m03:27:03.875090 [debug] [MainThread]: Flushing usage events
[0m03:27:04.942342 [debug] [MainThread]: An error was encountered while trying to flush usage events
[0m03:29:24.132274 [debug] [MainThread]: Sending event: {'category': 'dbt', 'action': 'invocation', 'label': 'start', 'context': [<snowplow_tracker.self_describing_json.SelfDescribingJson object at 0x000002A5C59BB610>, <snowplow_tracker.self_describing_json.SelfDescribingJson object at 0x000002A5C71C7580>, <snowplow_tracker.self_describing_json.SelfDescribingJson object at 0x000002A5C71C73A0>]}


============================== 03:29:24.141572 | 5a0cd533-e0d6-4405-ad64-ae46588eb3ae ==============================
[0m03:29:24.141572 [info ] [MainThread]: Running with dbt=1.12.3
[0m03:29:24.143580 [debug] [MainThread]: running dbt with arguments {'maximum_seed_size_mib': '1', 'no_print': 'None', 'static_parser': 'True', 'warn_error_options': 'WarnErrorOptionsV2(error=[], warn=[], silence=[])', 'target_path': 'None', 'version_check': 'True', 'printer_width': '80', 'write_json': 'True', 'empty': 'None', 'log_cache_events': 'False', 'introspect': 'True', 'cache_selected_only': 'False', 'fail_fast': 'False', 'debug': 'False', 'log_format': 'default', 'partial_parse': 'True', 'send_anonymous_usage_stats': 'True', 'quiet': 'False', 'warn_error': 'None', 'profiles_dir': 'C:\\Users\\eknmeeu\\.dbt', 'invocation_command': 'dbt parse', 'hints_enabled': 'True', 'use_colors': 'True', 'use_experimental_parser': 'False', 'indirect_selection': 'eager', 'log_path': 'C:\\Users\\eknmeeu\\Downloads\\Py_Neeraj\\DE_P\\dbt\\dbt_crypto\\logs'}
[0m03:29:24.397710 [debug] [MainThread]: Sending event: {'category': 'dbt', 'action': 'project_id', 'label': '5a0cd533-e0d6-4405-ad64-ae46588eb3ae', 'context': [<snowplow_tracker.self_describing_json.SelfDescribingJson object at 0x000002A5C71C4DC0>]}
[0m03:29:24.499288 [debug] [MainThread]: Sending event: {'category': 'dbt', 'action': 'adapter_info', 'label': '5a0cd533-e0d6-4405-ad64-ae46588eb3ae', 'context': [<snowplow_tracker.self_describing_json.SelfDescribingJson object at 0x000002A5C7192830>]}
[0m03:29:24.514987 [info ] [MainThread]: Registered adapter: postgres=1.11.0
[0m03:29:24.880005 [debug] [MainThread]: checksum: 15b6814c27264d0629857aab4d824ec3aa97fd3d23a0ccfc8ec203ae2aba15df, vars: {}, profile: dbt_crypto, target: dev, version: 1.12.3
[0m03:29:25.194458 [debug] [MainThread]: Partial parsing enabled: 0 files deleted, 0 files added, 1 files changed.
[0m03:29:25.196458 [debug] [MainThread]: Partial parsing: updated file: dbt_crypto://models\staging\sources.yml
[0m03:29:26.151254 [debug] [MainThread]: Sending event: {'category': 'dbt', 'action': 'load_project', 'label': '5a0cd533-e0d6-4405-ad64-ae46588eb3ae', 'context': [<snowplow_tracker.self_describing_json.SelfDescribingJson object at 0x000002A5C93FB760>]}
[0m03:29:26.157252 [info ] [MainThread]: Performance info: C:\Users\eknmeeu\Downloads\Py_Neeraj\DE_P\dbt\dbt_crypto\target\perf_info.json
[0m03:29:26.359116 [debug] [MainThread]: Wrote artifact WritableManifest to C:\Users\eknmeeu\Downloads\Py_Neeraj\DE_P\dbt\dbt_crypto\target\manifest.json
[0m03:29:26.365116 [debug] [MainThread]: Wrote artifact SemanticManifest to C:\Users\eknmeeu\Downloads\Py_Neeraj\DE_P\dbt\dbt_crypto\target\semantic_manifest.json
[0m03:29:26.409532 [debug] [MainThread]: Wrote artifact OsiDocument to C:\Users\eknmeeu\Downloads\Py_Neeraj\DE_P\dbt\dbt_crypto\target\osi_document.json
[0m03:29:26.410531 [debug] [MainThread]: Command `dbt parse` succeeded at 03:29:26.410531 after 2.64 seconds
[0m03:29:26.411615 [debug] [MainThread]: Sending event: {'category': 'dbt', 'action': 'invocation', 'label': 'end', 'context': [<snowplow_tracker.self_describing_json.SelfDescribingJson object at 0x000002A5C59BB610>, <snowplow_tracker.self_describing_json.SelfDescribingJson object at 0x000002A5C5D91240>, <snowplow_tracker.self_describing_json.SelfDescribingJson object at 0x000002A5C9132980>]}
[0m03:29:26.412616 [debug] [MainThread]: Flushing usage events
[0m03:29:27.927374 [debug] [MainThread]: An error was encountered while trying to flush usage events
[0m03:29:48.451304 [debug] [MainThread]: Sending event: {'category': 'dbt', 'action': 'invocation', 'label': 'start', 'context': [<snowplow_tracker.self_describing_json.SelfDescribingJson object at 0x000002133C24B610>, <snowplow_tracker.self_describing_json.SelfDescribingJson object at 0x000002133EA80D00>, <snowplow_tracker.self_describing_json.SelfDescribingJson object at 0x000002133EA80B20>]}


============================== 03:29:48.457309 | 2dee15c6-548c-4255-bbdb-1d72015136bf ==============================
[0m03:29:48.457309 [info ] [MainThread]: Running with dbt=1.12.3
[0m03:29:48.459309 [debug] [MainThread]: running dbt with arguments {'version_check': 'True', 'no_print': 'None', 'maximum_seed_size_mib': '1', 'warn_error_options': 'WarnErrorOptionsV2(error=[], warn=[], silence=[])', 'target_path': 'None', 'static_parser': 'True', 'printer_width': '80', 'write_json': 'True', 'empty': 'None', 'log_cache_events': 'False', 'introspect': 'True', 'cache_selected_only': 'False', 'fail_fast': 'False', 'debug': 'False', 'log_format': 'default', 'partial_parse': 'True', 'send_anonymous_usage_stats': 'True', 'quiet': 'False', 'warn_error': 'None', 'profiles_dir': 'C:\\Users\\eknmeeu\\.dbt', 'invocation_command': 'dbt source freshness', 'hints_enabled': 'True', 'indirect_selection': 'eager', 'use_experimental_parser': 'False', 'use_colors': 'True', 'log_path': 'C:\\Users\\eknmeeu\\Downloads\\Py_Neeraj\\DE_P\\dbt\\dbt_crypto\\logs'}
[0m03:29:48.720860 [debug] [MainThread]: Sending event: {'category': 'dbt', 'action': 'project_id', 'label': '2dee15c6-548c-4255-bbdb-1d72015136bf', 'context': [<snowplow_tracker.self_describing_json.SelfDescribingJson object at 0x000002133F03BFD0>]}
[0m03:29:48.832829 [debug] [MainThread]: Sending event: {'category': 'dbt', 'action': 'adapter_info', 'label': '2dee15c6-548c-4255-bbdb-1d72015136bf', 'context': [<snowplow_tracker.self_describing_json.SelfDescribingJson object at 0x000002133D6F2890>]}
[0m03:29:48.832829 [info ] [MainThread]: Registered adapter: postgres=1.11.0
[0m03:29:49.244540 [debug] [MainThread]: checksum: 15b6814c27264d0629857aab4d824ec3aa97fd3d23a0ccfc8ec203ae2aba15df, vars: {}, profile: dbt_crypto, target: dev, version: 1.12.3
[0m03:29:49.545708 [debug] [MainThread]: Partial parsing enabled: 0 files deleted, 0 files added, 0 files changed.
[0m03:29:49.545708 [debug] [MainThread]: Nothing changed, skipping partial parsing.
[0m03:29:49.545708 [debug] [MainThread]: Partial parsing enabled, no changes found, skipping parsing
[0m03:29:49.551730 [debug] [MainThread]: Sending event: {'category': 'dbt', 'action': 'load_project', 'label': '2dee15c6-548c-4255-bbdb-1d72015136bf', 'context': [<snowplow_tracker.self_describing_json.SelfDescribingJson object at 0x0000021340775B40>]}
[0m03:29:49.815131 [debug] [MainThread]: Wrote artifact WritableManifest to C:\Users\eknmeeu\Downloads\Py_Neeraj\DE_P\dbt\dbt_crypto\target\manifest.json
[0m03:29:49.816788 [debug] [MainThread]: Wrote artifact SemanticManifest to C:\Users\eknmeeu\Downloads\Py_Neeraj\DE_P\dbt\dbt_crypto\target\semantic_manifest.json
[0m03:29:49.862401 [debug] [MainThread]: Wrote artifact OsiDocument to C:\Users\eknmeeu\Downloads\Py_Neeraj\DE_P\dbt\dbt_crypto\target\osi_document.json
[0m03:29:49.895432 [debug] [MainThread]: Sending event: {'category': 'dbt', 'action': 'resource_counts', 'label': '2dee15c6-548c-4255-bbdb-1d72015136bf', 'context': [<snowplow_tracker.self_describing_json.SelfDescribingJson object at 0x00000213406EDB40>]}
[0m03:29:49.895432 [info ] [MainThread]: Found 3 models, 29 data tests, 1 source, 477 macros
[0m03:29:49.898128 [debug] [MainThread]: Sending event: {'category': 'dbt', 'action': 'runnable_timing', 'label': '2dee15c6-548c-4255-bbdb-1d72015136bf', 'context': [<snowplow_tracker.self_describing_json.SelfDescribingJson object at 0x00000213406EC580>]}
[0m03:29:49.898128 [info ] [MainThread]: 
[0m03:29:49.898128 [info ] [MainThread]: Concurrency: 4 threads (target='dev')
[0m03:29:49.898128 [info ] [MainThread]: 
[0m03:29:49.898128 [debug] [MainThread]: Acquiring new postgres connection 'master'
[0m03:29:49.909987 [debug] [ThreadPool]: Acquiring new postgres connection 'list_neondb_analytics'
[0m03:29:50.197749 [debug] [ThreadPool]: Using postgres connection "list_neondb_analytics"
[0m03:29:50.198751 [debug] [ThreadPool]: On list_neondb_analytics: /* {"app": "dbt", "dbt_version": "1.12.3", "profile_name": "dbt_crypto", "target_name": "dev", "connection_name": "list_neondb_analytics"} */
select
      'neondb' as database,
      tablename as name,
      schemaname as schema,
      'table' as type
    from pg_tables
    where schemaname ilike 'analytics'
    union all
    select
      'neondb' as database,
      viewname as name,
      schemaname as schema,
      'view' as type
    from pg_views
    where schemaname ilike 'analytics'
    union all
    select
      'neondb' as database,
      matviewname as name,
      schemaname as schema,
      'materialized_view' as type
    from pg_matviews
    where schemaname ilike 'analytics'
    union all
    select distinct
     'neondb' as database,
     proname as name,
     ns.nspname as schema,
     'function' as type
    from pg_proc
     join pg_namespace as ns on pronamespace = ns.oid
    where ns.nspname ilike 'analytics'
  
[0m03:29:50.199750 [debug] [ThreadPool]: Opening a new connection, currently in state init
[0m03:29:52.936507 [debug] [ThreadPool]: SQL status: SELECT 3 in 2.737 seconds
[0m03:29:52.938512 [debug] [ThreadPool]: On list_neondb_analytics: ROLLBACK
[0m03:29:53.197208 [debug] [ThreadPool]: On list_neondb_analytics: Close
[0m03:29:53.197208 [debug] [MainThread]: Using postgres connection "master"
[0m03:29:53.197208 [debug] [MainThread]: On master: /* {"app": "dbt", "dbt_version": "1.12.3", "profile_name": "dbt_crypto", "target_name": "dev", "connection_name": "master"} */
select distinct
        dependent_namespace.nspname as dependent_schema,
        dependent_class.relname as dependent_name,
        referenced_namespace.nspname as referenced_schema,
        referenced_class.relname as referenced_name

    -- Query for views: views are entries in pg_class with an entry in pg_rewrite, but we avoid
    -- a seq scan on pg_rewrite by leveraging the fact there is an "internal" row in pg_depend for
    -- the view...
    from pg_class as dependent_class
    join pg_namespace as dependent_namespace on dependent_namespace.oid = dependent_class.relnamespace
    join pg_depend as dependent_depend on dependent_depend.refobjid = dependent_class.oid
        and dependent_depend.classid = 'pg_rewrite'::regclass
        and dependent_depend.refclassid = 'pg_class'::regclass
        and dependent_depend.deptype = 'i'

    -- ... and via pg_depend (that has a row per column, hence the need for "distinct" above, and
    -- making sure to exclude the internal row to avoid a view appearing to depend on itself)...
    join pg_depend as joining_depend on joining_depend.objid = dependent_depend.objid
        and joining_depend.classid = 'pg_rewrite'::regclass
        and joining_depend.refclassid = 'pg_class'::regclass
        and joining_depend.refobjid != dependent_depend.refobjid

    -- ... we can find the tables they query from in pg_class, but excluding system tables. Note we
    -- don't need need to exclude _dependent_ system tables, because they only query from other
    -- system tables, and so are automatically excluded by excluding _referenced_ system tables
    join pg_class as referenced_class on referenced_class.oid = joining_depend.refobjid
    join pg_namespace as referenced_namespace on referenced_namespace.oid = referenced_class.relnamespace
        and referenced_namespace.nspname != 'information_schema'
        and referenced_namespace.nspname not like 'pg\_%'

    order by
        dependent_schema, dependent_name, referenced_schema, referenced_name;
[0m03:29:53.197208 [debug] [MainThread]: Opening a new connection, currently in state init
[0m03:29:55.215339 [debug] [MainThread]: SQL status: SELECT 3 in 2.017 seconds
[0m03:29:55.215339 [debug] [MainThread]: Sending event: {'category': 'dbt', 'action': 'runnable_timing', 'label': '2dee15c6-548c-4255-bbdb-1d72015136bf', 'context': [<snowplow_tracker.self_describing_json.SelfDescribingJson object at 0x000002133E9D4E50>]}
[0m03:29:55.215339 [debug] [MainThread]: On master: ROLLBACK
[0m03:29:55.465526 [debug] [MainThread]: On master: COMMIT
[0m03:29:55.480449 [debug] [MainThread]: Using postgres connection "master"
[0m03:29:55.480449 [debug] [MainThread]: On master: COMMIT
[0m03:29:55.972566 [debug] [MainThread]: SQL status: COMMIT in 0.491 seconds
[0m03:29:55.973590 [debug] [MainThread]: On master: Close
[0m03:29:55.984286 [debug] [Thread-1 (]: Began running node source.dbt_crypto.crypto.clean_events
[0m03:29:55.985281 [info ] [Thread-1 (]: 1 of 1 START freshness of crypto.clean_events .................................. [RUN]
[0m03:29:55.987302 [debug] [Thread-1 (]: Acquiring new postgres connection 'source.dbt_crypto.crypto.clean_events'
[0m03:29:55.988281 [debug] [Thread-1 (]: Began compiling node source.dbt_crypto.crypto.clean_events
[0m03:29:55.989037 [debug] [Thread-1 (]: Began executing node source.dbt_crypto.crypto.clean_events
[0m03:29:55.990095 [debug] [Thread-1 (]: On source.dbt_crypto.crypto.clean_events: COMMIT
[0m03:29:55.991093 [debug] [Thread-1 (]: Using postgres connection "source.dbt_crypto.crypto.clean_events"
[0m03:29:55.992089 [debug] [Thread-1 (]: On source.dbt_crypto.crypto.clean_events: COMMIT
[0m03:29:55.992089 [debug] [Thread-1 (]: Opening a new connection, currently in state init
[0m03:29:58.377285 [debug] [Thread-1 (]: SQL status: COMMIT in 2.385 seconds
[0m03:29:58.377285 [debug] [Thread-1 (]: Using postgres connection "source.dbt_crypto.crypto.clean_events"
[0m03:29:58.377285 [debug] [Thread-1 (]: On source.dbt_crypto.crypto.clean_events: /* {"app": "dbt", "dbt_version": "1.12.3", "profile_name": "dbt_crypto", "target_name": "dev", "node_id": "source.dbt_crypto.crypto.clean_events"} */
select
      max(ingested_at) as max_loaded_at,
      now() as snapshotted_at
    from "neondb"."public"."clean_events"
    
  
[0m03:29:58.678580 [debug] [Thread-1 (]: SQL status: SELECT 1 in 0.293 seconds
[0m03:29:58.693741 [debug] [Thread-1 (]: On source.dbt_crypto.crypto.clean_events: Close
[0m03:29:58.693741 [error] [Thread-1 (]: 1 of 1 ERROR STALE freshness of crypto.clean_events ............................ [[31mERROR STALE[0m in 2.71s]
[0m03:29:58.693741 [debug] [Thread-1 (]: Finished running node source.dbt_crypto.crypto.clean_events
[0m03:29:58.693741 [debug] [Thread-7 (]: Marking all children of 'source.dbt_crypto.crypto.clean_events' to be skipped because of status 'error'. 
[0m03:29:58.693741 [debug] [MainThread]: On master: COMMIT
[0m03:29:58.693741 [debug] [MainThread]: Using postgres connection "master"
[0m03:29:58.693741 [debug] [MainThread]: On master: COMMIT
[0m03:29:58.693741 [debug] [MainThread]: Opening a new connection, currently in state closed
[0m03:30:00.721034 [debug] [MainThread]: SQL status: COMMIT in 2.015 seconds
[0m03:30:00.721034 [debug] [MainThread]: On master: Close
[0m03:30:00.722790 [debug] [MainThread]: Connection 'master' was properly closed.
[0m03:30:00.724798 [debug] [MainThread]: Connection 'list_neondb_analytics' was properly closed.
[0m03:30:00.724798 [debug] [MainThread]: Connection 'source.dbt_crypto.crypto.clean_events' was properly closed.
[0m03:30:00.724798 [info ] [MainThread]: 
[0m03:30:00.724798 [info ] [MainThread]: Finished running 1 source in 0 hours 0 minutes and 10.83 seconds (10.83s).
[0m03:30:00.769927 [debug] [MainThread]: Wrote artifact WritableManifest to C:\Users\eknmeeu\Downloads\Py_Neeraj\DE_P\dbt\dbt_crypto\target\manifest.json
[0m03:30:00.775519 [debug] [MainThread]: Wrote artifact SemanticManifest to C:\Users\eknmeeu\Downloads\Py_Neeraj\DE_P\dbt\dbt_crypto\target\semantic_manifest.json
[0m03:30:00.782592 [debug] [MainThread]: Wrote artifact OsiDocument to C:\Users\eknmeeu\Downloads\Py_Neeraj\DE_P\dbt\dbt_crypto\target\osi_document.json
[0m03:30:00.791596 [debug] [MainThread]: Wrote artifact FreshnessResult to C:\Users\eknmeeu\Downloads\Py_Neeraj\DE_P\dbt\dbt_crypto\target\sources.json
[0m03:30:00.792592 [info ] [MainThread]: 
[0m03:30:00.793591 [error] [MainThread]: [[31mERROR[0m]: in source clean_events (models\staging\sources.yml)
[0m03:30:00.794592 [error] [MainThread]:   Status: error
[0m03:30:00.795591 [info ] [MainThread]: Done.
[0m03:30:00.797594 [debug] [MainThread]: Command `dbt source freshness` failed at 03:30:00.796592 after 12.75 seconds
[0m03:30:00.798602 [debug] [MainThread]: Sending event: {'category': 'dbt', 'action': 'invocation', 'label': 'end', 'context': [<snowplow_tracker.self_describing_json.SelfDescribingJson object at 0x000002133C24B610>, <snowplow_tracker.self_describing_json.SelfDescribingJson object at 0x000002133D6F2890>, <snowplow_tracker.self_describing_json.SelfDescribingJson object at 0x000002133DD4EDD0>]}
[0m03:30:00.798602 [debug] [MainThread]: Flushing usage events
[0m03:30:01.805356 [debug] [MainThread]: An error was encountered while trying to flush usage events
